#pragma once

#include <stdint.h>

const int SYNAPTICON_WIDTH = 220;
const int SYNAPTICON_HEIGHT = 220;

const uint16_t synapticon_data[] = {
0xE009, 0xE009, 0xE009, 0xE009, 0xE009, 0xE009, 0xE009, 0xE009, 0xE009, 0xE009, 0xE009, 0xE009, 0xE009, 0xE009, 0xE009, 0xE009, 
0xE009, 0xE009, 0xE009, 0xE009, 0xE009, 0xE009, 0xE009, 0xE009, 0xE009, 0xE009, 0xE009, 0xE009, 0xE009, 0xE009, 0xE009, 0xE009, 
0xE009, 0xE009, 0xE009, 0xE009, 0xE009, 0xE009, 0xE009, 0xE009, 0xE009, 0xE009, 0xE009, 0xE009, 0xE009, 0xE009, 0xE009, 0xE009, 
0xE009, 0xE009, 0xE009, 0xE009, 0xE009, 0xE009, 0xE009, 0xE009, 0xE009, 0xE009, 0xE009, 0xE009, 0xE009, 0xE009, 0xE009, 0xE009, 
0xE009, 0xE009, 0xE009, 0xE009, 0xE009, 0xE009, 0xE009, 0xE009, 0xE009, 0xE009, 0xE009, 0xE009, 0xE009, 0xE009, 0xE009, 0xE009, 
0xE009, 0xE009, 0xE009, 0xE009, 0xE009, 0xE009, 0xE009, 0xE009, 0xE009, 0xE009, 0xE009, 0xE009, 0xE009, 0xE009, 0xE009, 0xE009, 
0xE009, 0xE009, 0xE009, 0xE009, 0xE009, 0xE009, 0xE009, 0xE009, 0xE009, 0xE009, 0xE009, 0xE009, 0xE009, 0xE009, 0xE009, 0xE009, 
0xE009, 0xE009, 0xE009, 0xE009, 0xE009, 0xE009, 0xE009, 0xE009, 0xE009, 0xE009, 0xE009, 0xE009, 0xE009, 0xE009, 0xE009, 0xE009, 
0xE009, 0xE009, 0xE009, 0xE009, 0xE009, 0xE009, 0xE009, 0xE009, 0xE009, 0xE009, 0xE009, 0xE009, 0xE009, 0xE009, 0xE009, 0xE009, 
0xE009, 0xE009, 0xE009, 0xE009, 0xE009, 0xE009, 0xE009, 0xE009, 0xE009, 0xE009, 0xE009, 0xE009, 0xE009, 0xE009, 0xE009, 0xE009, 
0xE009, 0xE009, 0xE009, 0xE009, 0xE009, 0xE009, 0xE009, 0xE009, 0xE009, 0xE009, 0xE009, 0xE009, 0xE009, 0xE009, 0xE009, 0xE009, 
0xE009, 0xE009, 0xE009, 0xE009, 0xE009, 0xE009, 0xE009, 0xE009, 0xE009, 0xE009, 0xE009, 0xE009, 0xE009, 0xE009, 0xE009, 0xE009, 
0xE009, 0xE009, 0xE009, 0xE009, 0xE009, 0xE009, 0xE009, 0xE009, 0xE009, 0xE009, 0xE009, 0xE009, 0xE009, 0xE009, 0xE009, 0xE009, 
0xE009, 0xE009, 0xE009, 0xE009, 0xE009, 0xE009, 0xE009, 0xE009, 0xE009, 0xE009, 0xE009, 0xE009, 0xE009, 0xE009, 0xE009, 0xE009, 
0xE009, 0xE009, 0xE009, 0xE009, 0xE009, 0xE009, 0xE009, 0xE009, 0xE009, 0xE009, 0xE009, 0xE009, 0xE009, 0xE009, 0xE009, 0xE009, 
0xE009, 0xE009, 0xE009, 0xE009, 0xE009, 0xE009, 0xE009, 0xE009, 0xE009, 0xE009, 0xE009, 0xE009, 0xE009, 0xE009, 0xE009, 0xE009, 
0xE009, 0xE009, 0xE009, 0xE009, 0xE009, 0xE009, 0xE009, 0xE009, 0xE009, 0xE009, 0xE009, 0xE009, 0xE009, 0xE009, 0xE009, 0xE009, 
0xE009, 0xE009, 0xE009, 0xE009, 0xE009, 0xE009, 0xE009, 0xE009, 0xE009, 0xE009, 0xE009, 0xE009, 0xE009, 0xE009, 0xE009, 0xE009, 
0xE009, 0xE009, 0xE009, 0xE009, 0xE009, 0xE009, 0xE009, 0xE009, 0xE009, 0xE009, 0xE009, 0xE009, 0xE009, 0xE009, 0xE009, 0xE009, 
0xE009, 0xE009, 0xE009, 0xE009, 0xE009, 0xE009, 0xE009, 0xE009, 0xE009, 0xE009, 0xE009, 0xE009, 0xE009, 0xE009, 0xE009, 0xE009, 
0xE009, 0xE009, 0xE009, 0xE009, 0xE009, 0xE009, 0xE009, 0xE009, 0xE009, 0xE009, 0xE009, 0xE009, 0xE009, 0xE009, 0xE009, 0xE009, 
0xE009, 0xE009, 0xE009, 0xE009, 0xE009, 0xE009, 0xE009, 0xE009, 0xE009, 0xE009, 0xE009, 0xE009, 0xE009, 0xE009, 0xE009, 0xE009, 
0xE009, 0xE009, 0xE009, 0xE009, 0xE009, 0xE009, 0xE009, 0xE009, 0xE009, 0xE009, 0xE009, 0xE009, 0xE009, 0xE009, 0xE009, 0xE009, 
0xE009, 0xE009, 0xE009, 0xE009, 0xE009, 0xE009, 0xE009, 0xE009, 0xE009, 0xE009, 0xE009, 0xE009, 0xE009, 0xE009, 0xE009, 0xE009, 
0xE009, 0xE009, 0xE009, 0xE009, 0xE009, 0xE009, 0xE009, 0xE009, 0xE009, 0xE009, 0xE009, 0xE009, 0xE009, 0xE009, 0xE009, 0xE009, 
0xE009, 0xE009, 0xE009, 0xE009, 0xE009, 0xE009, 0xE009, 0xE009, 0xE009, 0xE009, 0xE009, 0xE009, 0xE009, 0xE009, 0xE009, 0xE009, 
0xE009, 0xE009, 0xE009, 0xE009, 0xE009, 0xE009, 0xE009, 0xE009, 0xE009, 0xE009, 0xE009, 0xE009, 0xE009, 0xE009, 0xE009, 0xE009, 
0xE009, 0xE009, 0xE009, 0xE009, 0xE009, 0xE009, 0xE009, 0xE009, 0xE009, 0xE009, 0xE009, 0xE009, 0xE009, 0xE009, 0xE009, 0xE009, 
0xE009, 0xE009, 0xE009, 0xE009, 0xE009, 0xE009, 0xE009, 0xE009, 0xE009, 0xE009, 0xE009, 0xE009, 0xE009, 0xE009, 0xE009, 0xE009, 
0xE009, 0xE009, 0xE009, 0xE009, 0xE009, 0xE009, 0xE009, 0xE009, 0xE009, 0xE009, 0xE009, 0xE009, 0xE009, 0xE009, 0xE009, 0xE009, 
0xE009, 0xE009, 0xE009, 0xE009, 0xE009, 0xE009, 0xE009, 0xE009, 0xE009, 0xE009, 0xE009, 0xE009, 0xE009, 0xE009, 0xE009, 0xE009, 
0xE009, 0xE009, 0xE009, 0xE009, 0xE009, 0xE009, 0xE009, 0xE009, 0xE009, 0xE009, 0xE009, 0xE009, 0xE009, 0xE009, 0xE009, 0xE009, 
0xE009, 0xE009, 0xE009, 0xE009, 0xE009, 0xE009, 0xE009, 0xE009, 0xE009, 0xE009, 0xE009, 0xE009, 0xE009, 0xE009, 0xE009, 0xE009, 
0xE009, 0xE009, 0xE009, 0xE009, 0xE009, 0xE009, 0xE009, 0xE009, 0xE009, 0xE009, 0xE009, 0xE009, 0xE009, 0xE009, 0xE009, 0xE009, 
0xE009, 0xE009, 0xE009, 0xE009, 0xE009, 0xE009, 0xE009, 0xE009, 0xE009, 0xE009, 0xE009, 0xE009, 0xE009, 0xE009, 0xE009, 0xE009, 
0xE009, 0xE009, 0xE009, 0xE009, 0xE009, 0xE009, 0xE009, 0xE009, 0xE009, 0xE009, 0xE009, 0xE009, 0xE009, 0xE009, 0xE009, 0xE009, 
0xE009, 0xE009, 0xE009, 0xE009, 0xE009, 0xE009, 0xE009, 0xE009, 0xE009, 0xE009, 0xE009, 0xE009, 0xE009, 0xE009, 0xE009, 0xE009, 
0xE009, 0xE009, 0xE009, 0xE009, 0xE009, 0xE009, 0xE009, 0xE009, 0xE009, 0xE009, 0xE009, 0xE009, 0xE009, 0xE009, 0xE009, 0xE009, 
0xE009, 0xE009, 0xE009, 0xE009, 0xE009, 0xE009, 0xE009, 0xE009, 0xE009, 0xE009, 0xE009, 0xE009, 0xE009, 0xE009, 0xE009, 0xE009, 
0xE009, 0xE009, 0xE009, 0xE009, 0xE009, 0xE009, 0xE009, 0xE009, 0xE009, 0xE009, 0xE009, 0xE009, 0xE009, 0xE009, 0xE009, 0xE009, 
0xE009, 0xE009, 0xE009, 0xE009, 0xE009, 0xE009, 0xE009, 0xE009, 0xE009, 0xE009, 0xE009, 0xE009, 0xE009, 0xE009, 0xE009, 0xE009, 
0xE009, 0xE009, 0xE009, 0xE009, 0xE009, 0xE009, 0xE009, 0xE009, 0xE009, 0xE009, 0xE009, 0xE009, 0xE009, 0xE009, 0xE009, 0xE009, 
0xE009, 0xE009, 0xE009, 0xE009, 0xE009, 0xE009, 0xE009, 0xE009, 0xE009, 0xE009, 0xE009, 0xE009, 0xE009, 0xE009, 0xE009, 0xE009, 
0xE009, 0xE009, 0xE009, 0xE009, 0xE009, 0xE009, 0xE009, 0xE009, 0xE009, 0xE009, 0xE009, 0xE009, 0xE009, 0xE009, 0xE009, 0xE009, 
0xE009, 0xE009, 0xE009, 0xE009, 0xE009, 0xE009, 0xE009, 0xE009, 0xE009, 0xE009, 0xE009, 0xE009, 0xE009, 0xE009, 0xE009, 0xE009, 
0xE009, 0xE009, 0xE009, 0xE009, 0xE009, 0xE009, 0xE009, 0xE009, 0xE009, 0xE009, 0xE009, 0xE009, 0xE009, 0xE009, 0xE009, 0xE009, 
0xE009, 0xE009, 0xE009, 0xE009, 0xE009, 0xE009, 0xE009, 0xE009, 0xE009, 0xE009, 0xE009, 0xE009, 0xE009, 0xE009, 0xE009, 0xE009, 
0xE009, 0xE009, 0xE009, 0xE009, 0xE009, 0xE009, 0xE009, 0xE009, 0xE009, 0xE009, 0xE009, 0xE009, 0xE009, 0xE009, 0xE009, 0xE009, 
0xE009, 0xE009, 0xE009, 0xE009, 0xE009, 0xE009, 0xE009, 0xE009, 0xE009, 0xE009, 0xE009, 0xE009, 0xE009, 0xE009, 0xE009, 0xE009, 
0xE009, 0xE009, 0xE009, 0xE009, 0xE009, 0xE009, 0xE009, 0xE009, 0xE009, 0xE009, 0xE009, 0xE009, 0xE009, 0xE009, 0xE009, 0xE009, 
0xE009, 0xE009, 0xE009, 0xE009, 0xE009, 0xE009, 0xE009, 0xE009, 0xE009, 0xE009, 0xE009, 0xE009, 0xE009, 0xE009, 0xE009, 0xE009, 
0xE009, 0xE009, 0xE009, 0xE009, 0xE009, 0xE009, 0xE009, 0xE009, 0xE009, 0xE009, 0xE009, 0xE009, 0xE009, 0xE009, 0xE009, 0xE009, 
0xE009, 0xE009, 0xE009, 0xE009, 0xE009, 0xE009, 0xE009, 0xE009, 0xE009, 0xE009, 0xE009, 0xE009, 0xE009, 0xE009, 0xE009, 0xE009, 
0xE009, 0xE009, 0xE009, 0xE009, 0xE009, 0xE009, 0xE009, 0xE009, 0xE009, 0xE009, 0xE009, 0xE009, 0xE009, 0xE009, 0xE009, 0xE009, 
0xE009, 0xE009, 0xE009, 0xE009, 0xE009, 0xE009, 0xE009, 0xE009, 0xE009, 0xE009, 0xE009, 0xE009, 0xE009, 0xE009, 0xE009, 0xE009, 
0xE009, 0xE009, 0xE009, 0xE009, 0xE009, 0xE009, 0xE009, 0xE009, 0xE009, 0xE009, 0xE009, 0xE009, 0xE009, 0xE009, 0xE009, 0xE009, 
0xE009, 0xE009, 0xE009, 0xE009, 0xE009, 0xE009, 0xE009, 0xE009, 0xE009, 0xE009, 0xE009, 0xE009, 0xE009, 0xE009, 0xE009, 0xE009, 
0xE009, 0xE009, 0xE009, 0xE009, 0xE009, 0xE009, 0xE009, 0xE009, 0xE009, 0xE009, 0xE009, 0xE009, 0xE009, 0xE009, 0xE009, 0xE009, 
0xE009, 0xE009, 0xE009, 0xE009, 0xE009, 0xE009, 0xE009, 0xE009, 0xE009, 0xE009, 0xE009, 0xE009, 0xE009, 0xE009, 0xE009, 0xE009, 
0xE009, 0xE009, 0xE009, 0xE009, 0xE009, 0xE009, 0xE009, 0xE009, 0xE009, 0xE009, 0xE009, 0xE009, 0xE009, 0xE009, 0xE009, 0xE009, 
0xE009, 0xE009, 0xE009, 0xE009, 0xE009, 0xE009, 0xE009, 0xE009, 0xE009, 0xE009, 0xE009, 0xE009, 0xE009, 0xE009, 0xE009, 0xE009, 
0xE009, 0xE009, 0xE009, 0xE009, 0xE009, 0xE009, 0xE009, 0xE009, 0xE009, 0xE009, 0xE009, 0xE009, 0xE009, 0xE009, 0xE009, 0xE009, 
0xE009, 0xE009, 0xE009, 0xE009, 0xE009, 0xE009, 0xE009, 0xE009, 0xE009, 0xE009, 0xE009, 0xE009, 0xE009, 0xE009, 0xE009, 0xE009, 
0xE009, 0xE009, 0xE009, 0xE009, 0xE009, 0xE009, 0xE009, 0xE009, 0xE009, 0xE009, 0xE009, 0xE009, 0xE009, 0xE009, 0xE009, 0xE009, 
0xE009, 0xE009, 0xE009, 0xE009, 0xE009, 0xE009, 0xE009, 0xE009, 0xE009, 0xE009, 0xE009, 0xE009, 0xE009, 0xE009, 0xE009, 0xE009, 
0xE009, 0xE009, 0xE009, 0xE009, 0xE009, 0xE009, 0xE009, 0xE009, 0xE009, 0xE009, 0xE009, 0xE009, 0xE009, 0xE009, 0xE009, 0xE009, 
0xE009, 0xE009, 0xE009, 0xE009, 0xE009, 0xE009, 0xE009, 0xE009, 0xE009, 0xE009, 0xE009, 0xE009, 0xE009, 0xE009, 0xE009, 0xE009, 
0xE009, 0xE009, 0xE009, 0xE009, 0xE009, 0xE009, 0xE009, 0xE009, 0xE009, 0xE009, 0xE009, 0xE009, 0xE009, 0xE009, 0xE009, 0xE009, 
0xE009, 0xE009, 0xE009, 0xE009, 0xE009, 0xE009, 0xE009, 0xE009, 0xE009, 0xE009, 0xE009, 0xE009, 0xE009, 0xE009, 0xE009, 0xE009, 
0xE009, 0xE009, 0xE009, 0xE009, 0xE009, 0xE009, 0xE009, 0xE009, 0xE009, 0xE009, 0xE009, 0xE009, 0xE009, 0xE009, 0xE009, 0xE009, 
0xE009, 0xE009, 0xE009, 0xE009, 0xE009, 0xE009, 0xE009, 0xE009, 0xE009, 0xE009, 0xE009, 0xE009, 0xE009, 0xE009, 0xE009, 0xE009, 
0xE009, 0xE009, 0xE009, 0xE009, 0xE009, 0xE009, 0xE009, 0xE009, 0xE009, 0xE009, 0xE009, 0xE009, 0xE009, 0xE009, 0xE009, 0xE009, 
0xE009, 0xE009, 0xE009, 0xE009, 0xE009, 0xE009, 0xE009, 0xE009, 0xE009, 0xE009, 0xE009, 0xE009, 0xE009, 0xE009, 0xE009, 0xE009, 
0xE009, 0xE009, 0xE009, 0xE009, 0xE009, 0xE009, 0xE009, 0xE009, 0xE009, 0xE009, 0xE009, 0xE009, 0xE009, 0xE009, 0xE009, 0xE009, 
0xE009, 0xE009, 0xE009, 0xE009, 0xE009, 0xE009, 0xE009, 0xE009, 0xE009, 0xE009, 0xE009, 0xE009, 0xE009, 0xE009, 0xE009, 0xE009, 
0xE009, 0xE009, 0xE009, 0xE009, 0xE009, 0xE009, 0xE009, 0xE009, 0xE009, 0xE009, 0xE009, 0xE009, 0xE009, 0xE009, 0xE009, 0xE009, 
0xE009, 0xE009, 0xE009, 0xE009, 0xE009, 0xE009, 0xE009, 0xE009, 0xE009, 0xE009, 0xE009, 0xE009, 0xE009, 0xE009, 0xE009, 0xE009, 
0xE009, 0xE009, 0xE009, 0xE009, 0xE009, 0xE009, 0xE009, 0xE009, 0xE009, 0xE009, 0xE009, 0xE009, 0xE009, 0xE009, 0xE009, 0xE009, 
0xE009, 0xE009, 0xE009, 0xE009, 0xE009, 0xE009, 0xE009, 0xE009, 0xE009, 0xE009, 0xE009, 0xE009, 0xE009, 0xE009, 0xE009, 0xE009, 
0xE009, 0xE009, 0xE009, 0xE009, 0xE009, 0xE009, 0xE009, 0xE009, 0xE009, 0xE009, 0xE009, 0xE009, 0xE009, 0xE009, 0xE009, 0xE009, 
0xE009, 0xE009, 0xE009, 0xE009, 0xE009, 0xE009, 0xE009, 0xE009, 0xE009, 0xE009, 0xE009, 0xE009, 0xE009, 0xE009, 0xE009, 0xE009, 
0xE009, 0xE009, 0xE009, 0xE009, 0xE009, 0xE009, 0xE009, 0xE009, 0xE009, 0xE009, 0xE009, 0xE009, 0xE009, 0xE009, 0xE009, 0xE009, 
0xE009, 0xE009, 0xE009, 0xE009, 0xE009, 0xE009, 0xE009, 0xE009, 0xE009, 0xE009, 0xE009, 0xE009, 0xE009, 0xE009, 0xE009, 0xE009, 
0xE009, 0xE009, 0xE009, 0xE009, 0xE009, 0xE009, 0xE009, 0xE009, 0xE009, 0xE009, 0xE009, 0xE009, 0xE009, 0xE009, 0xE009, 0xE009, 
0xE009, 0xE009, 0xE009, 0xE009, 0xE009, 0xE009, 0xE009, 0xE009, 0xE009, 0xE009, 0xE009, 0xE009, 0xE009, 0xE009, 0xE009, 0xE009, 
0xE009, 0xE009, 0xE009, 0xE009, 0xE009, 0xE009, 0xE009, 0xE009, 0xE009, 0xE009, 0xE009, 0xE009, 0xE009, 0xE009, 0xE009, 0xE009, 
0xE009, 0xE009, 0xE009, 0xE009, 0xE009, 0xE009, 0xE009, 0xE009, 0xE009, 0xE009, 0xE009, 0xE009, 0xE009, 0xE009, 0xE009, 0xE009, 
0xE009, 0xE009, 0xE009, 0xE009, 0xE009, 0xE009, 0xE009, 0xE009, 0xE009, 0xE009, 0xE009, 0xE009, 0xE009, 0xE009, 0xE009, 0xE009, 
0xE009, 0xE009, 0xE009, 0xE009, 0xE009, 0xE009, 0xE009, 0xE009, 0xE009, 0xE009, 0xE009, 0xE009, 0xE009, 0xE009, 0xE009, 0xE009, 
0xE009, 0xE009, 0xE009, 0xE009, 0xE009, 0xE009, 0xE009, 0xE009, 0xE009, 0xE009, 0xE009, 0xE009, 0xE009, 0xE009, 0xE009, 0xE009, 
0xE009, 0xE009, 0xE009, 0xE009, 0xE009, 0xE009, 0xE009, 0xE009, 0xE009, 0xE009, 0xE009, 0xE009, 0xE009, 0xE009, 0xE009, 0xE009, 
0xE009, 0xE009, 0xE009, 0xE009, 0xE009, 0xE009, 0xE009, 0xE009, 0xE009, 0xE009, 0xE009, 0xE009, 0xE009, 0xE009, 0xE009, 0xE009, 
0xE009, 0xE009, 0xE009, 0xE009, 0xE009, 0xE009, 0xE009, 0xE009, 0xE009, 0xE009, 0xE009, 0xE009, 0xE009, 0xE009, 0xE009, 0xE009, 
0xE009, 0xE009, 0xE009, 0xE009, 0xE009, 0xE009, 0xE009, 0xE009, 0xE009, 0xE009, 0xE009, 0xE009, 0xE009, 0xE009, 0xE009, 0xE009, 
0xE009, 0xE009, 0xE009, 0xE009, 0xE009, 0xE009, 0xE009, 0xE009, 0xE009, 0xE009, 0xE009, 0xE009, 0xE009, 0xE009, 0xE009, 0xE009, 
0xE009, 0xE009, 0xE009, 0xE009, 0xE009, 0xE009, 0xE009, 0xE009, 0xE009, 0xE009, 0xE009, 0xE009, 0xE009, 0xE009, 0xE009, 0xE009, 
0xE009, 0xE009, 0xE009, 0xE009, 0xE009, 0xE009, 0xE009, 0xE009, 0xE009, 0xE009, 0xE009, 0xE009, 0xE009, 0xE009, 0xE009, 0xE009, 
0xE009, 0xE009, 0xE009, 0xE009, 0xE009, 0xE009, 0xE009, 0xE009, 0xE009, 0xE009, 0xE009, 0xE009, 0xE009, 0xE009, 0xE009, 0xE009, 
0xE009, 0xE009, 0xE009, 0xE009, 0xE009, 0xE009, 0xE009, 0xE009, 0xE009, 0xE009, 0xE009, 0xE009, 0xE009, 0xE009, 0xE009, 0xE009, 
0xE009, 0xE009, 0xE009, 0xE009, 0xE009, 0xE009, 0xE009, 0xE009, 0xE009, 0xE009, 0xE009, 0xE009, 0xE009, 0xE009, 0xE009, 0xE009, 
0xE009, 0xE009, 0xE009, 0xE009, 0xE009, 0xE009, 0xE009, 0xE009, 0xE009, 0xE009, 0xE009, 0xE009, 0xE009, 0xE009, 0xE009, 0xE009, 
0xE009, 0xE009, 0xE009, 0xE009, 0xE009, 0xE009, 0xE009, 0xE009, 0xE009, 0xE009, 0xE009, 0xE009, 0xE009, 0xE009, 0xE009, 0xE009, 
0xE009, 0xE009, 0xE009, 0xE009, 0xE009, 0xE009, 0xE009, 0xE009, 0xE009, 0xE009, 0xE009, 0xE009, 0xE009, 0xE009, 0xE009, 0xE009, 
0xE009, 0xE009, 0xE009, 0xE009, 0xE009, 0xE009, 0xE009, 0xE009, 0xE009, 0xE009, 0xE009, 0xE009, 0xE009, 0xE009, 0xE009, 0xE009, 
0xE009, 0xE009, 0xE009, 0xE009, 0xE009, 0xE009, 0xE009, 0xE009, 0xE009, 0xE009, 0xE009, 0xE009, 0xE009, 0xE009, 0xE009, 0xE009, 
0xE009, 0xE009, 0xE009, 0xE009, 0xE009, 0xE009, 0xE009, 0xE009, 0xE009, 0xE009, 0xE009, 0xE009, 0xE009, 0xE009, 0xE009, 0xE009, 
0xE009, 0xE009, 0xE009, 0xE009, 0xE009, 0xE009, 0xE009, 0xE009, 0xE009, 0xE009, 0xE009, 0xE009, 0xE009, 0xE009, 0xE009, 0xE009, 
0xE009, 0xE009, 0xE009, 0xE009, 0xE009, 0xE009, 0xE009, 0xE009, 0xE009, 0xE009, 0xE009, 0xE009, 0xE009, 0xE009, 0xE009, 0xE009, 
0xE009, 0xE009, 0xE009, 0xE009, 0xE009, 0xE009, 0xE009, 0xE009, 0xE009, 0xE009, 0xE009, 0xE009, 0xE009, 0xE009, 0xE009, 0xE009, 
0xE009, 0xE009, 0xE009, 0xE009, 0xE009, 0xE009, 0xE009, 0xE009, 0xE009, 0xE009, 0xE009, 0xE009, 0xE009, 0xE009, 0xE009, 0xE009, 
0xE009, 0xE009, 0xE009, 0xE009, 0xE009, 0xE009, 0xE009, 0xE009, 0xE009, 0xE009, 0xE009, 0xE009, 0xE009, 0xE009, 0xE009, 0xE009, 
0xE009, 0xE009, 0xE009, 0xE009, 0xE009, 0xE009, 0xE009, 0xE009, 0xE009, 0xE009, 0xE009, 0xE009, 0xE009, 0xE009, 0xE009, 0xE009, 
0xE009, 0xE009, 0xE009, 0xE009, 0xE009, 0xE009, 0xE009, 0xE009, 0xE009, 0xE009, 0xE009, 0xE009, 0xE009, 0xE009, 0xE009, 0xE009, 
0xE009, 0xE009, 0xE009, 0xE009, 0xE009, 0xE009, 0xE009, 0xE009, 0xE009, 0xE009, 0xE009, 0xE009, 0xE009, 0xE009, 0xE009, 0xE009, 
0xE009, 0xE009, 0xE009, 0xE009, 0xE009, 0xE009, 0xE009, 0xE009, 0xE009, 0xE009, 0xE009, 0xE009, 0xE009, 0xE009, 0xE009, 0xE009, 
0xE009, 0xE009, 0xE009, 0xE009, 0xE009, 0xE009, 0xE009, 0xE009, 0xE009, 0xE009, 0xE009, 0xE009, 0xE009, 0xE009, 0xE009, 0xE009, 
0xE009, 0xE009, 0xE009, 0xE009, 0xE009, 0xE009, 0xE009, 0xE009, 0xE009, 0xE009, 0xE009, 0xE009, 0xE009, 0xE009, 0xE009, 0xE009, 
0xE009, 0xE009, 0xE009, 0xE009, 0xE009, 0xE009, 0xE009, 0xE009, 0xE009, 0xE009, 0xE009, 0xE009, 0xE009, 0xE009, 0xE009, 0xE009, 
0xE009, 0xE009, 0xE009, 0xE009, 0xE009, 0xE009, 0xE009, 0xE009, 0xE009, 0xE009, 0xE009, 0xE009, 0xE009, 0xE009, 0xE009, 0xE009, 
0xE009, 0xE009, 0xE009, 0xE009, 0xE009, 0xE009, 0xE009, 0xE009, 0xE009, 0xE009, 0xE009, 0xE009, 0xE009, 0xE009, 0xE009, 0xE009, 
0xE009, 0xE009, 0xE009, 0xE009, 0xE009, 0xE009, 0xE009, 0xE009, 0xE009, 0xE009, 0xE009, 0xE009, 0xE009, 0xE009, 0xE009, 0xE009, 
0xE009, 0xE009, 0xE009, 0xE009, 0xE009, 0xE009, 0xE009, 0xE009, 0xE009, 0xE009, 0xE009, 0xE009, 0xE009, 0xE009, 0xE009, 0xE009, 
0xE009, 0xE009, 0xE009, 0xE009, 0xE009, 0xE009, 0xE009, 0xE009, 0xE009, 0xE009, 0xE009, 0xE009, 0xE009, 0xE009, 0xE009, 0xE009, 
0xE009, 0xE009, 0xE009, 0xE009, 0xE009, 0xE009, 0xE009, 0xE009, 0xE009, 0xE009, 0xE009, 0xE009, 0xE009, 0xE009, 0xE009, 0xE009, 
0xE009, 0xE009, 0xE009, 0xE009, 0xE009, 0xE009, 0xE009, 0xE009, 0xE009, 0xE009, 0xE009, 0xE009, 0xE009, 0xE009, 0xE009, 0xE009, 
0xE009, 0xE009, 0xE009, 0xE009, 0xE009, 0xE009, 0xE009, 0xE009, 0xE009, 0xE009, 0xE009, 0xE009, 0xE009, 0xE009, 0xE009, 0xE009, 
0xE009, 0xE009, 0xE009, 0xE009, 0xE009, 0xE009, 0xE009, 0xE009, 0xE009, 0xE009, 0xE009, 0xE009, 0xE009, 0xE009, 0xE009, 0xE009, 
0xE009, 0xE009, 0xE009, 0xE009, 0xE009, 0xE009, 0xE009, 0xE009, 0xE009, 0xE009, 0xE009, 0xE009, 0xE009, 0xE009, 0xE009, 0xE009, 
0xE009, 0xE009, 0xE009, 0xE009, 0xE009, 0xE009, 0xE009, 0xE009, 0xE009, 0xE009, 0xE009, 0xE009, 0xE009, 0xE009, 0xE009, 0xE009, 
0xE009, 0xE009, 0xE009, 0xE009, 0xE009, 0xE009, 0xE009, 0xE009, 0xE009, 0xE009, 0xE009, 0xE009, 0xE009, 0xE009, 0xE009, 0xE009, 
0xE009, 0xE009, 0xE009, 0xE009, 0xE009, 0xE009, 0xE009, 0xE009, 0xE009, 0xE009, 0xE009, 0xE009, 0xE009, 0xE009, 0xE009, 0xE009, 
0xE009, 0xE009, 0xE009, 0xE009, 0xE009, 0xE009, 0xE009, 0xE009, 0xE009, 0xE009, 0xE009, 0xE009, 0xE009, 0xE009, 0xE009, 0xE009, 
0xE009, 0xE009, 0xE009, 0xE009, 0xE009, 0xE009, 0xE009, 0xE009, 0xE009, 0xE009, 0xE009, 0xE009, 0xE009, 0xE009, 0xE009, 0xE009, 
0xE009, 0xE009, 0xE009, 0xE009, 0xE009, 0xE009, 0xE009, 0xE009, 0xE009, 0xE009, 0xE009, 0xE009, 0xE009, 0xE009, 0xE009, 0xE009, 
0xE009, 0xE009, 0xE009, 0xE009, 0xE009, 0xE009, 0xE009, 0xE009, 0xE009, 0xE009, 0xE009, 0xE009, 0xE009, 0xE009, 0xE009, 0xE009, 
0xE009, 0xE009, 0xE009, 0xE009, 0xE009, 0xE009, 0xE009, 0xE009, 0xE009, 0xE009, 0xE009, 0xE009, 0xE009, 0xE009, 0xE009, 0xE009, 
0xE009, 0xE009, 0xE009, 0xE009, 0xE009, 0xE009, 0xE009, 0xE009, 0xE009, 0xE009, 0xE009, 0xE009, 0xE009, 0xE009, 0xE009, 0xE009, 
0xE009, 0xE009, 0xE009, 0xE009, 0xE009, 0xE009, 0xE009, 0xE009, 0xE009, 0xE009, 0xE009, 0xE009, 0xE009, 0xE009, 0xE009, 0xE009, 
0xE009, 0xE009, 0xE009, 0xE009, 0xE009, 0xE009, 0xE009, 0xE009, 0xE009, 0xE009, 0xE009, 0xE009, 0xE009, 0xE009, 0xE009, 0xE009, 
0xE009, 0xE009, 0xE009, 0xE009, 0xE009, 0xE009, 0xE009, 0xE009, 0xE009, 0xE009, 0xE009, 0xE009, 0xE009, 0xE009, 0xE009, 0xE009, 
0xE009, 0xE009, 0xE009, 0xE009, 0xE009, 0xE009, 0xE009, 0xE009, 0xE009, 0xE009, 0xE009, 0xE009, 0xE009, 0xE009, 0xE009, 0xE009, 
0xE009, 0xE009, 0xE009, 0xE009, 0xE009, 0xE009, 0xE009, 0xE009, 0xE009, 0xE009, 0xE009, 0xE009, 0xE009, 0xE009, 0xE009, 0xE009, 
0xE009, 0xE009, 0xE009, 0xE009, 0xE009, 0xE009, 0xE009, 0xE009, 0xE009, 0xE009, 0xE009, 0xE009, 0xE009, 0xE009, 0xE009, 0xE009, 
0xE009, 0xE009, 0xE009, 0xE009, 0xE009, 0xE009, 0xE009, 0xE009, 0xE009, 0xE009, 0xE009, 0xE009, 0xE009, 0xE009, 0xE009, 0xE009, 
0xE009, 0xE009, 0xE009, 0xE009, 0xE009, 0xE009, 0xE009, 0xE009, 0xE009, 0xE009, 0xE009, 0xE009, 0xE009, 0xE009, 0xE009, 0xE009, 
0xE009, 0xE009, 0xE009, 0xE009, 0xE009, 0xE009, 0xE009, 0xE009, 0xE009, 0xE009, 0xE009, 0xE009, 0xE009, 0xE009, 0xE009, 0xE009, 
0xE009, 0xE009, 0xE009, 0xE009, 0xE009, 0xE009, 0xE009, 0xE009, 0xE009, 0xE009, 0xE009, 0xE009, 0xE009, 0xE009, 0xE009, 0xE009, 
0xE009, 0xE009, 0xE009, 0xE009, 0xE009, 0xE009, 0xE009, 0xE009, 0xE009, 0xE009, 0xE009, 0xE009, 0xE009, 0xE009, 0xE009, 0xE009, 
0xE009, 0xE009, 0xE009, 0xE009, 0xE009, 0xE009, 0xE009, 0xE009, 0xE009, 0xE009, 0xE009, 0xE009, 0xE009, 0xE009, 0xE009, 0xE009, 
0xE009, 0xE009, 0xE009, 0xE009, 0xE009, 0xE009, 0xE009, 0xE009, 0xE009, 0xE009, 0xE009, 0xE009, 0xE009, 0xE009, 0xE009, 0xE009, 
0xE009, 0xE009, 0xE009, 0xE009, 0xE009, 0xE009, 0xE009, 0xE009, 0xE009, 0xE009, 0xE009, 0xE009, 0xE009, 0xE009, 0xE009, 0xE009, 
0xE009, 0xE009, 0xE009, 0xE009, 0xE009, 0xE009, 0xE009, 0xE009, 0xE009, 0xE009, 0xE009, 0xE009, 0xE009, 0xE009, 0xE009, 0xE009, 
0xE009, 0xE009, 0xE009, 0xE009, 0xE009, 0xE009, 0xE009, 0xE009, 0xE009, 0xE009, 0xE009, 0xE009, 0xE009, 0xE009, 0xE009, 0xE009, 
0xE009, 0xE009, 0xE009, 0xE009, 0xE009, 0xE009, 0xE009, 0xE009, 0xE009, 0xE009, 0xE009, 0xE009, 0xE009, 0xE009, 0xE009, 0xE009, 
0xE009, 0xE009, 0xE009, 0xE009, 0xE009, 0xE009, 0xE009, 0xE009, 0xE009, 0xE009, 0xE009, 0xE009, 0xE009, 0xE009, 0xE009, 0xE009, 
0xE009, 0xE009, 0xE009, 0xE009, 0xE009, 0xE009, 0xE009, 0xE009, 0xE009, 0xE009, 0xE009, 0xE009, 0xE009, 0xE009, 0xE009, 0xE009, 
0xE009, 0xE009, 0xE009, 0xE009, 0xE009, 0xE009, 0xE009, 0xE009, 0xE009, 0xE009, 0xE009, 0xE009, 0xE009, 0xE009, 0xE009, 0xE009, 
0xE009, 0xE009, 0xE009, 0xE009, 0xE009, 0xE009, 0xE009, 0xE009, 0xE009, 0xE009, 0xE009, 0xE009, 0xE009, 0xE009, 0xE009, 0xE009, 
0xE009, 0xE009, 0xE009, 0xE009, 0xE009, 0xE009, 0xE009, 0xE009, 0xE009, 0xE009, 0xE009, 0xE009, 0xE009, 0xE009, 0xE009, 0xE009, 
0xE009, 0xE009, 0xE009, 0xE009, 0xE009, 0xE009, 0xE009, 0xE009, 0xE009, 0xE009, 0xE009, 0xE009, 0xE009, 0xE009, 0xE009, 0xE009, 
0xE009, 0xE009, 0xE009, 0xE009, 0xE009, 0xE009, 0xE009, 0xE009, 0xE009, 0xE009, 0xE009, 0xE009, 0xE009, 0xE009, 0xE009, 0xE009, 
0xE009, 0xE009, 0xE009, 0xE009, 0xE009, 0xE009, 0xE009, 0xE009, 0xE009, 0xE009, 0xE009, 0xE009, 0xE009, 0xE009, 0xE009, 0xE009, 
0xE009, 0xE009, 0xE009, 0xE009, 0xE009, 0xE009, 0xE009, 0xE009, 0xE009, 0xE009, 0xE009, 0xE009, 0xE009, 0xE009, 0xE009, 0xE009, 
0xE009, 0xE009, 0xE009, 0xE009, 0xE009, 0xE009, 0xE009, 0xE009, 0xE009, 0xE009, 0xE009, 0xE009, 0xE009, 0xE009, 0xE009, 0xE009, 
0xE009, 0xE009, 0xE009, 0xE009, 0xE009, 0xE009, 0xE009, 0xE009, 0xE009, 0xE009, 0xE009, 0xE009, 0xE009, 0xE009, 0xE009, 0xE009, 
0xE009, 0xE009, 0xE009, 0xE009, 0xE009, 0xE009, 0xE009, 0xE009, 0xE009, 0xE009, 0xE009, 0xE009, 0xE009, 0xE009, 0xE009, 0xE009, 
0xE009, 0xE009, 0xE009, 0xE009, 0xE009, 0xE009, 0xE009, 0xE009, 0xE009, 0xE009, 0xE009, 0xE009, 0xE009, 0xE009, 0xE009, 0xE009, 
0xE009, 0xE009, 0xE009, 0xE009, 0xE009, 0xE009, 0xE009, 0xE009, 0xE009, 0xE009, 0xE009, 0xE009, 0xE009, 0xE009, 0xE009, 0xE009, 
0xE009, 0xE009, 0xE009, 0xE009, 0xE009, 0xE009, 0xE009, 0xE009, 0xE009, 0xE009, 0xE009, 0xE009, 0xE009, 0xE009, 0xE009, 0xE009, 
0xE009, 0xE009, 0xE009, 0xE009, 0xE009, 0xE009, 0xE009, 0xE009, 0xE009, 0xE009, 0xE009, 0xE009, 0xE009, 0xE009, 0xE009, 0xE009, 
0xE009, 0xE009, 0xE009, 0xE009, 0xE009, 0xE009, 0xE009, 0xE009, 0xE009, 0xE009, 0xE009, 0xE009, 0xE009, 0xE009, 0xE009, 0xE009, 
0xE009, 0xE009, 0xE009, 0xE009, 0xE009, 0xE009, 0xE009, 0xE009, 0xE009, 0xE009, 0xE009, 0xE009, 0xE009, 0xE009, 0xE009, 0xE009, 
0xE009, 0xE009, 0xE009, 0xE009, 0xE009, 0xE009, 0xE009, 0xE009, 0xE009, 0xE009, 0xE009, 0xE009, 0xE009, 0xE009, 0xE009, 0xE009, 
0xE009, 0xE009, 0xE009, 0xE009, 0xE009, 0xE009, 0xE009, 0xE009, 0xE009, 0xE009, 0xE009, 0xE009, 0xE009, 0xE009, 0xE009, 0xE009, 
0xE009, 0xE009, 0xE009, 0xE009, 0xE009, 0xE009, 0xE009, 0xE009, 0xE009, 0xE009, 0xE009, 0xE009, 0xE009, 0xE009, 0xE009, 0xE009, 
0xE009, 0xE009, 0xE009, 0xE009, 0xE009, 0xE009, 0xE009, 0xE009, 0xE009, 0xE009, 0xE009, 0xE009, 0xE009, 0xE009, 0xE009, 0xE009, 
0xE009, 0xE009, 0xE009, 0xE009, 0xE009, 0xE009, 0xE009, 0xE009, 0xE009, 0xE009, 0xE009, 0xE009, 0xE009, 0xE009, 0xE009, 0xE009, 
0xE009, 0xE009, 0xE009, 0xE009, 0xE009, 0xE009, 0xE009, 0xE009, 0xE009, 0xE009, 0xE009, 0xE009, 0xE009, 0xE009, 0xE009, 0xE009, 
0xE009, 0xE009, 0xE009, 0xE009, 0xE009, 0xE009, 0xE009, 0xE009, 0xE009, 0xE009, 0xE009, 0xE009, 0xE009, 0xE009, 0xE009, 0xE009, 
0xE009, 0xE009, 0xE009, 0xE009, 0xE009, 0xE009, 0xE009, 0xE009, 0xE009, 0xE009, 0xE009, 0xE009, 0xE009, 0xE009, 0xE009, 0xE009, 
0xE009, 0xE009, 0xE009, 0xE009, 0xE009, 0xE009, 0xE009, 0xE009, 0xE009, 0xE009, 0xE009, 0xE009, 0xE009, 0xE009, 0xE009, 0xE009, 
0xE009, 0xE009, 0xE009, 0xE009, 0xE009, 0xE009, 0xE009, 0xE009, 0xE009, 0xE009, 0xE009, 0xE009, 0xE009, 0xE009, 0xE009, 0xE009, 
0xE009, 0xE009, 0xE009, 0xE009, 0xE009, 0xE009, 0xE009, 0xE009, 0xE009, 0xE009, 0xE009, 0xE009, 0xE009, 0xE009, 0xE009, 0xE009, 
0xE009, 0xE009, 0xE009, 0xE009, 0xE009, 0xE009, 0xE009, 0xE009, 0xE009, 0xE009, 0xE009, 0xE009, 0xE009, 0xE009, 0xE009, 0xE009, 
0xE009, 0xE009, 0xE009, 0xE009, 0xE009, 0xE009, 0xE009, 0xE009, 0xE009, 0xE009, 0xE009, 0xE009, 0xE009, 0xE009, 0xE009, 0xE009, 
0xE009, 0xE009, 0xE009, 0xE009, 0xE009, 0xE009, 0xE009, 0xE009, 0xE009, 0xE009, 0xE009, 0xE009, 0xE009, 0xE009, 0xE009, 0xE009, 
0xE009, 0xE009, 0xE009, 0xE009, 0xE009, 0xE009, 0xE009, 0xE009, 0xE009, 0xE009, 0xE009, 0xE009, 0xE009, 0xE009, 0xE009, 0xE009, 
0xE009, 0xE009, 0xE009, 0xE009, 0xE009, 0xE009, 0xE009, 0xE009, 0xE009, 0xE009, 0xE009, 0xE009, 0xE009, 0xE009, 0xE009, 0xE009, 
0xE009, 0xE009, 0xE009, 0xE009, 0xE009, 0xE009, 0xE009, 0xE009, 0xE009, 0xE009, 0xE009, 0xE009, 0xE009, 0xE009, 0xE009, 0xE009, 
0xE009, 0xE009, 0xE009, 0xE009, 0xE009, 0xE009, 0xE009, 0xE009, 0xE009, 0xE009, 0xE009, 0xE009, 0xE009, 0xE009, 0xE009, 0xE009, 
0xE009, 0xE009, 0xE009, 0xE009, 0xE009, 0xE009, 0xE009, 0xE009, 0xE009, 0xE009, 0xE009, 0xE009, 0xE009, 0xE009, 0xE009, 0xE009, 
0xE009, 0xE009, 0xE009, 0xE009, 0xE009, 0xE009, 0xE009, 0xE009, 0xE009, 0xE009, 0xE009, 0xE009, 0xE009, 0xE009, 0xE009, 0xE009, 
0xE009, 0xE009, 0xE009, 0xE009, 0xE009, 0xE009, 0xE009, 0xE009, 0xE009, 0xE009, 0xE009, 0xE009, 0xE009, 0xE009, 0xE009, 0xE009, 
0xE009, 0xE009, 0xE009, 0xE009, 0xE009, 0xE009, 0xE009, 0xE009, 0xE009, 0xE009, 0xE009, 0xE009, 0xE009, 0xE009, 0xE009, 0xE009, 
0xE009, 0xE009, 0xE009, 0xE009, 0xE009, 0xE009, 0xE009, 0xE009, 0xE009, 0xE009, 0xE009, 0xE009, 0xE009, 0xE009, 0xE009, 0xE009, 
0xE009, 0xE009, 0xE009, 0xE009, 0xE009, 0xE009, 0xE009, 0xE009, 0xE009, 0xE009, 0xE009, 0xE009, 0xE009, 0xE009, 0xE009, 0xE009, 
0xE009, 0xE009, 0xE009, 0xE009, 0xE009, 0xE009, 0xE009, 0xE009, 0xE009, 0xE009, 0xE009, 0xE009, 0xE009, 0xE009, 0xE009, 0xE009, 
0xE009, 0xE009, 0xE009, 0xE009, 0xE009, 0xE009, 0xE009, 0xE009, 0xE009, 0xE009, 0xE009, 0xE009, 0xE009, 0xE009, 0xE009, 0xE009, 
0xE009, 0xE009, 0xE009, 0xE009, 0xE009, 0xE009, 0xE009, 0xE009, 0xE009, 0xE009, 0xE009, 0xE009, 0xE009, 0xE009, 0xE009, 0xE009, 
0xE009, 0xE009, 0xE009, 0xE009, 0xE009, 0xE009, 0xE009, 0xE009, 0xE009, 0xE009, 0xE009, 0xE009, 0xE009, 0xE009, 0xE009, 0xE009, 
0xE009, 0xE009, 0xE009, 0xE009, 0xE009, 0xE009, 0xE009, 0xE009, 0xE009, 0xE009, 0xE009, 0xE009, 0xE009, 0xE009, 0xE009, 0xE009, 
0xE009, 0xE009, 0xE009, 0xE009, 0xE009, 0xE009, 0xE009, 0xE009, 0xE009, 0xE009, 0xE009, 0xE009, 0xE009, 0xE009, 0xE009, 0xE009, 
0xE009, 0xE009, 0xE009, 0xE009, 0xE009, 0xE009, 0xE009, 0xE009, 0xE009, 0xE009, 0xE009, 0xE009, 0xE009, 0xE009, 0xE009, 0xE009, 
0xE009, 0xE009, 0xE009, 0xE009, 0xE009, 0xE009, 0xE009, 0xE009, 0xE009, 0xE009, 0xE009, 0xE009, 0xE009, 0xE009, 0xE009, 0xE009, 
0xE009, 0xE009, 0xE009, 0xE009, 0xE009, 0xE009, 0xE009, 0xE009, 0xE009, 0xE009, 0xE009, 0xE009, 0xE009, 0xE009, 0xE009, 0xE009, 
0xE009, 0xE009, 0xE009, 0xE009, 0xE009, 0xE009, 0xE009, 0xE009, 0xE009, 0xE009, 0xE009, 0xE009, 0xE009, 0xE009, 0xE009, 0xE009, 
0xE009, 0xE009, 0xE009, 0xE009, 0xE009, 0xE009, 0xE009, 0xE009, 0xE009, 0xE009, 0xE009, 0xE009, 0xE009, 0xE009, 0xE009, 0xE009, 
0xE009, 0xE009, 0xE009, 0xE009, 0xE009, 0xE009, 0xE009, 0xE009, 0xE009, 0xE009, 0xE009, 0xE009, 0xE009, 0xE009, 0xE009, 0xE009, 
0xE009, 0xE009, 0xE009, 0xE009, 0xE009, 0xE009, 0xE009, 0xE009, 0xE009, 0xE009, 0xE009, 0xE009, 0xE009, 0xE009, 0xE009, 0xE009, 
0xE009, 0xE009, 0xE009, 0xE009, 0xE009, 0xE009, 0xE009, 0xE009, 0xE009, 0xE009, 0xE009, 0xE009, 0xE009, 0xE009, 0xE009, 0xE009, 
0xE009, 0xE009, 0xE009, 0xE009, 0xE009, 0xE009, 0xE009, 0xE009, 0xE009, 0xE009, 0xE009, 0xE009, 0xE009, 0xE009, 0xE009, 0xE009, 
0xE009, 0xE009, 0xE009, 0xE009, 0xE009, 0xE009, 0xE009, 0xE009, 0xE009, 0xE009, 0xE009, 0xE009, 0xE009, 0xE009, 0xE009, 0xE009, 
0xE009, 0xE009, 0xE009, 0xE009, 0xE009, 0xE009, 0xE009, 0xE009, 0xE009, 0xE009, 0xE009, 0xE009, 0xE009, 0xE009, 0xE009, 0xE009, 
0xE009, 0xE009, 0xE009, 0xE009, 0xE009, 0xE009, 0xE009, 0xE009, 0xE009, 0xE009, 0xE009, 0xE009, 0xE009, 0xE009, 0xE009, 0xE009, 
0xE009, 0xE009, 0xE009, 0xE009, 0xE009, 0xE009, 0xE009, 0xE009, 0xE009, 0xE009, 0xE009, 0xE009, 0xE009, 0xE009, 0xE009, 0xE009, 
0xE009, 0xE009, 0xE009, 0xE009, 0xE009, 0xE009, 0xE009, 0xE009, 0xE009, 0xE009, 0xE009, 0xE009, 0xE009, 0xE009, 0xE009, 0xE009, 
0xE009, 0xE009, 0xE009, 0xE009, 0xE009, 0xE009, 0xE009, 0xE009, 0xE009, 0xE009, 0xE009, 0xE009, 0xE009, 0xE009, 0xE009, 0xE009, 
0xE009, 0xE009, 0xE009, 0xE009, 0xE009, 0xE009, 0xE009, 0xE009, 0xE009, 0xE009, 0xE009, 0xE009, 0xE009, 0xE009, 0xE009, 0xE009, 
0xE009, 0xE009, 0xE009, 0xE009, 0xE009, 0xE009, 0xE009, 0xE009, 0xE009, 0xE009, 0xE009, 0xE009, 0xE009, 0xE009, 0xE009, 0xE009, 
0xE009, 0xE009, 0xE009, 0xE009, 0xE009, 0xE009, 0xE009, 0xE009, 0xE009, 0xE009, 0xE009, 0xE009, 0xE009, 0xE009, 0xE009, 0xE009, 
0xE009, 0xE009, 0xE009, 0xE009, 0xE009, 0xE009, 0xE009, 0xE009, 0xE009, 0xE009, 0xE009, 0xE009, 0xE009, 0xE009, 0xE009, 0xE009, 
0xE009, 0xE009, 0xE009, 0xE009, 0xE009, 0xE009, 0xE009, 0xE009, 0xE009, 0xE009, 0xE009, 0xE009, 0xE009, 0xE009, 0xE009, 0xE009, 
0xE009, 0xE009, 0xE009, 0xE009, 0xE009, 0xE009, 0xE009, 0xE009, 0xE009, 0xE009, 0xE009, 0xE009, 0xE009, 0xE009, 0xE009, 0xE009, 
0xE009, 0xE009, 0xE009, 0xE009, 0xE009, 0xE009, 0xE009, 0xE009, 0xE009, 0xE009, 0xE009, 0xE009, 0xE009, 0xE009, 0xE009, 0xE009, 
0xE009, 0xE009, 0xE009, 0xE009, 0xE009, 0xE009, 0xE009, 0xE009, 0xE009, 0xE009, 0xE009, 0xE009, 0xE009, 0xE009, 0xE009, 0xE009, 
0xE009, 0xE009, 0xE009, 0xE009, 0xE009, 0xE009, 0xE009, 0xE009, 0xE009, 0xE009, 0xE009, 0xE009, 0xE009, 0xE009, 0xE009, 0xE009, 
0xE009, 0xE009, 0xE009, 0xE009, 0xE009, 0xE009, 0xE009, 0xE009, 0xE009, 0xE009, 0xE009, 0xE009, 0xE009, 0xE009, 0xE009, 0xE009, 
0xE009, 0xE009, 0xE009, 0xE009, 0xE009, 0xE009, 0xE009, 0xE009, 0xE009, 0xE009, 0xE009, 0xE009, 0xE009, 0xE009, 0xE009, 0xE009, 
0xE009, 0xE009, 0xE009, 0xE009, 0xE009, 0xE009, 0xE009, 0xE009, 0xE009, 0xE009, 0xE009, 0xE009, 0xE009, 0xE009, 0xE009, 0xE009, 
0xE009, 0xE009, 0xE009, 0xE009, 0xE009, 0xE009, 0xE009, 0xE009, 0xE009, 0xE009, 0xE009, 0xE009, 0xE009, 0xE009, 0xE009, 0xE009, 
0xE009, 0xE009, 0xE009, 0xE009, 0xE009, 0xE009, 0xE009, 0xE009, 0xE009, 0xE009, 0xE009, 0xE009, 0xE009, 0xE009, 0xE009, 0xE009, 
0xE009, 0xE009, 0xE009, 0xE009, 0xE009, 0xE009, 0xE009, 0xE009, 0xE009, 0xE009, 0xE009, 0xE009, 0xE009, 0xE009, 0xE009, 0xE009, 
0xE009, 0xE009, 0xE009, 0xE009, 0xE009, 0xE009, 0xE009, 0xE009, 0xE009, 0xE009, 0xE009, 0xE009, 0xE009, 0xE009, 0xE009, 0xE009, 
0xE009, 0xE009, 0xE009, 0xE009, 0xE009, 0xE009, 0xE009, 0xE009, 0xE009, 0xE009, 0xE009, 0xE009, 0xE009, 0xE009, 0xE009, 0xE009, 
0xE009, 0xE009, 0xE009, 0xE009, 0xE009, 0xE009, 0xE009, 0xE009, 0xE009, 0xE009, 0xE009, 0xE009, 0xE009, 0xE009, 0xE009, 0xE009, 
0xE009, 0xE009, 0xE009, 0xE009, 0xE009, 0xE009, 0xE009, 0xE009, 0xE009, 0xE009, 0xE009, 0xE009, 0xE009, 0xE009, 0xE009, 0xE009, 
0xE009, 0xE009, 0xE009, 0xE009, 0xE009, 0xE009, 0xE009, 0xE009, 0xE009, 0xE009, 0xE009, 0xE009, 0xE009, 0xE009, 0xE009, 0xE009, 
0xE009, 0xE009, 0xE009, 0xE009, 0xE009, 0xE009, 0xE009, 0xE009, 0xE009, 0xE009, 0xE009, 0xE009, 0xE009, 0xE009, 0xE009, 0xE009, 
0xE009, 0xE009, 0xE009, 0xE009, 0xE009, 0xE009, 0xE009, 0xE009, 0xE009, 0xE009, 0xE009, 0xE009, 0xE009, 0xE009, 0xE009, 0xE009, 
0xE009, 0xE009, 0xE009, 0xE009, 0xE009, 0xE009, 0xE009, 0xE009, 0xE009, 0xE009, 0xE009, 0xE009, 0xE009, 0xE009, 0xE009, 0xE009, 
0xE009, 0xE009, 0xE009, 0xE009, 0xE009, 0xE009, 0xE009, 0xE009, 0xE009, 0xE009, 0xE009, 0xE009, 0xE009, 0xE009, 0xE009, 0xE009, 
0xE009, 0xE009, 0xE009, 0xE009, 0xE009, 0xE009, 0xE009, 0xE009, 0xE009, 0xE009, 0xE009, 0xE009, 0xE009, 0xE009, 0xE009, 0xE009, 
0xE009, 0xE009, 0xE009, 0xE009, 0xE009, 0xE009, 0xE009, 0xE009, 0xE009, 0xE009, 0xE009, 0xE009, 0xE009, 0xE009, 0xE009, 0xE009, 
0xE009, 0xE009, 0xE009, 0xE009, 0xE009, 0xE009, 0xE009, 0xE009, 0xE009, 0xE009, 0xE009, 0xE009, 0xE009, 0xE009, 0xE009, 0xE009, 
0xE009, 0xE009, 0xE009, 0xE009, 0xE009, 0xE009, 0xE009, 0xE009, 0xE009, 0xE009, 0xE009, 0xE009, 0xE009, 0xE009, 0xE009, 0xE009, 
0xE009, 0xE009, 0xE009, 0xE009, 0xE009, 0xE009, 0xE009, 0xE009, 0xE009, 0xE009, 0xE009, 0xE009, 0xE009, 0xE009, 0xE009, 0xE009, 
0xE009, 0xE009, 0xE009, 0xE009, 0xE009, 0xE009, 0xE009, 0xE009, 0xE009, 0xE009, 0xE009, 0xE009, 0xE009, 0xE009, 0xE009, 0xE009, 
0xE009, 0xE009, 0xE009, 0xE009, 0xE009, 0xE009, 0xE009, 0xE009, 0xE009, 0xE009, 0xE009, 0xE009, 0xE009, 0xE009, 0xE009, 0xE009, 
0xE009, 0xE009, 0xE009, 0xE009, 0xE009, 0xE009, 0xE009, 0xE009, 0xE009, 0xE009, 0xE009, 0xE009, 0xE009, 0xE009, 0xE009, 0xE009, 
0xE009, 0xE009, 0xE009, 0xE009, 0xE009, 0xE009, 0xE009, 0xE009, 0xE009, 0xE009, 0xE009, 0xE009, 0xE009, 0xE009, 0xE009, 0xE009, 
0xE009, 0xE009, 0xE009, 0xE009, 0xE009, 0xE009, 0xE009, 0xE009, 0xE009, 0xE009, 0xE009, 0xE009, 0xE009, 0xE009, 0xE009, 0xE009, 
0xE009, 0xE009, 0xE009, 0xE009, 0xE009, 0xE009, 0xE009, 0xE009, 0xE009, 0xE009, 0xE009, 0xE009, 0xE009, 0xE009, 0xE009, 0xE009, 
0xE009, 0xE009, 0xE009, 0xE009, 0xE009, 0xE009, 0xE009, 0xE009, 0xE009, 0xE009, 0xE009, 0xE009, 0xE009, 0xE009, 0xE009, 0xE009, 
0xE009, 0xE009, 0xE009, 0xE009, 0xE009, 0xE009, 0xE009, 0xE009, 0xE009, 0xE009, 0xE009, 0xE009, 0xE009, 0xE009, 0xE009, 0xE009, 
0xE009, 0xE009, 0xE009, 0xE009, 0xE009, 0xE009, 0xE009, 0xE009, 0xE009, 0xE009, 0xE009, 0xE009, 0xE009, 0xE009, 0xE009, 0xE009, 
0xE009, 0xE009, 0xE009, 0xE009, 0xE009, 0xE009, 0xE009, 0xE009, 0xE009, 0xE009, 0xE009, 0xE009, 0xE009, 0xE009, 0xE009, 0xE009, 
0xE009, 0xE009, 0xE009, 0xE009, 0xE009, 0xE009, 0xE009, 0xE009, 0xE009, 0xE009, 0xE009, 0xE009, 0xE009, 0xE009, 0xE009, 0xE009, 
0xE009, 0xE009, 0xE009, 0xE009, 0xE009, 0xE009, 0xE009, 0xE009, 0xE009, 0xE009, 0xE009, 0xE009, 0xE009, 0xE009, 0xE009, 0xE009, 
0xE009, 0xE009, 0xE009, 0xE009, 0xE009, 0xE009, 0xE009, 0xE009, 0xE009, 0xE009, 0xE009, 0xE009, 0xE009, 0xE009, 0xE009, 0xE009, 
0xE009, 0xE009, 0xE009, 0xE009, 0xE009, 0xE009, 0xE009, 0xE009, 0xE009, 0xE009, 0xE009, 0xE009, 0xE009, 0xE009, 0xE009, 0xE009, 
0xE009, 0xE009, 0xE009, 0xE009, 0xE009, 0xE009, 0xE009, 0xE009, 0xE009, 0xE009, 0xE009, 0xE009, 0xE009, 0xE009, 0xE009, 0xE009, 
0xE009, 0xE009, 0xE009, 0xE009, 0xE009, 0xE009, 0xE009, 0xE009, 0xE009, 0xE009, 0xE009, 0xE009, 0xE009, 0xE009, 0xE009, 0xE009, 
0xE009, 0xE009, 0xE009, 0xE009, 0xE009, 0xE009, 0xE009, 0xE009, 0xE009, 0xE009, 0xE009, 0xE009, 0xE009, 0xE009, 0xE009, 0xE009, 
0xE009, 0xE009, 0xE009, 0xE009, 0xE009, 0xE009, 0xE009, 0xE009, 0xE009, 0xE009, 0xE009, 0xE009, 0xE009, 0xE009, 0xE009, 0xE009, 
0xE009, 0xE009, 0xE009, 0xE009, 0xE009, 0xE009, 0xE009, 0xE009, 0xE009, 0xE009, 0xE009, 0xE009, 0xE009, 0xE009, 0xE009, 0xE009, 
0xE009, 0xE009, 0xE009, 0xE009, 0xE009, 0xE009, 0xE009, 0xE009, 0xE009, 0xE009, 0xE009, 0xE009, 0xE009, 0xE009, 0xE009, 0xE009, 
0xE009, 0xE009, 0xE009, 0xE009, 0xE009, 0xE009, 0xE009, 0xE009, 0xE009, 0xE009, 0xE009, 0xE009, 0xE009, 0xE009, 0xE009, 0xE009, 
0xE009, 0xE009, 0xE009, 0xE009, 0xE009, 0xE009, 0xE009, 0xE009, 0xE009, 0xE009, 0xE009, 0xE009, 0xE009, 0xE009, 0xE009, 0xE009, 
0xE009, 0xE009, 0xE009, 0xE009, 0xE009, 0xE009, 0xE009, 0xE009, 0xE009, 0xE009, 0xE009, 0xE009, 0xE009, 0xE009, 0xE009, 0xE009, 
0xE009, 0xE009, 0xE009, 0xE009, 0xE009, 0xE009, 0xE009, 0xE009, 0xE009, 0xE009, 0xE009, 0xE009, 0xE009, 0xE009, 0xE009, 0xE009, 
0xE009, 0xE009, 0xE009, 0xE009, 0xE009, 0xE009, 0xE009, 0xE009, 0xE009, 0xE009, 0xE009, 0xE009, 0xE009, 0xE009, 0xE009, 0xE009, 
0xE009, 0xE009, 0xE009, 0xE009, 0xE009, 0xE009, 0xE009, 0xE009, 0xE009, 0xE009, 0xE009, 0xE009, 0xE009, 0xE009, 0xE009, 0xE009, 
0xE009, 0xE009, 0xE009, 0xE009, 0xE009, 0xE009, 0xE009, 0xE009, 0xE009, 0xE009, 0xE009, 0xE009, 0xE009, 0xE009, 0xE009, 0xE009, 
0xE009, 0xE009, 0xE009, 0xE009, 0xE009, 0xE009, 0xE009, 0xE009, 0xE009, 0xE009, 0xE009, 0xE009, 0xE009, 0xE009, 0xE009, 0xE009, 
0xE009, 0xE009, 0xE009, 0xE009, 0xE009, 0xE009, 0xE009, 0xE009, 0xE009, 0xE009, 0xE009, 0xE009, 0xE009, 0xE009, 0xE009, 0xE009, 
0xE009, 0xE009, 0xE009, 0xE009, 0xE009, 0xE009, 0xE009, 0xE009, 0xE009, 0xE009, 0xE009, 0xE009, 0xE009, 0xE009, 0xE009, 0xE009, 
0xE009, 0xE009, 0xE009, 0xE009, 0xE009, 0xE009, 0xE009, 0xE009, 0xE009, 0xE009, 0xE009, 0xE009, 0xE009, 0xE009, 0xE009, 0xE009, 
0xE009, 0xE009, 0xE009, 0xE009, 0xE009, 0xE009, 0xE009, 0xE009, 0xE009, 0xE009, 0xE009, 0xE009, 0xE009, 0xE009, 0xE009, 0xE009, 
0xE009, 0xE009, 0xE009, 0xE009, 0xE009, 0xE009, 0xE009, 0xE009, 0xE009, 0xE009, 0xE009, 0xE009, 0xE009, 0xE009, 0xE009, 0xE009, 
0xE009, 0xE009, 0xE009, 0xE009, 0xE009, 0xE009, 0xE009, 0xE009, 0xE009, 0xE009, 0xE009, 0xE009, 0xE009, 0xE009, 0xE009, 0xE009, 
0xE009, 0xE009, 0xE009, 0xE009, 0xE009, 0xE009, 0xE009, 0xE009, 0xE009, 0xE009, 0xE009, 0xE009, 0xE009, 0xE009, 0xE009, 0xE009, 
0xE009, 0xE009, 0xE009, 0xE009, 0xE009, 0xE009, 0xE009, 0xE009, 0xE009, 0xE009, 0xE009, 0xE009, 0xE009, 0xE009, 0xE009, 0xE009, 
0xE009, 0xE009, 0xE009, 0xE009, 0xE009, 0xE009, 0xE009, 0xE009, 0xE009, 0xE009, 0xE009, 0xE009, 0xE009, 0xE009, 0xE009, 0xE009, 
0xE009, 0xE009, 0xE009, 0xE009, 0xE009, 0xE009, 0xE009, 0xE009, 0xE009, 0xE009, 0xE009, 0xE009, 0xE009, 0xE009, 0xE009, 0xE009, 
0xE009, 0xE009, 0xE009, 0xE009, 0xE009, 0xE009, 0xE009, 0xE009, 0xE009, 0xE009, 0xE009, 0xE009, 0xE009, 0xE009, 0xE009, 0xE009, 
0xE009, 0xE009, 0xE009, 0xE009, 0xE009, 0xE009, 0xE009, 0xE009, 0xE009, 0xE009, 0xE009, 0xE009, 0xE009, 0xE009, 0xE009, 0xE009, 
0xE009, 0xE009, 0xE009, 0xE009, 0xE009, 0xE009, 0xE009, 0xE009, 0xE009, 0xE009, 0xE009, 0xE009, 0xE009, 0xE009, 0xE009, 0xE009, 
0xE009, 0xE009, 0xE009, 0xE009, 0xE009, 0xE009, 0xE009, 0xE009, 0xE009, 0xE009, 0xE009, 0xE009, 0xE009, 0xE009, 0xE009, 0xE009, 
0xE009, 0xE009, 0xE009, 0xE009, 0xE009, 0xE009, 0xE009, 0xE009, 0xE009, 0xE009, 0xE009, 0xE009, 0xE009, 0xE009, 0xE009, 0xE009, 
0xE009, 0xE009, 0xE009, 0xE009, 0xE009, 0xE009, 0xE009, 0xE009, 0xE009, 0xE009, 0xE009, 0xE009, 0xE009, 0xE009, 0xE009, 0xE009, 
0xE009, 0xE009, 0xE009, 0xE009, 0xE009, 0xE009, 0xE009, 0xE009, 0xE009, 0xE009, 0xE009, 0xE009, 0xE009, 0xE009, 0xE009, 0xE009, 
0xE009, 0xE009, 0xE009, 0xE009, 0xE009, 0xE009, 0xE009, 0xE009, 0xE009, 0xE009, 0xE009, 0xE009, 0xE009, 0xE009, 0xE009, 0xE009, 
0xE009, 0xE009, 0xE009, 0xE009, 0xE009, 0xE009, 0xE009, 0xE009, 0xE009, 0xE009, 0xE009, 0xE009, 0xE009, 0xE009, 0xE009, 0xE009, 
0xE009, 0xE009, 0xE009, 0xE009, 0xE009, 0xE009, 0xE009, 0xE009, 0xE009, 0xE009, 0xE009, 0xE009, 0xE009, 0xE009, 0xE009, 0xE009, 
0xE009, 0xE009, 0xE009, 0xE009, 0xE009, 0xE009, 0xE009, 0xE009, 0xE009, 0xE009, 0xE009, 0xE009, 0xE009, 0xE009, 0xE009, 0xE009, 
0xE009, 0xE009, 0xE009, 0xE009, 0xE009, 0xE009, 0xE009, 0xE009, 0xE009, 0xE009, 0xE009, 0xE009, 0xE009, 0xE009, 0xE009, 0xE009, 
0xE009, 0xE009, 0xE009, 0xE009, 0xE009, 0xE009, 0xE009, 0xE009, 0xE009, 0xE009, 0xE009, 0xE009, 0xE009, 0xE009, 0xE009, 0xE009, 
0xE009, 0xE009, 0xE009, 0xE009, 0xE009, 0xE009, 0xE009, 0xE009, 0xE009, 0xE009, 0xE009, 0xE009, 0xE009, 0xE009, 0xE009, 0xE009, 
0xE009, 0xE009, 0xE009, 0xE009, 0xE009, 0xE009, 0xE009, 0xE009, 0xE009, 0xE009, 0xE009, 0xE009, 0xE009, 0xE009, 0xE009, 0xE009, 
0xE009, 0xE009, 0xE009, 0xE009, 0xE009, 0xE009, 0xE009, 0xE009, 0xE009, 0xE009, 0xE009, 0xE009, 0xE009, 0xE009, 0xE009, 0xE009, 
0xE009, 0xE009, 0xE009, 0xE009, 0xE009, 0xE009, 0xE009, 0xE009, 0xE009, 0xE009, 0xE009, 0xE009, 0xE009, 0xE009, 0xE009, 0xE009, 
0xE009, 0xE009, 0xE009, 0xE009, 0xE009, 0xE009, 0xE009, 0xE009, 0xE009, 0xE009, 0xE009, 0xE009, 0xE009, 0xE009, 0xE009, 0xE009, 
0xE009, 0xE009, 0xE009, 0xE009, 0xE009, 0xE009, 0xE009, 0xE009, 0xE009, 0xE009, 0xE009, 0xE009, 0xE009, 0xE009, 0xE009, 0xE009, 
0xE009, 0xE009, 0xE009, 0xE009, 0xE009, 0xE009, 0xE009, 0xE009, 0xE009, 0xE009, 0xE009, 0xE009, 0xE009, 0xE009, 0xE009, 0xE009, 
0xE009, 0xE009, 0xE009, 0xE009, 0xE009, 0xE009, 0xE009, 0xE009, 0xE009, 0xE009, 0xE009, 0xE009, 0xE009, 0xE009, 0xE009, 0xE009, 
0xE009, 0xE009, 0xE009, 0xE009, 0xE009, 0xE009, 0xE009, 0xE009, 0xE009, 0xE009, 0xE009, 0xE009, 0xE009, 0xE009, 0xE009, 0xE009, 
0xE009, 0xE009, 0xE009, 0xE009, 0xE009, 0xE009, 0xE009, 0xE009, 0xE009, 0xE009, 0xE009, 0xE009, 0xE009, 0xE009, 0xE009, 0xE009, 
0xE009, 0xE009, 0xE009, 0xE009, 0xE009, 0xE009, 0xE009, 0xE009, 0xE009, 0xE009, 0xE009, 0xE009, 0xE009, 0xE009, 0xE009, 0xE009, 
0xE009, 0xE009, 0xE009, 0xE009, 0xE009, 0xE009, 0xE009, 0xE009, 0xE009, 0xE009, 0xE009, 0xE009, 0xE009, 0xE009, 0xE009, 0xE009, 
0xE009, 0xE009, 0xE009, 0xE009, 0xE009, 0xE009, 0xE009, 0xE009, 0xE009, 0xE009, 0xE009, 0xE009, 0xE009, 0xE009, 0xE009, 0xE009, 
0xE009, 0xE009, 0xE009, 0xE009, 0xE009, 0xE009, 0xE009, 0xE009, 0xE009, 0xE009, 0xE009, 0xE009, 0xE009, 0xE009, 0xE009, 0xE009, 
0xE009, 0xE009, 0xE009, 0xE009, 0xE009, 0xE009, 0xE009, 0xE009, 0xE009, 0xE009, 0xE009, 0xE009, 0xE009, 0xE009, 0xE009, 0xE009, 
0xE009, 0xE009, 0xE009, 0xE009, 0xE009, 0xE009, 0xE009, 0xE009, 0xE009, 0xE009, 0xE009, 0xE009, 0xE009, 0xE009, 0xE009, 0xE009, 
0xE009, 0xE009, 0xE009, 0xE009, 0xE009, 0xE009, 0xE009, 0xE009, 0xE009, 0xE009, 0xE009, 0xE009, 0xE009, 0xE009, 0xE009, 0xE009, 
0xE009, 0xE009, 0xE009, 0xE009, 0xE009, 0xE009, 0xE009, 0xE009, 0xE009, 0xE009, 0xE009, 0xE009, 0xE009, 0xE009, 0xE009, 0xE009, 
0xE009, 0xE009, 0xE009, 0xE009, 0xE009, 0xE009, 0xE009, 0xE009, 0xE009, 0xE009, 0xE009, 0xE009, 0xE009, 0xE009, 0xE009, 0xE009, 
0xE009, 0xE009, 0xE009, 0xE009, 0xE009, 0xE009, 0xE009, 0xE009, 0xE009, 0xE009, 0xE009, 0xE009, 0xE009, 0xE009, 0xE009, 0xE009, 
0xE009, 0xE009, 0xE009, 0xE009, 0xE009, 0xE009, 0xE009, 0xE009, 0xE009, 0xE009, 0xE009, 0xE009, 0xE009, 0xE009, 0xE009, 0xE009, 
0xE009, 0xE009, 0xE009, 0xE009, 0xE009, 0xE009, 0xE009, 0xE009, 0xE009, 0xE009, 0xE009, 0xE009, 0xE009, 0xE009, 0xE009, 0xE009, 
0xE009, 0xE009, 0xE009, 0xE009, 0xE009, 0xE009, 0xE009, 0xE009, 0xE009, 0xE009, 0xE009, 0xE009, 0xE009, 0xE009, 0xE009, 0xE009, 
0xE009, 0xE009, 0xE009, 0xE009, 0xE009, 0xE009, 0xE009, 0xE009, 0xE009, 0xE009, 0xE009, 0xE009, 0xE009, 0xE009, 0xE009, 0xE009, 
0xE009, 0xE009, 0xE009, 0xE009, 0xE009, 0xE009, 0xE009, 0xE009, 0xE009, 0xE009, 0xE009, 0xE009, 0xE009, 0xE009, 0xE009, 0xE009, 
0xE009, 0xE009, 0xE009, 0xE009, 0xE009, 0xE009, 0xE009, 0xE009, 0xE009, 0xE009, 0xE009, 0xE009, 0xE009, 0xE009, 0xE009, 0xE009, 
0xE009, 0xE009, 0xE009, 0xE009, 0xE009, 0xE009, 0xE009, 0xE009, 0xE009, 0xE009, 0xE009, 0xE009, 0xE009, 0xE009, 0xE009, 0xE009, 
0xE009, 0xE009, 0xE009, 0xE009, 0xE009, 0xE009, 0xE009, 0xE009, 0xE009, 0xE009, 0xE009, 0xE009, 0xE009, 0xE009, 0xE009, 0xE009, 
0xE009, 0xE009, 0xE009, 0xE009, 0xE009, 0xE009, 0xE009, 0xE009, 0xE009, 0xE009, 0xE009, 0xE009, 0xE009, 0xE009, 0xE009, 0xE009, 
0xE009, 0xE009, 0xE009, 0xE009, 0xE009, 0xE009, 0xE009, 0xE009, 0xE009, 0xE009, 0xE009, 0xE009, 0xE009, 0xE009, 0xE009, 0xE009, 
0xE009, 0xE009, 0xE009, 0xE009, 0xE009, 0xE009, 0xE009, 0xE009, 0xE009, 0xE009, 0xE009, 0xE009, 0xE009, 0xE009, 0xE009, 0xE009, 
0xE009, 0xE009, 0xE009, 0xE009, 0xE009, 0xE009, 0xE009, 0xE009, 0xE009, 0xE009, 0xE009, 0xE009, 0xE009, 0xE009, 0xE009, 0xE009, 
0xE009, 0xE009, 0xE009, 0xE009, 0xE009, 0xE009, 0xE009, 0xE009, 0xE009, 0xE009, 0xE009, 0xE009, 0xE009, 0xE009, 0xE009, 0xE009, 
0xE009, 0xE009, 0xE009, 0xE009, 0xE009, 0xE009, 0xE009, 0xE009, 0xE009, 0xE009, 0xE009, 0xE009, 0xE009, 0xE009, 0xE009, 0xE009, 
0xE009, 0xE009, 0xE009, 0xE009, 0xE009, 0xE009, 0xE009, 0xE009, 0xE009, 0xE009, 0xE009, 0xE009, 0xE009, 0xE009, 0xE009, 0xE009, 
0xE009, 0xE009, 0xE009, 0xE009, 0xE009, 0xE009, 0xE009, 0xE009, 0xE009, 0xE009, 0xE009, 0xE009, 0xE009, 0xE009, 0xE009, 0xE009, 
0xE009, 0xE009, 0xE009, 0xE009, 0xE009, 0xE009, 0xE009, 0xE009, 0xE009, 0xE009, 0xE009, 0xE009, 0xE009, 0xE009, 0xE009, 0xE009, 
0xE009, 0xE009, 0xE009, 0xE009, 0xE009, 0xE009, 0xE009, 0xE009, 0xE009, 0xE009, 0xE009, 0xE009, 0xE009, 0xE009, 0xE009, 0xE009, 
0xE009, 0xE009, 0xE009, 0xE009, 0xE009, 0xE009, 0xE009, 0xE009, 0xE009, 0xE009, 0xE009, 0xE009, 0xE009, 0xE009, 0xE009, 0xE009, 
0xE009, 0xE009, 0xE009, 0xE009, 0xE009, 0xE009, 0xE009, 0xE009, 0xE009, 0xE009, 0xE009, 0xE009, 0xE009, 0xE009, 0xE009, 0xE009, 
0xE009, 0xE009, 0xE009, 0xE009, 0xE009, 0xE009, 0xE009, 0xE009, 0xE009, 0xE009, 0xE009, 0xE009, 0xE009, 0xE009, 0xE009, 0xE009, 
0xE009, 0xE009, 0xE009, 0xE009, 0xE009, 0xE009, 0xE009, 0xE009, 0xE009, 0xE009, 0xE009, 0xE009, 0xE009, 0xE009, 0xE009, 0xE009, 
0xE009, 0xE009, 0xE009, 0xE009, 0xE009, 0xE009, 0xE009, 0xE009, 0xE009, 0xE009, 0xE009, 0xE009, 0xE009, 0xE009, 0xE009, 0xE009, 
0xE009, 0xE009, 0xE009, 0xE009, 0xE009, 0xE009, 0xE009, 0xE009, 0xE009, 0xE009, 0xE009, 0xE009, 0xE009, 0xE009, 0xE009, 0xE009, 
0xE009, 0xE009, 0xE009, 0xE009, 0xE009, 0xE009, 0xE009, 0xE009, 0xE009, 0xE009, 0xE009, 0xE009, 0xE009, 0xE009, 0xE009, 0xE009, 
0xE009, 0xE009, 0xE009, 0xE009, 0xE009, 0xE009, 0xE009, 0xE009, 0xE009, 0xE009, 0xE009, 0xE009, 0xE009, 0xE009, 0xE009, 0xE009, 
0xE009, 0xE009, 0xE009, 0xE009, 0xE009, 0xE009, 0xE009, 0xE009, 0xE009, 0xE009, 0xE009, 0xE009, 0xE009, 0xE009, 0xE009, 0xE009, 
0xE009, 0xE009, 0xE009, 0xE009, 0xE009, 0xE009, 0xE009, 0xE009, 0xE009, 0xE009, 0xE009, 0xE009, 0xE009, 0xE009, 0xE009, 0xE009, 
0xE009, 0xE009, 0xE009, 0xE009, 0xE009, 0xE009, 0xE009, 0xE009, 0xE009, 0xE009, 0xE009, 0xE009, 0xE009, 0xE009, 0xE009, 0xE009, 
0xE009, 0xE009, 0xE009, 0xE009, 0xE009, 0xE009, 0xE009, 0xE009, 0xE009, 0xE009, 0xE009, 0xE009, 0xE009, 0xE009, 0xE009, 0xE009, 
0xE009, 0xE009, 0xE009, 0xE009, 0xE009, 0xE009, 0xE009, 0xE009, 0xE009, 0xE009, 0xE009, 0xE009, 0xE009, 0xE009, 0xE009, 0xE009, 
0xE009, 0xE009, 0xE009, 0xE009, 0xE009, 0xE009, 0xE009, 0xE009, 0xE009, 0xE009, 0xE009, 0xE009, 0xE009, 0xE009, 0xE009, 0xE009, 
0xE009, 0xE009, 0xE009, 0xE009, 0xE009, 0xE009, 0xE009, 0xE009, 0xE009, 0xE009, 0xE009, 0xE009, 0xE009, 0xE009, 0xE009, 0xE009, 
0xE009, 0xE009, 0xE009, 0xE009, 0xE009, 0xE009, 0xE009, 0xE009, 0xE009, 0xE009, 0xE009, 0xE009, 0xE009, 0xE009, 0xE009, 0xE009, 
0xE009, 0xE009, 0xE009, 0xE009, 0xE009, 0xE009, 0xE009, 0xE009, 0xE009, 0xE009, 0xE009, 0xE009, 0xE009, 0xE009, 0xE009, 0xE009, 
0xE009, 0xE009, 0xE009, 0xE009, 0xE009, 0xE009, 0xE009, 0xE009, 0xE009, 0xE009, 0xE009, 0xE009, 0xE009, 0xE009, 0xE009, 0xE009, 
0xE009, 0xE009, 0xE009, 0xE009, 0xE009, 0xE009, 0xE009, 0xE009, 0xE009, 0xE009, 0xE009, 0xE009, 0xE009, 0xE009, 0xE009, 0xE009, 
0xE009, 0xE009, 0xE009, 0xE009, 0xE009, 0xE009, 0xE009, 0xE009, 0xE009, 0xE009, 0xE009, 0xE009, 0xE009, 0xE009, 0xE009, 0xE009, 
0xE009, 0xE009, 0xE009, 0xE009, 0xE009, 0xE009, 0xE009, 0xE009, 0xE009, 0xE009, 0xE009, 0xE009, 0xE009, 0xE009, 0xE009, 0xE009, 
0xE009, 0xE009, 0xE009, 0xE009, 0xE009, 0xE009, 0xE009, 0xE009, 0xE009, 0xE009, 0xE009, 0xE009, 0xE009, 0xE009, 0xE009, 0xE009, 
0xE009, 0xE009, 0xE009, 0xE009, 0xE009, 0xE009, 0xE009, 0xE009, 0xE009, 0xE009, 0xE009, 0xE009, 0xE009, 0xE009, 0xE009, 0xE009, 
0xE009, 0xE009, 0xE009, 0xE009, 0xE009, 0xE009, 0xE009, 0xE009, 0xE009, 0xE009, 0xE009, 0xE009, 0xE009, 0xE009, 0xE009, 0xE009, 
0xE009, 0xE009, 0xE009, 0xE009, 0xE009, 0xE009, 0xE009, 0xE009, 0xE009, 0xE009, 0xE009, 0xE009, 0xE009, 0xE009, 0xE009, 0xE009, 
0xE009, 0xE009, 0xE009, 0xE009, 0xE009, 0xE009, 0xE009, 0xE009, 0xE009, 0xE009, 0xE009, 0xE009, 0xE009, 0xE009, 0xE009, 0xE009, 
0xE009, 0xE009, 0xE009, 0xE009, 0xE009, 0xE009, 0xE009, 0xE009, 0xE009, 0xE009, 0xE009, 0xE009, 0xE009, 0xE009, 0xE009, 0xE009, 
0xE009, 0xE009, 0xE009, 0xE009, 0xE009, 0xE009, 0xE009, 0xE009, 0xE009, 0xE009, 0xE009, 0xE009, 0xE009, 0xE009, 0xE009, 0xE009, 
0xE009, 0xE009, 0xE009, 0xE009, 0xE009, 0xE009, 0xE009, 0xE009, 0xE009, 0xE009, 0xE009, 0xE009, 0xE009, 0xE009, 0xE009, 0xE009, 
0xE009, 0xE009, 0xE009, 0xE009, 0xE009, 0xE009, 0xE009, 0xE009, 0xE009, 0xE009, 0xE009, 0xE009, 0xE009, 0xE009, 0xE009, 0xE009, 
0xE009, 0xE009, 0xE009, 0xE009, 0xE009, 0xE009, 0xE009, 0xE009, 0xE009, 0xE009, 0xE009, 0xE009, 0xE009, 0xE009, 0xE009, 0xE009, 
0xE009, 0xE009, 0xE009, 0xE009, 0xE009, 0xE009, 0xE009, 0xE009, 0xE009, 0xE009, 0xE009, 0xE009, 0xE009, 0xE009, 0xE009, 0xE009, 
0xE009, 0xE009, 0xE009, 0xE009, 0xE009, 0xE009, 0xE009, 0xE009, 0xE009, 0xE009, 0xE009, 0xE009, 0xE009, 0xE009, 0xE009, 0xE009, 
0xE009, 0xE009, 0xE009, 0xE009, 0xE009, 0xE009, 0xE009, 0xE009, 0xE009, 0xE009, 0xE009, 0xE009, 0xE009, 0xE009, 0xE009, 0xE009, 
0xE009, 0xE009, 0xE009, 0xE009, 0xE009, 0xE009, 0xE009, 0xE009, 0xE009, 0xE009, 0xE009, 0xE009, 0xE009, 0xE009, 0xE009, 0xE009, 
0xE009, 0xE009, 0xE009, 0xE009, 0xE009, 0xE009, 0xE009, 0xE009, 0xE009, 0xE009, 0xE009, 0xE009, 0xE009, 0xE009, 0xE009, 0xE009, 
0xE009, 0xE009, 0xE009, 0xE009, 0xE009, 0xE009, 0xE009, 0xE009, 0xE009, 0xE009, 0xE009, 0xE009, 0xE009, 0xE009, 0xE009, 0xE009, 
0xE009, 0xE009, 0xE009, 0xE009, 0xE009, 0xE009, 0xE009, 0xE009, 0xE009, 0xE009, 0xE009, 0xE009, 0xE009, 0xE009, 0xE009, 0xE009, 
0xE009, 0xE009, 0xE009, 0xE009, 0xE009, 0xE009, 0xE009, 0xE009, 0xE009, 0xE009, 0xE009, 0xE009, 0xE009, 0xE009, 0xE009, 0xE009, 
0xE009, 0xE009, 0xE009, 0xE009, 0xE009, 0xE009, 0xE009, 0xE009, 0xE009, 0xE009, 0xE009, 0xE009, 0xE009, 0xE009, 0xE009, 0xE009, 
0xE009, 0xE009, 0xE009, 0xE009, 0xE009, 0xE009, 0xE009, 0xE009, 0xE009, 0xE009, 0xE009, 0xE009, 0xE009, 0xE009, 0xE009, 0xE009, 
0xE009, 0xE009, 0xE009, 0xE009, 0xE009, 0xE009, 0xE009, 0xE009, 0xE009, 0xE009, 0xE009, 0xE009, 0xE009, 0xE009, 0xE009, 0xE009, 
0xE009, 0xE009, 0xE009, 0xE009, 0xE009, 0xE009, 0xE009, 0xE009, 0xE009, 0xE009, 0xE009, 0xE009, 0xE009, 0xE009, 0xE009, 0xE009, 
0xE009, 0xE009, 0xE009, 0xE009, 0xE009, 0xE009, 0xE009, 0xE009, 0xE009, 0xE009, 0xE009, 0xE009, 0xE009, 0xE009, 0xE009, 0xE009, 
0xE009, 0xE009, 0xE009, 0xE009, 0xE009, 0xE009, 0xE009, 0xE009, 0xE009, 0xE009, 0xE009, 0xE009, 0xE009, 0xE009, 0xE009, 0xE009, 
0xE009, 0xE009, 0xE009, 0xE009, 0xE009, 0xE009, 0xE009, 0xE009, 0xE009, 0xE009, 0xE009, 0xE009, 0xE009, 0xE009, 0xE009, 0xE009, 
0xE009, 0xE009, 0xE009, 0xE009, 0xE009, 0xE009, 0xE009, 0xE009, 0xE009, 0xE009, 0xE009, 0xE009, 0xE009, 0xE009, 0xE009, 0xE009, 
0xE009, 0xE009, 0xE009, 0xE009, 0xE009, 0xE009, 0xE009, 0xE009, 0xE009, 0xE009, 0xE009, 0xE009, 0xE009, 0xE009, 0xE009, 0xE009, 
0xE009, 0xE009, 0xE009, 0xE009, 0xE009, 0xE009, 0xE009, 0xE009, 0xE009, 0xE009, 0xE009, 0xE009, 0xE009, 0xE009, 0xE009, 0xE009, 
0xE009, 0xE009, 0xE009, 0xE009, 0xE009, 0xE009, 0xE009, 0xE009, 0xE009, 0xE009, 0xE009, 0xE009, 0xE009, 0xE009, 0xE009, 0xE009, 
0xE009, 0xE009, 0xE009, 0xE009, 0xE009, 0xE009, 0xE009, 0xE009, 0xE009, 0xE009, 0xE009, 0xE009, 0xE009, 0xE009, 0xE009, 0xE009, 
0xE009, 0xE009, 0xE009, 0xE009, 0xE009, 0xE009, 0xE009, 0xE009, 0xE009, 0xE009, 0xE009, 0xE009, 0xE009, 0xE009, 0xE009, 0xE009, 
0xE009, 0xE009, 0xE009, 0xE009, 0xE009, 0xE009, 0xE009, 0xE009, 0xE009, 0xE009, 0xE009, 0xE009, 0xE009, 0xE009, 0xE009, 0xE009, 
0xE009, 0xE009, 0xE009, 0xE009, 0xE009, 0xE009, 0xE009, 0xE009, 0xE009, 0xE009, 0xE009, 0xE009, 0xE009, 0xE009, 0xE009, 0xE009, 
0xE009, 0xE009, 0xE009, 0xE009, 0xE009, 0xE009, 0xE009, 0xE009, 0xE009, 0xE009, 0xE009, 0xE009, 0xE009, 0xE009, 0xE009, 0xE009, 
0xE009, 0xE009, 0xE009, 0xE009, 0xE009, 0xE009, 0xE009, 0xE009, 0xE009, 0xE009, 0xE009, 0xE009, 0xE009, 0xE009, 0xE009, 0xE009, 
0xE009, 0xE009, 0xE009, 0xE009, 0xE009, 0xE009, 0xE009, 0xE009, 0xE009, 0xE009, 0xE009, 0xE009, 0xE009, 0xE009, 0xE009, 0xE009, 
0xE009, 0xE009, 0xE009, 0xE009, 0xE009, 0xE009, 0xE009, 0xE009, 0xE009, 0xE009, 0xE009, 0xE009, 0xE009, 0xE009, 0xE009, 0xE009, 
0xE009, 0xE009, 0xE009, 0xE009, 0xE009, 0xE009, 0xE009, 0xE009, 0xE009, 0xE009, 0xE009, 0xE009, 0xE009, 0xE009, 0xE009, 0xE009, 
0xE009, 0xE009, 0xE009, 0xE009, 0xE009, 0xE009, 0xE009, 0xE009, 0xE009, 0xE009, 0xE009, 0xE009, 0xE009, 0xE009, 0xE009, 0xE009, 
0xE009, 0xE009, 0xE009, 0xE009, 0xE009, 0xE009, 0xE009, 0xE009, 0xE009, 0xE009, 0xE009, 0xE009, 0xE009, 0xE009, 0xE009, 0xE009, 
0xE009, 0xE009, 0xE009, 0xE009, 0xE009, 0xE009, 0xE009, 0xE009, 0xE009, 0xE009, 0xE009, 0xE009, 0xE009, 0xE009, 0xE009, 0xE009, 
0xE009, 0xE009, 0xE009, 0xE009, 0xE009, 0xE009, 0xE009, 0xE009, 0xE009, 0xE009, 0xE009, 0xE009, 0xE009, 0xE009, 0xE009, 0xE009, 
0xE009, 0xE009, 0xE009, 0xE009, 0xE009, 0xE009, 0xE009, 0xE009, 0xE009, 0xE009, 0xE009, 0xE009, 0xE009, 0xE009, 0xE009, 0xE009, 
0xE009, 0xE009, 0xE009, 0xE009, 0xE009, 0xE009, 0xE009, 0xE009, 0xE009, 0xE009, 0xE009, 0xE009, 0xE009, 0xE009, 0xE009, 0xE009, 
0xE009, 0xE009, 0xE009, 0xE009, 0xE009, 0xE009, 0xE009, 0xE009, 0xE009, 0xE009, 0xE009, 0xE009, 0xE009, 0xE009, 0xE009, 0xE009, 
0xE009, 0xE009, 0xE009, 0xE009, 0xE009, 0xE009, 0xE009, 0xE009, 0xE009, 0xE009, 0xE009, 0xE009, 0xE009, 0xE009, 0xE009, 0xE009, 
0xE009, 0xE009, 0xE009, 0xE009, 0xE009, 0xE009, 0xE009, 0xE009, 0xE009, 0xE009, 0xE009, 0xE009, 0xE009, 0xE009, 0xE009, 0xE009, 
0xE009, 0xE009, 0xE009, 0xE009, 0xE009, 0xE009, 0xE009, 0xE009, 0xE009, 0xE009, 0xE009, 0xE009, 0xE009, 0xE009, 0xE009, 0xE009, 
0xE009, 0xE009, 0xE009, 0xE009, 0xE009, 0xE009, 0xE009, 0xE009, 0xE009, 0xE009, 0xE009, 0xE009, 0xE009, 0xE009, 0xE009, 0xE009, 
0xE009, 0xE009, 0xE009, 0xE009, 0xE009, 0xE009, 0xE009, 0xE009, 0xE009, 0xE009, 0xE009, 0xE009, 0xE009, 0xE009, 0xE009, 0xE009, 
0xE009, 0xE009, 0xE009, 0xE009, 0xE009, 0xE009, 0xE009, 0xE009, 0xE009, 0xE009, 0xE009, 0xE009, 0xE009, 0xE009, 0xE009, 0xE009, 
0xE009, 0xE009, 0xE009, 0xE009, 0xE009, 0xE009, 0xE009, 0xE009, 0xE009, 0xE009, 0xE009, 0xE009, 0xE009, 0xE009, 0xE009, 0xE009, 
0xE009, 0xE009, 0xE009, 0xE009, 0xE009, 0xE009, 0xE009, 0xE009, 0xE009, 0xE009, 0xE009, 0xE009, 0xE009, 0xE009, 0xE009, 0xE009, 
0xE009, 0xE009, 0xE009, 0xE009, 0xE009, 0xE009, 0xE009, 0xE009, 0xE009, 0xE009, 0xE009, 0xE009, 0xE009, 0xE009, 0xE009, 0xE009, 
0xE009, 0xE009, 0xE009, 0xE009, 0xE009, 0xE009, 0xE009, 0xE009, 0xE009, 0xE009, 0xE009, 0xE009, 0xE009, 0xE009, 0xE009, 0xE009, 
0xE009, 0xE009, 0xE009, 0xE009, 0xE009, 0xE009, 0xE009, 0xE009, 0xE009, 0xE009, 0xE009, 0xE009, 0xE009, 0xE009, 0xE009, 0xE009, 
0xE009, 0xE009, 0xE009, 0xE009, 0xE009, 0xE009, 0xE009, 0xE009, 0xE009, 0xE009, 0xE009, 0xE009, 0xE009, 0xE009, 0xE009, 0xE009, 
0xE009, 0xE009, 0xE009, 0xE009, 0xE009, 0xE009, 0xE009, 0xE009, 0xE009, 0xE009, 0xE009, 0xE009, 0xE009, 0xE009, 0xE009, 0xE009, 
0xE009, 0xE009, 0xE009, 0xE009, 0xE009, 0xE009, 0xE009, 0xE009, 0xE009, 0xE009, 0xE009, 0xE009, 0xE009, 0xE009, 0xE009, 0xE009, 
0xE009, 0xE009, 0xE009, 0xE009, 0xE009, 0xE009, 0xE009, 0xE009, 0xE009, 0xE009, 0xE009, 0xE009, 0xE009, 0xE009, 0xE009, 0xE009, 
0xE009, 0xE009, 0xE009, 0xE009, 0xE009, 0xE009, 0xE009, 0xE009, 0xE009, 0xE009, 0xE009, 0xE009, 0xE009, 0xE009, 0xE009, 0xE009, 
0xE009, 0xE009, 0xE009, 0xE009, 0xE009, 0xE009, 0xE009, 0xE009, 0xE009, 0xE009, 0xE009, 0xE009, 0xE009, 0xE009, 0xE009, 0xE009, 
0xE009, 0xE009, 0xE009, 0xE009, 0xE009, 0xE009, 0xE009, 0xE009, 0xE009, 0xE009, 0xE009, 0xE009, 0xE009, 0xE009, 0xE009, 0xE009, 
0xE009, 0xE009, 0xE009, 0xE009, 0xE009, 0xE009, 0xE009, 0xE009, 0xE009, 0xE009, 0xE009, 0xE009, 0xE009, 0xE009, 0xE009, 0xE009, 
0xE009, 0xE009, 0xE009, 0xE009, 0xE009, 0xE009, 0xE009, 0xE009, 0xE009, 0xE009, 0xE009, 0xE009, 0xE009, 0xE009, 0xE009, 0xE009, 
0xE009, 0xE009, 0xE009, 0xE009, 0xE009, 0xE009, 0xE009, 0xE009, 0xE009, 0xE009, 0xE009, 0xE009, 0xE009, 0xE009, 0xE009, 0xE009, 
0xE009, 0xE009, 0xE009, 0xE009, 0xE009, 0xE009, 0xE009, 0xE009, 0xE009, 0xE009, 0xE009, 0xE009, 0xE009, 0xE009, 0xE009, 0xE009, 
0xE009, 0xE009, 0xE009, 0xE009, 0xE009, 0xE009, 0xE009, 0xE009, 0xE009, 0xE009, 0xE009, 0xE009, 0xE009, 0xE009, 0xE009, 0xE009, 
0xE009, 0xE009, 0xE009, 0xE009, 0xE009, 0xE009, 0xE009, 0xE009, 0xE009, 0xE009, 0xE009, 0xE009, 0xE009, 0xE009, 0xE009, 0xE009, 
0xE009, 0xE009, 0xE009, 0xE009, 0xE009, 0xE009, 0xE009, 0xE009, 0xE009, 0xE009, 0xE009, 0xE009, 0xE009, 0xE009, 0xE009, 0xE009, 
0xE009, 0xE009, 0xE009, 0xE009, 0xE009, 0xE009, 0xE009, 0xE009, 0xE009, 0xE009, 0xE009, 0xE009, 0xE009, 0xE009, 0xE009, 0xE009, 
0xE009, 0xE009, 0xE009, 0xE009, 0xE009, 0xE009, 0xE009, 0xE009, 0xE009, 0xE009, 0xE009, 0xE009, 0xE009, 0xE009, 0xE009, 0xE009, 
0xE009, 0xE009, 0xE009, 0xE009, 0xE009, 0xE009, 0xE009, 0xE009, 0xE009, 0xE009, 0xE009, 0xE009, 0xE009, 0xE009, 0xE009, 0xE009, 
0xE009, 0xE009, 0xE009, 0xE009, 0xE009, 0xE009, 0xE009, 0xE009, 0xE009, 0xE009, 0xE009, 0xE009, 0xE009, 0xE009, 0xE009, 0xE009, 
0xE009, 0xE009, 0xE009, 0xE009, 0xE009, 0xE009, 0xE009, 0xE009, 0xE009, 0xE009, 0xE009, 0xE009, 0xE009, 0xE009, 0xE009, 0xE009, 
0xE009, 0xE009, 0xE009, 0xE009, 0xE009, 0xE009, 0xE009, 0xE009, 0xE009, 0xE009, 0xE009, 0xE009, 0xE009, 0xE009, 0xE009, 0xE009, 
0xE009, 0xE009, 0xE009, 0xE009, 0xE009, 0xE009, 0xE009, 0xE009, 0xE009, 0xE009, 0xE009, 0xE009, 0xE009, 0xE009, 0xE009, 0xE009, 
0xE009, 0xE009, 0xE009, 0xE009, 0xE009, 0xE009, 0xE009, 0xE009, 0xE009, 0xE009, 0xE009, 0xE009, 0xE009, 0xE009, 0xE009, 0xE009, 
0xE009, 0xE009, 0xE009, 0xE009, 0xE009, 0xE009, 0xE009, 0xE009, 0xE009, 0xE009, 0xE009, 0xE009, 0xE009, 0xE009, 0xE009, 0xE009, 
0xE009, 0xE009, 0xE009, 0xE009, 0xE009, 0xE009, 0xE009, 0xE009, 0xE009, 0xE009, 0xE009, 0xE009, 0xE009, 0xE009, 0xE009, 0xE009, 
0xE009, 0xE009, 0xE009, 0xE009, 0xE009, 0xE009, 0xE009, 0xE009, 0xE009, 0xE009, 0xE009, 0xE009, 0xE009, 0xE009, 0xE009, 0xE009, 
0xE009, 0xE009, 0xE009, 0xE009, 0xE009, 0xE009, 0xE009, 0xE009, 0xE009, 0xE009, 0xE009, 0xE009, 0xE009, 0xE009, 0xE009, 0xE009, 
0xE009, 0xE009, 0xE009, 0xE009, 0xE009, 0xE009, 0xE009, 0xE009, 0xE009, 0xE009, 0xE009, 0xE009, 0xE009, 0xE009, 0xE009, 0xE009, 
0xE009, 0xE009, 0xE009, 0xE009, 0xE009, 0xE009, 0xE009, 0xE009, 0xE009, 0xE009, 0xE009, 0xE009, 0xE009, 0xE009, 0xE009, 0xE009, 
0xE009, 0xE009, 0xE009, 0xE009, 0xE009, 0xE009, 0xE009, 0xE009, 0xE009, 0xE009, 0xE009, 0xE009, 0xE009, 0xE009, 0xE009, 0xE009, 
0xE009, 0xE009, 0xE009, 0xE009, 0xE009, 0xE009, 0xE009, 0xE009, 0xE009, 0xE009, 0xE009, 0xE009, 0xE009, 0xE009, 0xE009, 0xE009, 
0xE009, 0xE009, 0xE009, 0xE009, 0xE009, 0xE009, 0xE009, 0xE009, 0xE009, 0xE009, 0xE009, 0xE009, 0xE009, 0xE009, 0xE009, 0xE009, 
0xE009, 0xE009, 0xE009, 0xE009, 0xE009, 0xE009, 0xE009, 0xE009, 0xE009, 0xE009, 0xE009, 0xE009, 0xE009, 0xE009, 0xE009, 0xE009, 
0xE009, 0xE009, 0xE009, 0xE009, 0xE009, 0xE009, 0xE009, 0xE009, 0xE009, 0xE009, 0xE009, 0xE009, 0xE009, 0xE009, 0xE009, 0xE009, 
0xE009, 0xE009, 0xE009, 0xE009, 0xE009, 0xE009, 0xE009, 0xE009, 0xE009, 0xE009, 0xE009, 0xE009, 0xE009, 0xE009, 0xE009, 0xE009, 
0xE009, 0xE009, 0xE009, 0xE009, 0xE009, 0xE009, 0xE009, 0xE009, 0xE009, 0xE009, 0xE009, 0xE009, 0xE009, 0xE009, 0xE009, 0xE009, 
0xE009, 0xE009, 0xE009, 0xE009, 0xE009, 0xE009, 0xE009, 0xE009, 0xE009, 0xE009, 0xE009, 0xE009, 0xE009, 0xE009, 0xE009, 0xE009, 
0xE009, 0xE009, 0xE009, 0xE009, 0xE009, 0xE009, 0xE009, 0xE009, 0xE009, 0xE009, 0xE009, 0xE009, 0xE009, 0xE009, 0xE009, 0xE009, 
0xE009, 0xE009, 0xE009, 0xE009, 0xE009, 0xE009, 0xE009, 0xE009, 0xE009, 0xE009, 0xE009, 0xE009, 0xE009, 0xE009, 0xE009, 0xE009, 
0xE009, 0xE009, 0xE009, 0xE009, 0xE009, 0xE009, 0xE009, 0xE009, 0xE009, 0xE009, 0xE009, 0xE009, 0xE009, 0xE009, 0xE009, 0xE009, 
0xE009, 0xE009, 0xE009, 0xE009, 0xE009, 0xE009, 0xE009, 0xE009, 0xE009, 0xE009, 0xE009, 0xE009, 0xE009, 0xE009, 0xE009, 0xE009, 
0xE009, 0xE009, 0xE009, 0xE009, 0xE009, 0xE009, 0xE009, 0xE009, 0xE009, 0xE009, 0xE009, 0xE009, 0xE009, 0xE009, 0xE009, 0xE009, 
0xE009, 0xE009, 0xE009, 0xE009, 0xE009, 0xE009, 0xE009, 0xE009, 0xE009, 0xE009, 0xE009, 0xE009, 0xE009, 0xE009, 0xE009, 0xE009, 
0xE009, 0xE009, 0xE009, 0xE009, 0xE009, 0xE009, 0xE009, 0xE009, 0xE009, 0xE009, 0xE009, 0xE009, 0xE009, 0xE009, 0xE009, 0xE009, 
0xE009, 0xE009, 0xE009, 0xE009, 0xE009, 0xE009, 0xE009, 0xE009, 0xE009, 0xE009, 0xE009, 0xE009, 0xE009, 0xE009, 0xE009, 0xE009, 
0xE009, 0xE009, 0xE009, 0xE009, 0xE009, 0xE009, 0xE009, 0xE009, 0xE009, 0xE009, 0xE009, 0xE009, 0xE009, 0xE009, 0xE009, 0xE009, 
0xE009, 0xE009, 0xE009, 0xE009, 0xE009, 0xE009, 0xE009, 0xE009, 0xE009, 0xE009, 0xE009, 0xE009, 0xE009, 0xE009, 0xE009, 0xE009, 
0xE009, 0xE009, 0xE009, 0xE009, 0xE009, 0xE009, 0xE009, 0xE009, 0xE009, 0xE009, 0xE009, 0xE009, 0xE009, 0xE009, 0xE009, 0xE009, 
0xE009, 0xE009, 0xE009, 0xE009, 0xE009, 0xE009, 0xE009, 0xE009, 0xE009, 0xE009, 0xE009, 0xE009, 0xE009, 0xE009, 0xE009, 0xE009, 
0xE009, 0xE009, 0xE009, 0xE009, 0xE009, 0xE009, 0xE009, 0xE009, 0xE009, 0xE009, 0xE009, 0xE009, 0xE009, 0xE009, 0xE009, 0xE009, 
0xE009, 0xE009, 0xE009, 0xE009, 0xE009, 0xE009, 0xE009, 0xE009, 0xE009, 0xE009, 0xE009, 0xE009, 0xE009, 0xE009, 0xE009, 0xE009, 
0xE009, 0xE009, 0xE009, 0xE009, 0xE009, 0xE009, 0xE009, 0xE009, 0xE009, 0xE009, 0xE009, 0xE009, 0xE009, 0xE009, 0xE009, 0xE009, 
0xE009, 0xE009, 0xE009, 0xE009, 0xE009, 0xE009, 0xE009, 0xE009, 0xE009, 0xE009, 0xE009, 0xE009, 0xE009, 0xE009, 0xE009, 0xE009, 
0xE009, 0xE009, 0xE009, 0xE009, 0xE009, 0xE009, 0xE009, 0xE009, 0xE009, 0xE009, 0xE009, 0xE009, 0xE009, 0xE009, 0xE009, 0xE009, 
0xE009, 0xE009, 0xE009, 0xE009, 0xE009, 0xE009, 0xE009, 0xE009, 0xE009, 0xE009, 0xE009, 0xE009, 0xE009, 0xE009, 0xE009, 0xE009, 
0xE009, 0xE009, 0xE009, 0xE009, 0xE009, 0xE009, 0xE009, 0xE009, 0xE009, 0xE009, 0xE009, 0xE009, 0xE009, 0xE009, 0xE009, 0xE009, 
0xE009, 0xE009, 0xE009, 0xE009, 0xE009, 0xE009, 0xE009, 0xE009, 0xE009, 0xE009, 0xE009, 0xE009, 0xE009, 0xE009, 0xE009, 0xE009, 
0xE009, 0xE009, 0xE009, 0xE009, 0xE009, 0xE009, 0xE009, 0xE009, 0xE009, 0xE009, 0xE009, 0xE009, 0xE009, 0xE009, 0xE009, 0xE009, 
0xE009, 0xE009, 0xE009, 0xE009, 0xE009, 0xE009, 0xE009, 0xE009, 0xE009, 0xE009, 0xE009, 0xE009, 0xE009, 0xE009, 0xE009, 0xE009, 
0xE009, 0xE009, 0xE009, 0xE009, 0xE009, 0xE009, 0xE009, 0xE009, 0xE009, 0xE009, 0xE009, 0xE009, 0xE009, 0xE009, 0xE009, 0xE009, 
0xE009, 0xE009, 0xE009, 0xE009, 0xE009, 0xE009, 0xE009, 0xE009, 0xE009, 0xE009, 0xE009, 0xE009, 0xE009, 0xE009, 0xE009, 0xE009, 
0xE009, 0xE009, 0xE009, 0xE009, 0xE009, 0xE009, 0xE009, 0xE009, 0xE009, 0xE009, 0xE009, 0xE009, 0xE009, 0xE009, 0xE009, 0xE009, 
0xE009, 0xE009, 0xE009, 0xE009, 0xE009, 0xE009, 0xE009, 0xE009, 0xE009, 0xE009, 0xE009, 0xE009, 0xE009, 0xE009, 0xE009, 0xE009, 
0xE009, 0xE009, 0xE009, 0xE009, 0xE009, 0xE009, 0xE009, 0xE009, 0xE009, 0xE009, 0xE009, 0xE009, 0xE009, 0xE009, 0xE009, 0xE009, 
0xE009, 0xE009, 0xE009, 0xE009, 0xE009, 0xE009, 0xE009, 0xE009, 0xE009, 0xE009, 0xE009, 0xE009, 0xE009, 0xE009, 0xE009, 0xE009, 
0xE009, 0xE009, 0xE009, 0xE009, 0xE009, 0xE009, 0xE009, 0xE009, 0xE009, 0xE009, 0xE009, 0xE009, 0xE009, 0xE009, 0xE009, 0xE009, 
0xE009, 0xE009, 0xE009, 0xE009, 0xE009, 0xE009, 0xE009, 0xE009, 0xE009, 0xE009, 0xE009, 0xE009, 0xE009, 0xE009, 0xE009, 0xE009, 
0xE009, 0xE009, 0xE009, 0xE009, 0xE009, 0xE009, 0xE009, 0xE009, 0xE009, 0xE009, 0xE009, 0xE009, 0xE009, 0xE009, 0xE009, 0xE009, 
0xE009, 0xE009, 0xE009, 0xE009, 0xE009, 0xE009, 0xE009, 0xE009, 0xE009, 0xE009, 0xE009, 0xE009, 0xE009, 0xE009, 0xE009, 0xE009, 
0xE009, 0xE009, 0xE009, 0xE009, 0xE009, 0xE009, 0xE009, 0xE009, 0xE009, 0xE009, 0xE009, 0xE009, 0xE009, 0xE009, 0xE009, 0xE009, 
0xE009, 0xE009, 0xE009, 0xE009, 0xE009, 0xE009, 0xE009, 0xE009, 0xE009, 0xE009, 0xE009, 0xE009, 0xE009, 0xE009, 0xE009, 0xE009, 
0xE009, 0xE009, 0xE009, 0xE009, 0xE009, 0xE009, 0xE009, 0xE009, 0xE009, 0xE009, 0xE009, 0xE009, 0xE009, 0xE009, 0xE009, 0xE009, 
0xE009, 0xE009, 0xE009, 0xE009, 0xE009, 0xE009, 0xE009, 0xE009, 0xE009, 0xE009, 0xE009, 0xE009, 0xE009, 0xE009, 0xE009, 0xE009, 
0xE009, 0xE009, 0xE009, 0xE009, 0xE009, 0xE009, 0xE009, 0xE009, 0xE009, 0xE009, 0xE009, 0xE009, 0xE009, 0xE009, 0xE009, 0xE009, 
0xE009, 0xE009, 0xE009, 0xE009, 0xE009, 0xE009, 0xE009, 0xE009, 0xE009, 0xE009, 0xE009, 0xE009, 0xE009, 0xE009, 0xE009, 0xE009, 
0xE009, 0xE009, 0xE009, 0xE009, 0xE009, 0xE009, 0xE009, 0xE009, 0xE009, 0xE009, 0xE009, 0xE009, 0xE009, 0xE009, 0xE009, 0xE009, 
0xE009, 0xE009, 0xE009, 0xE009, 0xE009, 0xE009, 0xE009, 0xE009, 0xE009, 0xE009, 0xE009, 0xE009, 0xE009, 0xE009, 0xE009, 0xE009, 
0xE009, 0xE009, 0xE009, 0xE009, 0xE009, 0xE009, 0xE009, 0xE009, 0xE009, 0xE009, 0xE009, 0xE009, 0xE009, 0xE009, 0xE009, 0xE009, 
0xE009, 0xE009, 0xE009, 0xE009, 0xE009, 0xE009, 0xE009, 0xE009, 0xE009, 0xE009, 0xE009, 0xE009, 0xE009, 0xE009, 0xE009, 0xE009, 
0xE009, 0xE009, 0xE009, 0xE009, 0xE009, 0xE009, 0xE009, 0xE009, 0xE009, 0xE009, 0xE009, 0xE009, 0xE009, 0xE009, 0xE009, 0xE009, 
0xE009, 0xE009, 0xE009, 0xE009, 0xE009, 0xE009, 0xE009, 0xE009, 0xE009, 0xE009, 0xE009, 0xE009, 0xE009, 0xE009, 0xE009, 0xE009, 
0xE009, 0xE009, 0xE009, 0xE009, 0xE009, 0xE009, 0xE009, 0xE009, 0xE009, 0xE009, 0xE009, 0xE009, 0xE009, 0xE009, 0xE009, 0xE009, 
0xE009, 0xE009, 0xE009, 0xE009, 0xE009, 0xE009, 0xE009, 0xE009, 0xE009, 0xE009, 0xE009, 0xE009, 0xE009, 0xE009, 0xE009, 0xE009, 
0xE009, 0xE009, 0xE009, 0xE009, 0xE009, 0xE009, 0xE009, 0xE009, 0xE009, 0xE009, 0xE009, 0xE009, 0xE009, 0xE009, 0xE009, 0xE009, 
0xE009, 0xE009, 0xE009, 0xE009, 0xE009, 0xE009, 0xE009, 0xE009, 0xE009, 0xE009, 0xE009, 0xE009, 0xE009, 0xE009, 0xE009, 0xE009, 
0xE009, 0xE009, 0xE009, 0xE009, 0xE009, 0xE009, 0xE009, 0xE009, 0xE009, 0xE009, 0xE009, 0xE009, 0xE009, 0xE009, 0xE009, 0xE009, 
0xE009, 0xE009, 0xE009, 0xE009, 0xE009, 0xE009, 0xE009, 0xE009, 0xE009, 0xE009, 0xE009, 0xE009, 0xE009, 0xE009, 0xE009, 0xE009, 
0xE009, 0xE009, 0xE009, 0xE009, 0xE009, 0xE009, 0xE009, 0xE009, 0xE009, 0xE009, 0xE009, 0xE009, 0xE009, 0xE009, 0xE009, 0xE009, 
0xE009, 0xE009, 0xE009, 0xE009, 0xE009, 0xE009, 0xE009, 0xE009, 0xE009, 0xE009, 0xE009, 0xE009, 0xE009, 0xE009, 0xE009, 0xE009, 
0xE009, 0xE009, 0xE009, 0xE009, 0xE009, 0xE009, 0xE009, 0xE009, 0xE009, 0xE009, 0xE009, 0xE009, 0xE009, 0xE009, 0xE009, 0xE009, 
0xE009, 0xE009, 0xE009, 0xE009, 0xE009, 0xE009, 0xE009, 0xE009, 0xE009, 0xE009, 0xE009, 0xE009, 0xE009, 0xE009, 0xE009, 0xE009, 
0xE009, 0xE009, 0xE009, 0xE009, 0xE009, 0xE009, 0xE009, 0xE009, 0xE009, 0xE009, 0xE009, 0xE009, 0xE009, 0xE009, 0xE009, 0xE009, 
0xE009, 0xE009, 0xE009, 0xE009, 0xE009, 0xE009, 0xE009, 0xE009, 0xE009, 0xE009, 0xE009, 0xE009, 0xE009, 0xE009, 0xE009, 0xE009, 
0xE009, 0xE009, 0xE009, 0xE009, 0xE009, 0xE009, 0xE009, 0xE009, 0xE009, 0xE009, 0xE009, 0xE009, 0xE009, 0xE009, 0xE009, 0xE009, 
0xE009, 0xE009, 0xE009, 0xE009, 0xE009, 0xE009, 0xE009, 0xE009, 0xE009, 0xE009, 0xE009, 0xE009, 0xE009, 0xE009, 0xE009, 0xE009, 
0xE009, 0xE009, 0xE009, 0xE009, 0xE009, 0xE009, 0xE009, 0xE009, 0xE009, 0xE009, 0xE009, 0xE009, 0xE009, 0xE009, 0xE009, 0xE009, 
0xE009, 0xE009, 0xE009, 0xE009, 0xE009, 0xE009, 0xE009, 0xE009, 0xE009, 0xE009, 0xE009, 0xE009, 0xE009, 0xE009, 0xE009, 0xE009, 
0xE009, 0xE009, 0xE009, 0xE009, 0xE009, 0xE009, 0xE009, 0xE009, 0xE009, 0xE009, 0xE009, 0xE009, 0xE009, 0xE009, 0xE009, 0xE009, 
0xE009, 0xE009, 0xE009, 0xE009, 0xE009, 0xE009, 0xE009, 0xE009, 0xE009, 0xE009, 0xE009, 0xE009, 0xE009, 0xE009, 0xE009, 0xE009, 
0xE009, 0xE009, 0xE009, 0xE009, 0xE009, 0xE009, 0xE009, 0xE009, 0xE009, 0xE009, 0xE009, 0xE009, 0xE009, 0xE009, 0xE009, 0xE009, 
0xE009, 0xE009, 0xE009, 0xE009, 0xE009, 0xE009, 0xE009, 0xE009, 0xE009, 0xE009, 0xE009, 0xE009, 0xE009, 0xE009, 0xE009, 0xE009, 
0xE009, 0xE009, 0xE009, 0xE009, 0xE009, 0xE009, 0xE009, 0xE009, 0xE009, 0xE009, 0xE009, 0xE009, 0xE009, 0xE009, 0xE009, 0xE009, 
0xE009, 0xE009, 0xE009, 0xE009, 0xE009, 0xE009, 0xE009, 0xE009, 0xE009, 0xE009, 0xE009, 0xE009, 0xE009, 0xE009, 0xE009, 0xE009, 
0xE009, 0xE009, 0xE009, 0xE009, 0xE009, 0xE009, 0xE009, 0xE009, 0xE009, 0xE009, 0xE009, 0xE009, 0xE009, 0xE009, 0xE009, 0xE009, 
0xE009, 0xE009, 0xE009, 0xE009, 0xE009, 0xE009, 0xE009, 0xE009, 0xE009, 0xE009, 0xE009, 0xE009, 0xE009, 0xE009, 0xE009, 0xE009, 
0xE009, 0xE009, 0xE009, 0xE009, 0xE009, 0xE009, 0xE009, 0xE009, 0xE009, 0xE009, 0xE009, 0xE009, 0xE009, 0xE009, 0xE009, 0xE009, 
0xE009, 0xE009, 0xE009, 0xE009, 0xE009, 0xE009, 0xE009, 0xE009, 0xE009, 0xE009, 0xE009, 0xE009, 0xE009, 0xE009, 0xE009, 0xE009, 
0xE009, 0xE009, 0xE009, 0xE009, 0xE009, 0xE009, 0xE009, 0xE009, 0xE009, 0xE009, 0xE009, 0xE009, 0xE009, 0xE009, 0xE009, 0xE009, 
0xE009, 0xE009, 0xE009, 0xE009, 0xE009, 0xE009, 0xE009, 0xE009, 0xE009, 0xE009, 0xE009, 0xE009, 0xE009, 0xE009, 0xE009, 0xE009, 
0xE009, 0xE009, 0xE009, 0xE009, 0xE009, 0xE009, 0xE009, 0xE009, 0xE009, 0xE009, 0xE009, 0xE009, 0xE009, 0xE009, 0xE009, 0xE009, 
0xE009, 0xE009, 0xE009, 0xE009, 0xE009, 0xE009, 0xE009, 0xE009, 0xE009, 0xE009, 0xE009, 0xE009, 0xE009, 0xE009, 0xE009, 0xE009, 
0xE009, 0xE009, 0xE009, 0xE009, 0xE009, 0xE009, 0xE009, 0xE009, 0xE009, 0xE009, 0xE009, 0xE009, 0xE009, 0xE009, 0xE009, 0xE009, 
0xE009, 0xE009, 0xE009, 0xE009, 0xE009, 0xE009, 0xE009, 0xE009, 0xE009, 0xE009, 0xE009, 0xE009, 0xE009, 0xE009, 0xE009, 0xE009, 
0xE009, 0xE009, 0xE009, 0xE009, 0xE009, 0xE009, 0xE009, 0xE009, 0xE009, 0xE009, 0xE009, 0xE009, 0xE009, 0xE009, 0xE009, 0xE009, 
0xE009, 0xE009, 0xE009, 0xE009, 0xE009, 0xE009, 0xE009, 0xE009, 0xE009, 0xE009, 0xE009, 0xE009, 0xE009, 0xE009, 0xE009, 0xE009, 
0xE009, 0xE009, 0xE009, 0xE009, 0xE009, 0xE009, 0xE009, 0xE009, 0xE009, 0xE009, 0xE009, 0xE009, 0xE009, 0xE009, 0xE009, 0xE009, 
0xE009, 0xE009, 0xE009, 0xE009, 0xE009, 0xE009, 0xE009, 0xE009, 0xE009, 0xE009, 0xE009, 0xE009, 0xE009, 0xE009, 0xE009, 0xE009, 
0xE009, 0xE009, 0xE009, 0xE009, 0xE009, 0xE009, 0xE009, 0xE009, 0xE009, 0xE009, 0xE009, 0xE009, 0xE009, 0xE009, 0xE009, 0xE009, 
0xE009, 0xE009, 0xE009, 0xE009, 0xE009, 0xE009, 0xE009, 0xE009, 0xE009, 0xE009, 0xE009, 0xE009, 0xE009, 0xE009, 0xE009, 0xE009, 
0xE009, 0xE009, 0xE009, 0xE009, 0xE009, 0xE009, 0xE009, 0xE009, 0xE009, 0xE009, 0xE009, 0xE009, 0xE009, 0xE009, 0xE009, 0xE009, 
0xE009, 0xE009, 0xE009, 0xE009, 0xE009, 0xE009, 0xE009, 0xE009, 0xE009, 0xE009, 0xE009, 0xE009, 0xE009, 0xE009, 0xE009, 0xE009, 
0xE009, 0xE009, 0xE009, 0xE009, 0xE009, 0xE009, 0xE009, 0xE009, 0xE009, 0xE009, 0xE009, 0xE009, 0xE009, 0xE009, 0xE009, 0xE009, 
0xE009, 0xE009, 0xE009, 0xE009, 0xE009, 0xE009, 0xE009, 0xE009, 0xE009, 0xE009, 0xE009, 0xE009, 0xE009, 0xE009, 0xE009, 0xE009, 
0xE009, 0xE009, 0xE009, 0xE009, 0xE009, 0xE009, 0xE009, 0xE009, 0xE009, 0xE009, 0xE009, 0xE009, 0xE009, 0xE009, 0xE009, 0xE009, 
0xE009, 0xE009, 0xE009, 0xE009, 0xE009, 0xE009, 0xE009, 0xE009, 0xE009, 0xE009, 0xE009, 0xE009, 0xE009, 0xE009, 0xE009, 0xE009, 
0xE009, 0xE009, 0xE009, 0xE009, 0xE009, 0xE009, 0xE009, 0xE009, 0xE009, 0xE009, 0xE009, 0xE009, 0xE009, 0xE009, 0xE009, 0xE009, 
0xE009, 0xE009, 0xE009, 0xE009, 0xE009, 0xE009, 0xE009, 0xE009, 0xE009, 0xE009, 0xE009, 0xE009, 0xE009, 0xE009, 0xE009, 0xE009, 
0xE009, 0xE009, 0xE009, 0xE009, 0xE009, 0xE009, 0xE009, 0xE009, 0xE009, 0xE009, 0xE009, 0xE009, 0xE009, 0xE009, 0xE009, 0xE009, 
0xE009, 0xE009, 0xE009, 0xE009, 0xE009, 0xE009, 0xE009, 0xE009, 0xE009, 0xE009, 0xE009, 0xE009, 0xE009, 0xE009, 0xE009, 0xE009, 
0xE009, 0xE009, 0xE009, 0xE009, 0xE009, 0xE009, 0xE009, 0xE009, 0xE009, 0xE009, 0xE009, 0xE009, 0xE009, 0xE009, 0xE009, 0xE009, 
0xE009, 0xE009, 0xE009, 0xE009, 0xE009, 0xE009, 0xE009, 0xE009, 0xE009, 0xE009, 0xE009, 0xE009, 0xE009, 0xE009, 0xE009, 0xE009, 
0xE009, 0xE009, 0xE009, 0xE009, 0xE009, 0xE009, 0xE009, 0xE009, 0xE009, 0xE009, 0xE009, 0xE009, 0xE009, 0xE009, 0xE009, 0xE009, 
0xE009, 0xE009, 0xE009, 0xE009, 0xE009, 0xE009, 0xE009, 0xE009, 0xE009, 0xE009, 0xE009, 0xE009, 0xE009, 0xE009, 0xE009, 0xE009, 
0xE009, 0xE009, 0xE009, 0xE009, 0xE009, 0xE009, 0xE009, 0xE009, 0xE009, 0xE009, 0xE009, 0xE009, 0xE009, 0xE009, 0xE009, 0xE009, 
0xE009, 0xE009, 0xE009, 0xE009, 0xE009, 0xE009, 0xE009, 0xE009, 0xE009, 0xE009, 0xE009, 0xE009, 0xE009, 0xE009, 0xE009, 0xE009, 
0xE009, 0xE009, 0xE009, 0xE009, 0xE009, 0xE009, 0xE009, 0xE009, 0xE009, 0xE009, 0xE009, 0xE009, 0xE009, 0xE009, 0xE009, 0xE009, 
0xE009, 0xE009, 0xE009, 0xE009, 0xE009, 0xE009, 0xE009, 0xE009, 0xE009, 0xE009, 0xE009, 0xE009, 0xE009, 0xE009, 0xE009, 0xE009, 
0xE009, 0xE009, 0xE009, 0xE009, 0xE009, 0xE009, 0xE009, 0xE009, 0xE009, 0xE009, 0xE009, 0xE009, 0xE009, 0xE009, 0xE009, 0xE009, 
0xE009, 0xE009, 0xE009, 0xE009, 0xE009, 0xE009, 0xE009, 0xE009, 0xE009, 0xE009, 0xE009, 0xE009, 0xE009, 0xE009, 0xE009, 0xE009, 
0xE009, 0xE009, 0xE009, 0xE009, 0xE009, 0xE009, 0xE009, 0xE009, 0xE009, 0xE009, 0xE009, 0xE009, 0xE009, 0xE009, 0xE009, 0xE009, 
0xE009, 0xE009, 0xE009, 0xE009, 0xE009, 0xE009, 0xE009, 0xE009, 0xE009, 0xE009, 0xE009, 0xE009, 0xE009, 0xE009, 0xE009, 0xE009, 
0xE009, 0xE009, 0xE009, 0xE009, 0xE009, 0xE009, 0xE009, 0xE009, 0xE009, 0xE009, 0xE009, 0xE009, 0xE009, 0xE009, 0xE009, 0xE009, 
0xE009, 0xE009, 0xE009, 0xE009, 0xE009, 0xE009, 0xE009, 0xE009, 0xE009, 0xE009, 0xE009, 0xE009, 0xE009, 0xE009, 0xE009, 0xE009, 
0xE009, 0xE009, 0xE009, 0xE009, 0xE009, 0xE009, 0xE009, 0xE009, 0xE009, 0xE009, 0xE009, 0xE009, 0xE009, 0xE009, 0xE009, 0xE009, 
0xE009, 0xE009, 0xE009, 0xE009, 0xE009, 0xE009, 0xE009, 0xE009, 0xE009, 0xE009, 0xE009, 0xE009, 0xE009, 0xE009, 0xE009, 0xE009, 
0xE009, 0xE009, 0xE009, 0xE009, 0xE009, 0xE009, 0xE009, 0xE009, 0xE009, 0xE009, 0xE009, 0xE009, 0xE009, 0xE009, 0xE009, 0xE009, 
0xE009, 0xE009, 0xE009, 0xE009, 0xE009, 0xE009, 0xE009, 0xE009, 0xE009, 0xE009, 0xE009, 0xE009, 0xE009, 0xE009, 0xE009, 0xE009, 
0xE009, 0xE009, 0xE009, 0xE009, 0xE009, 0xE009, 0xE009, 0xE009, 0xE009, 0xE009, 0xE009, 0xE009, 0xE009, 0xE009, 0xE009, 0xE009, 
0xE009, 0xE009, 0xE009, 0xE009, 0xE009, 0xE009, 0xE009, 0xE009, 0xE009, 0xE009, 0xE009, 0xE009, 0xE009, 0xE009, 0xE009, 0xE009, 
0xE009, 0xE009, 0xE009, 0xE009, 0xE009, 0xE009, 0xE009, 0xE009, 0xE009, 0xE009, 0xE009, 0xE009, 0xE009, 0xE009, 0xE009, 0xE009, 
0xE009, 0xE009, 0xE009, 0xE009, 0xE009, 0xE009, 0xE009, 0xE009, 0xE009, 0xE009, 0xE009, 0xE009, 0xE009, 0xE009, 0xE009, 0xE009, 
0xE009, 0xE009, 0xE009, 0xE009, 0xE009, 0xE009, 0xE009, 0xE009, 0xE009, 0xE009, 0xE009, 0xE009, 0xE009, 0xE009, 0xE009, 0xE009, 
0xE009, 0xE009, 0xE009, 0xE009, 0xE009, 0xE009, 0xE009, 0xE009, 0xE009, 0xE009, 0xE009, 0xE009, 0xE009, 0xE009, 0xE009, 0xE009, 
0xE009, 0xE009, 0xE009, 0xE009, 0xE009, 0xE009, 0xE009, 0xE009, 0xE009, 0xE009, 0xE009, 0xE009, 0xE009, 0xE009, 0xE009, 0xE009, 
0xE009, 0xE009, 0xE009, 0xE009, 0xE009, 0xE009, 0xE009, 0xE009, 0xE009, 0xE009, 0xE009, 0xE009, 0xE009, 0xE009, 0xE009, 0xE009, 
0xE009, 0xE009, 0xE009, 0xE009, 0xE009, 0xE009, 0xE009, 0xE009, 0xE009, 0xE009, 0xE009, 0xE009, 0xE009, 0xE009, 0xE009, 0xE009, 
0xE009, 0xE009, 0xE009, 0xE009, 0xE009, 0xE009, 0xE009, 0xE009, 0xE009, 0xE009, 0xE009, 0xE009, 0xE009, 0xE009, 0xE009, 0xE009, 
0xE009, 0xE009, 0xE009, 0xE009, 0xE009, 0xE009, 0xE009, 0xE009, 0xE009, 0xE009, 0xE009, 0xE009, 0xE009, 0xE009, 0xE009, 0xE009, 
0xE009, 0xE009, 0xE009, 0xE009, 0xE009, 0xE009, 0xE009, 0xE009, 0xE009, 0xE009, 0xE009, 0xE009, 0xE009, 0xE009, 0xE009, 0xE009, 
0xE009, 0xE009, 0xE009, 0xE009, 0xE009, 0xE009, 0xE009, 0xE009, 0xE009, 0xE009, 0xE009, 0xE009, 0xE009, 0xE009, 0xE009, 0xE009, 
0xE009, 0xE009, 0xE009, 0xE009, 0xE009, 0xE009, 0xE009, 0xE009, 0xE009, 0xE009, 0xE009, 0xE009, 0xE009, 0xE009, 0xE009, 0xE009, 
0xE009, 0xE009, 0xE009, 0xE009, 0xE009, 0xE009, 0xE009, 0xE009, 0xE009, 0xE009, 0xE009, 0xE009, 0xE009, 0xE009, 0xE009, 0xE009, 
0xE009, 0xE009, 0xE009, 0xE009, 0xE009, 0xE009, 0xE009, 0xE009, 0xE009, 0xE009, 0xE009, 0xE009, 0xE009, 0xE009, 0xE009, 0xE009, 
0xE009, 0xE009, 0xE009, 0xE009, 0xE009, 0xE009, 0xE009, 0xE009, 0xE009, 0xE009, 0xE009, 0xE009, 0xE009, 0xE009, 0xE009, 0xE009, 
0xE009, 0xE009, 0xE009, 0xE009, 0xE009, 0xE009, 0xE009, 0xE009, 0xE009, 0xE009, 0xE009, 0xE009, 0xE009, 0xE009, 0xE009, 0xE009, 
0xE009, 0xE009, 0xE009, 0xE009, 0xE009, 0xE009, 0xE009, 0xE009, 0xE009, 0xE009, 0xE009, 0xE009, 0xE009, 0xE009, 0xE009, 0xE009, 
0xE009, 0xE009, 0xE009, 0xE009, 0xE009, 0xE009, 0xE009, 0xE009, 0xE009, 0xE009, 0xE009, 0xE009, 0xE009, 0xE009, 0xE009, 0xE009, 
0xE009, 0xE009, 0xE009, 0xE009, 0xE009, 0xE009, 0xE009, 0xE009, 0xE009, 0xE009, 0xE009, 0xE009, 0xE009, 0xE009, 0xE009, 0xE009, 
0xE009, 0xE009, 0xE009, 0xE009, 0xE009, 0xE009, 0xE009, 0xE009, 0xE009, 0xE009, 0xE009, 0xE009, 0xE009, 0xE009, 0xE009, 0xE009, 
0xE009, 0xE009, 0xE009, 0xE009, 0xE009, 0xE009, 0xE009, 0xE009, 0xE009, 0xE009, 0xE009, 0xE009, 0xE009, 0xE009, 0xE009, 0xE009, 
0xE009, 0xE009, 0xE009, 0xE009, 0xE009, 0xE009, 0xE009, 0xE009, 0xE009, 0xE009, 0xE009, 0xE009, 0xE009, 0xE009, 0xE009, 0xE009, 
0xE009, 0xE009, 0xE009, 0xE009, 0xE009, 0xE009, 0xE009, 0xE009, 0xE009, 0xE009, 0xE009, 0xE009, 0xE009, 0xE009, 0xE009, 0xE009, 
0xE009, 0xE009, 0xE009, 0xE009, 0xE009, 0xE009, 0xE009, 0xE009, 0xE009, 0xE009, 0xE009, 0xE009, 0xE009, 0xE009, 0xE009, 0xE009, 
0xE009, 0xE009, 0xE009, 0xE009, 0xE009, 0xE009, 0xE009, 0xE009, 0xE009, 0xE009, 0xE009, 0xE009, 0xE009, 0xE009, 0xE009, 0xE009, 
0xE009, 0xE009, 0xE009, 0xE009, 0xE009, 0xE009, 0xE009, 0xE009, 0xE009, 0xE009, 0xE009, 0xE009, 0xE009, 0xE009, 0xE009, 0xE009, 
0xE009, 0xE009, 0xE009, 0xE009, 0xE009, 0xE009, 0xE009, 0xE009, 0xE009, 0xE009, 0xE009, 0xE009, 0xE009, 0xE009, 0xE009, 0xE009, 
0xE009, 0xE009, 0xE009, 0xE009, 0xE009, 0xE009, 0xE009, 0xE009, 0xE009, 0xE009, 0xE009, 0xE009, 0xE009, 0xE009, 0xE009, 0xE009, 
0xE009, 0xE009, 0xE009, 0xE009, 0xE009, 0xE009, 0xE009, 0xE009, 0xE009, 0xE009, 0xE009, 0xE009, 0xE009, 0xE009, 0xE009, 0xE009, 
0xE009, 0xE009, 0xE009, 0xE009, 0xE009, 0xE009, 0xE009, 0xE009, 0xE009, 0xE009, 0xE009, 0xE009, 0xE009, 0xE009, 0xE009, 0xE009, 
0xE009, 0xE009, 0xE009, 0xE009, 0xE009, 0xE009, 0xE009, 0xE009, 0xE009, 0xE009, 0xE009, 0xE009, 0xE009, 0xE009, 0xE009, 0xE009, 
0xE009, 0xE009, 0xE009, 0xE009, 0xE009, 0xE009, 0xE009, 0xE009, 0xE009, 0xE009, 0xE009, 0xE009, 0xE009, 0xE009, 0xE009, 0xE009, 
0xE009, 0xE009, 0xE009, 0xE009, 0xE009, 0xE009, 0xE009, 0xE009, 0xE009, 0xE009, 0xE009, 0xE009, 0xE009, 0xE009, 0xE009, 0xE009, 
0xE009, 0xE009, 0xE009, 0xE009, 0xE009, 0xE009, 0xE009, 0xE009, 0xE009, 0xE009, 0xE009, 0xE009, 0xE009, 0xE009, 0xE009, 0xE009, 
0xE009, 0xE009, 0xE009, 0xE009, 0xE009, 0xE009, 0xE009, 0xE009, 0xE009, 0xE009, 0xE009, 0xE009, 0xE009, 0xE009, 0xE009, 0xE009, 
0xE009, 0xE009, 0xE009, 0xE009, 0xE009, 0xE009, 0xE009, 0xE009, 0xE009, 0xE009, 0xE009, 0xE009, 0xE009, 0xE009, 0xE009, 0xE009, 
0xE009, 0xE009, 0xE009, 0xE009, 0xE009, 0xE009, 0xE009, 0xE009, 0xE009, 0xE009, 0xE009, 0xE009, 0xE009, 0xE009, 0xE009, 0xE009, 
0xE009, 0xE009, 0xE009, 0xE009, 0xE009, 0xE009, 0xE009, 0xE009, 0xE009, 0xE009, 0xE009, 0xE009, 0xE009, 0xE009, 0xE009, 0xE009, 
0xE009, 0xE009, 0xE009, 0xE009, 0xE009, 0xE009, 0xE009, 0xE009, 0xE009, 0xE009, 0xE009, 0xE009, 0xE009, 0xE009, 0xE009, 0xE009, 
0xE009, 0xE009, 0xE009, 0xE009, 0xE009, 0xE009, 0xE009, 0xE009, 0xE009, 0xE009, 0xE009, 0xE009, 0xE009, 0xE009, 0xE009, 0xE009, 
0xE009, 0xE009, 0xE009, 0xE009, 0xE009, 0xE009, 0xE009, 0xE009, 0xE009, 0xE009, 0xE009, 0xE009, 0xE009, 0xE009, 0xE009, 0xE009, 
0xE009, 0xE009, 0xE009, 0xE009, 0xE009, 0xE009, 0xE009, 0xE009, 0xE009, 0xE009, 0xE009, 0xE009, 0xE009, 0xE009, 0xE009, 0xE009, 
0xE009, 0xE009, 0xE009, 0xE009, 0xE009, 0xE009, 0xE009, 0xE009, 0xE009, 0xE009, 0xE009, 0xE009, 0xE009, 0xE009, 0xE009, 0xE009, 
0xE009, 0xE009, 0xE009, 0xE009, 0xE009, 0xE009, 0xE009, 0xE009, 0xE009, 0xE009, 0xE009, 0xE009, 0xE009, 0xE009, 0xE009, 0xE009, 
0xE009, 0xE009, 0xE009, 0xE009, 0xE009, 0xE009, 0xE009, 0xE009, 0xE009, 0xE009, 0xE009, 0xE009, 0xE009, 0xE009, 0xE009, 0xE009, 
0xE009, 0xE009, 0xE009, 0xE009, 0xE009, 0xE009, 0xE009, 0xE009, 0xE009, 0xE009, 0xE009, 0xE009, 0xE009, 0xE009, 0xE009, 0xE009, 
0xE009, 0xE009, 0xE009, 0xE009, 0xE009, 0xE009, 0xE009, 0xE009, 0xE009, 0xE009, 0xE009, 0xE009, 0xE009, 0xE009, 0xE009, 0xE009, 
0xE009, 0xE009, 0xE009, 0xE009, 0xE009, 0xE009, 0xE009, 0xE009, 0xE009, 0xE009, 0xE009, 0xE009, 0xE009, 0xE009, 0xE009, 0xE009, 
0xE009, 0xE009, 0xE009, 0xE009, 0xE009, 0xE009, 0xE009, 0xE009, 0xE009, 0xE009, 0xE009, 0xE009, 0xE009, 0xE009, 0xE009, 0xE009, 
0xE009, 0xE009, 0xE009, 0xE009, 0xE009, 0xE009, 0xE009, 0xE009, 0xE009, 0xE009, 0xE009, 0xE009, 0xE009, 0xE009, 0xE009, 0xE009, 
0xE009, 0xE009, 0xE009, 0xE009, 0xE009, 0xE009, 0xE009, 0xE009, 0xE009, 0xE009, 0xE009, 0xE009, 0xE009, 0xE009, 0xE009, 0xE009, 
0xE009, 0xE009, 0xE009, 0xE009, 0xE009, 0xE009, 0xE009, 0xE009, 0xE009, 0xE009, 0xE009, 0xE009, 0xE009, 0xE009, 0xE009, 0xE009, 
0xE009, 0xE009, 0xE009, 0xE009, 0xE009, 0xE009, 0xE009, 0xE009, 0xE009, 0xE009, 0xE009, 0xE009, 0xE009, 0xE009, 0xE009, 0xE009, 
0xE009, 0xE009, 0xE009, 0xE009, 0xE009, 0xE009, 0xE009, 0xE009, 0xE009, 0xE009, 0xE009, 0xE009, 0xE009, 0xE009, 0xE009, 0xE009, 
0xE009, 0xE009, 0xE009, 0xE009, 0xE009, 0xE009, 0xE009, 0xE009, 0xE009, 0xE009, 0xE009, 0xE009, 0xE009, 0xE009, 0xE009, 0xE009, 
0xE009, 0xE009, 0xE009, 0xE009, 0xE009, 0xE009, 0xE009, 0xE009, 0xE009, 0xE009, 0xE009, 0xE009, 0xE009, 0xE009, 0xE009, 0xE009, 
0xE009, 0xE009, 0xE009, 0xE009, 0xE009, 0xE009, 0xE009, 0xE009, 0xE009, 0xE009, 0xE009, 0xE009, 0xE009, 0xE009, 0xE009, 0xE009, 
0xE009, 0xE009, 0xE009, 0xE009, 0xE009, 0xE009, 0xE009, 0xE009, 0xE009, 0xE009, 0xE009, 0xE009, 0xE009, 0xE009, 0xE009, 0xE009, 
0xE009, 0xE009, 0xE009, 0xE009, 0xE009, 0xE009, 0xE009, 0xE009, 0xE009, 0xE009, 0xE009, 0xE009, 0xE009, 0xE009, 0xE009, 0xE009, 
0xE009, 0xE009, 0xE009, 0xE009, 0xE009, 0xE009, 0xE009, 0xE009, 0xE009, 0xE009, 0xE009, 0xE009, 0xE009, 0xE009, 0xE009, 0xE009, 
0xE009, 0xE009, 0xE009, 0xE009, 0xE009, 0xE009, 0xE009, 0xE009, 0xE009, 0xE009, 0xE009, 0xE009, 0xE009, 0xE009, 0xE009, 0xE009, 
0xE009, 0xE009, 0xE009, 0xE009, 0xE009, 0xE009, 0xE009, 0xE009, 0xE009, 0xE009, 0xE009, 0xE009, 0xE009, 0xE009, 0xE009, 0xE009, 
0xE009, 0xE009, 0xE009, 0xE009, 0xE009, 0xE009, 0xE009, 0xE009, 0xE009, 0xE009, 0xE009, 0xE009, 0xE009, 0xE009, 0xE009, 0xE009, 
0xE009, 0xE009, 0xE009, 0xE009, 0xE009, 0xE009, 0xE009, 0xE009, 0xE009, 0xE009, 0xE009, 0xE009, 0xE009, 0xE009, 0xE009, 0xE009, 
0xE009, 0xE009, 0xE009, 0xE009, 0xE009, 0xE009, 0xE009, 0xE009, 0xE009, 0xE009, 0xE009, 0xE009, 0xE009, 0xE009, 0xE009, 0xE009, 
0xE009, 0xE009, 0xE009, 0xE009, 0xE009, 0xE009, 0xE009, 0xE009, 0xE009, 0xE009, 0xE009, 0xE009, 0xE009, 0xE009, 0xE009, 0xE009, 
0xE009, 0xE009, 0xE009, 0xE009, 0xE009, 0xE009, 0xE009, 0xE009, 0xE009, 0xE009, 0xE009, 0xE009, 0xE009, 0xE009, 0xE009, 0xE009, 
0xE009, 0xE009, 0xE009, 0xE009, 0xE009, 0xE009, 0xE009, 0xE009, 0xE009, 0xE009, 0xE009, 0xE009, 0xE009, 0xE009, 0xE009, 0xE009, 
0xE009, 0xE009, 0xE009, 0xE009, 0xE009, 0xE009, 0xE009, 0xE009, 0xE009, 0xE009, 0xE009, 0xE009, 0xE009, 0xE009, 0xE009, 0xE009, 
0xE009, 0xE009, 0xE009, 0xE009, 0xE009, 0xE009, 0xE009, 0xE009, 0xE009, 0xE009, 0xE009, 0xE009, 0xE009, 0xE009, 0xE009, 0xE009, 
0xE009, 0xE009, 0xE009, 0xE009, 0xE009, 0xE009, 0xE009, 0xE009, 0xE009, 0xE009, 0xE009, 0xE009, 0xE009, 0xE009, 0xE009, 0xE009, 
0xE009, 0xE009, 0xE009, 0xE009, 0xE009, 0xE009, 0xE009, 0xE009, 0xE009, 0xE009, 0xE009, 0xE009, 0xE009, 0xE009, 0xE009, 0xE009, 
0xE009, 0xE009, 0xE009, 0xE009, 0xE009, 0xE009, 0xE009, 0xE009, 0xE009, 0xE009, 0xE009, 0xE009, 0xE009, 0xE009, 0xE009, 0xE009, 
0xE009, 0xE009, 0xE009, 0xE009, 0xE009, 0xE009, 0xE009, 0xE009, 0xE009, 0xE009, 0xE009, 0xE009, 0xE009, 0xE009, 0xE009, 0xE009, 
0xE009, 0xE009, 0xE009, 0xE009, 0xE009, 0xE009, 0xE009, 0xE009, 0xE009, 0xE009, 0xE009, 0xE009, 0xE009, 0xE009, 0xE009, 0xE009, 
0xE009, 0xE009, 0xE009, 0xE009, 0xE009, 0xE009, 0xE009, 0xE009, 0xE009, 0xE009, 0xE009, 0xE009, 0xE009, 0xE009, 0xE009, 0xE009, 
0xE009, 0xE009, 0xE009, 0xE009, 0xE009, 0xE009, 0xE009, 0xE009, 0xE009, 0xE009, 0xE009, 0xE009, 0xE009, 0xE009, 0xE009, 0xE009, 
0xE009, 0xE009, 0xE009, 0xE009, 0xE009, 0xE009, 0xE009, 0xE009, 0xE009, 0xE009, 0xE009, 0xE009, 0xE009, 0xE009, 0xE009, 0xE009, 
0xE009, 0xE009, 0xE009, 0xE009, 0xE009, 0xE009, 0xE009, 0xE009, 0xE009, 0xE009, 0xE009, 0xE009, 0xE009, 0xE009, 0xE009, 0xE009, 
0xE009, 0xE009, 0xE009, 0xE009, 0xE009, 0xE009, 0xE009, 0xE009, 0xE009, 0xE009, 0xE009, 0xE009, 0xE009, 0xE009, 0xE009, 0xE009, 
0xE009, 0xE009, 0xE009, 0xE009, 0xE009, 0xE009, 0xE009, 0xE009, 0xE009, 0xE009, 0xE009, 0xE009, 0xE009, 0xE009, 0xE009, 0xE009, 
0xE009, 0xE009, 0xE009, 0xE009, 0xE009, 0xE009, 0xE009, 0xE009, 0xE009, 0xE009, 0xE009, 0xE009, 0xE009, 0xE009, 0xE009, 0xE009, 
0xE009, 0xE009, 0xE009, 0xE009, 0xE009, 0xE009, 0xE009, 0xE009, 0xE009, 0xE009, 0xE009, 0xE009, 0xE009, 0xE009, 0xE009, 0xE009, 
0xE009, 0xE009, 0xE009, 0xE009, 0xE009, 0xE009, 0xE009, 0xE009, 0xE009, 0xE009, 0xE009, 0xE009, 0xE009, 0xE009, 0xE009, 0xE009, 
0xE009, 0xE009, 0xE009, 0xE009, 0xE009, 0xE009, 0xE009, 0xE009, 0xE009, 0xE009, 0xE009, 0xE009, 0xE009, 0xE009, 0xE009, 0xE009, 
0xE009, 0xE009, 0xE009, 0xE009, 0xE009, 0xE009, 0xE009, 0xE009, 0xE009, 0xE009, 0xE009, 0xE009, 0xE009, 0xE009, 0xE009, 0xE009, 
0xE009, 0xE009, 0xE009, 0xE009, 0xE009, 0xE009, 0xE009, 0xE009, 0xE009, 0xE009, 0xE009, 0xE009, 0xE009, 0xE009, 0xE009, 0xE009, 
0xE009, 0xE009, 0xE009, 0xE009, 0xE009, 0xE009, 0xE009, 0xE009, 0xE009, 0xE009, 0xE009, 0xE009, 0xE009, 0xE009, 0xE009, 0xE009, 
0xE009, 0xE009, 0xE009, 0xE009, 0xE009, 0xE009, 0xE009, 0xE009, 0xE009, 0xE009, 0xE009, 0xE009, 0xE009, 0xE009, 0xE009, 0xE009, 
0xE009, 0xE009, 0xE009, 0xE009, 0xE009, 0xE009, 0xE009, 0xE009, 0xE009, 0xE009, 0xE009, 0xE009, 0xE009, 0xE009, 0xE009, 0xE009, 
0xE009, 0xE009, 0xE009, 0xE009, 0xE009, 0xE009, 0xE009, 0xE009, 0xE009, 0xE009, 0xE009, 0xE009, 0xE009, 0xE009, 0xE009, 0xE009, 
0xE009, 0xE009, 0xE009, 0xE009, 0xE009, 0xE009, 0xE009, 0xE009, 0xE009, 0xE009, 0xE009, 0xE009, 0xE009, 0xE009, 0xE009, 0xE009, 
0xE009, 0xE009, 0xE009, 0xE009, 0xE009, 0xE009, 0xE009, 0xE009, 0xE009, 0xE009, 0xE009, 0xE009, 0xE009, 0xE009, 0xE009, 0xE009, 
0xE009, 0xE009, 0xE009, 0xE009, 0xE009, 0xE009, 0xE009, 0xE009, 0xE009, 0xE009, 0xE009, 0xE009, 0xE009, 0xE009, 0xE009, 0xE009, 
0xE009, 0xE009, 0xE009, 0xE009, 0xE009, 0xE009, 0xE009, 0xE009, 0xE009, 0xE009, 0xE009, 0xE009, 0xE009, 0xE009, 0xE009, 0xE009, 
0xE009, 0xE009, 0xE009, 0xE009, 0xE009, 0xE009, 0xE009, 0xE009, 0xE009, 0xE009, 0xE009, 0xE009, 0xE009, 0xE009, 0xE009, 0xE009, 
0xE009, 0xE009, 0xE009, 0xE009, 0xE009, 0xE009, 0xE009, 0xE009, 0xE009, 0xE009, 0xE009, 0xE009, 0xE009, 0xE009, 0xE009, 0xE009, 
0xE009, 0xE009, 0xE009, 0xE009, 0xE009, 0xE009, 0xE009, 0xE009, 0xE009, 0xE009, 0xE009, 0xE009, 0xE009, 0xE009, 0xE009, 0xE009, 
0xE009, 0xE009, 0xE009, 0xE009, 0xE009, 0xE009, 0xE009, 0xE009, 0xE009, 0xE009, 0xE009, 0xE009, 0xE009, 0xE009, 0xE009, 0xE009, 
0xE009, 0xE009, 0xE009, 0xE009, 0xE009, 0xE009, 0xE009, 0xE009, 0xE009, 0xE009, 0xE009, 0xE009, 0xE009, 0xE009, 0xE009, 0xE009, 
0xE009, 0xE009, 0xE009, 0xE009, 0xE009, 0xE009, 0xE009, 0xE009, 0xE009, 0xE009, 0xE009, 0xE009, 0xE009, 0xE009, 0xE009, 0xE009, 
0xE009, 0xE009, 0xE009, 0xE009, 0xE009, 0xE009, 0xE009, 0xE009, 0xE009, 0xE009, 0xE009, 0xE009, 0xE009, 0xE009, 0xE009, 0xE009, 
0xE009, 0xE009, 0xE009, 0xE009, 0xE009, 0xE009, 0xE009, 0xE009, 0xE009, 0xE009, 0xE009, 0xE009, 0xE009, 0xE009, 0xE009, 0xE009, 
0xE009, 0xE009, 0xE009, 0xE009, 0xE009, 0xE009, 0xE009, 0xE009, 0xE009, 0xE009, 0xE009, 0xE009, 0xE009, 0xE009, 0xE009, 0xE009, 
0xE009, 0xE009, 0xE009, 0xE009, 0xE009, 0xE009, 0xE009, 0xE009, 0xE009, 0xE009, 0xE009, 0xE009, 0xE009, 0xE009, 0xE009, 0xE009, 
0xE009, 0xE009, 0xE009, 0xE009, 0xE009, 0xE009, 0xE009, 0xE009, 0xE009, 0xE009, 0xE009, 0xE009, 0xE009, 0xE009, 0xE009, 0xE009, 
0xE009, 0xE009, 0xE009, 0xE009, 0xE009, 0xE009, 0xE009, 0xE009, 0xE009, 0xE009, 0xE009, 0xE009, 0xE009, 0xE009, 0xE009, 0xE009, 
0xE009, 0xE009, 0xE009, 0xE009, 0xE009, 0xE009, 0xE009, 0xE009, 0xE009, 0xE009, 0xE009, 0xE009, 0xE009, 0xE009, 0xE009, 0xE009, 
0xE009, 0xE009, 0xE009, 0xE009, 0xE009, 0xE009, 0xE009, 0xE009, 0xE009, 0xE009, 0xE009, 0xE009, 0xE009, 0xE009, 0xE009, 0xE009, 
0xE009, 0xE009, 0xE009, 0xE009, 0xE009, 0xE009, 0xE009, 0xE009, 0xE009, 0xE009, 0xE009, 0xE009, 0xE009, 0xE009, 0xE009, 0xE009, 
0xE009, 0xE009, 0xE009, 0xE009, 0xE009, 0xE009, 0xE009, 0xE009, 0xE009, 0xE009, 0xE009, 0xE009, 0xE009, 0xE009, 0xE009, 0xE009, 
0xE009, 0xE009, 0xE009, 0xE009, 0xE009, 0xE009, 0xE009, 0xE009, 0xE009, 0xE009, 0xE009, 0xE009, 0xE009, 0xE009, 0xE009, 0xE009, 
0xE009, 0xE009, 0xE009, 0xE009, 0xE009, 0xE009, 0xE009, 0xE009, 0xE009, 0xE009, 0xE009, 0xE009, 0xE009, 0xE009, 0xE009, 0xE009, 
0xE009, 0xE009, 0xE009, 0xE009, 0xE009, 0xE009, 0xE009, 0xE009, 0xE009, 0xE009, 0xE009, 0xE009, 0xE009, 0xE009, 0xE009, 0xE009, 
0xE009, 0xE009, 0xE009, 0xE009, 0xE009, 0xE009, 0xE009, 0xE009, 0xE009, 0xE009, 0xE009, 0xE009, 0xE009, 0xE009, 0xE009, 0xE009, 
0xE009, 0xE009, 0xE009, 0xE009, 0xE009, 0xE009, 0xE009, 0xE009, 0xE009, 0xE009, 0xE009, 0xE009, 0xE009, 0xE009, 0xE009, 0xE009, 
0xE009, 0xE009, 0xE009, 0xE009, 0xE009, 0xE009, 0xE009, 0xE009, 0xE009, 0xE009, 0xE009, 0xE009, 0xE009, 0xE009, 0xE009, 0xE009, 
0xE009, 0xE009, 0xE009, 0xE009, 0xE009, 0xE009, 0xE009, 0xE009, 0xE009, 0xE009, 0xE009, 0xE009, 0xE009, 0xE009, 0xE009, 0xE009, 
0xE009, 0xE009, 0xE009, 0xE009, 0xE009, 0xE009, 0xE009, 0xE009, 0xE009, 0xE009, 0xE009, 0xE009, 0xE009, 0xE009, 0xE009, 0xE009, 
0xE009, 0xE009, 0xE009, 0xE009, 0xE009, 0xE009, 0xE009, 0xE009, 0xE009, 0xE009, 0xE009, 0xE009, 0xE009, 0xE009, 0xE009, 0xE009, 
0xE009, 0xE009, 0xE009, 0xE009, 0xE009, 0xE009, 0xE009, 0xE009, 0xE009, 0xE009, 0xE009, 0xE009, 0xE009, 0xE009, 0xE009, 0xE009, 
0xE009, 0xE009, 0xE009, 0xE009, 0xE009, 0xE009, 0xE009, 0xE009, 0xE009, 0xE009, 0xE009, 0xE009, 0xE009, 0xE009, 0xE009, 0xE009, 
0xE009, 0xE009, 0xE009, 0xE009, 0xE009, 0xE009, 0xE009, 0xE009, 0xE009, 0xE009, 0xE009, 0xE009, 0xE009, 0xE009, 0xE009, 0xE009, 
0xE009, 0xE009, 0xE009, 0xE009, 0xE009, 0xE009, 0xE009, 0xE009, 0xE009, 0xE009, 0xE009, 0xE009, 0xE009, 0xE009, 0xE009, 0xE009, 
0xE009, 0xE009, 0xE009, 0xE009, 0xE009, 0xE009, 0xE009, 0xE009, 0xE009, 0xE009, 0xE009, 0xE009, 0xE009, 0xE009, 0xE009, 0xE009, 
0xE009, 0xE009, 0xE009, 0xE009, 0xE009, 0xE009, 0xE009, 0xE009, 0xE009, 0xE009, 0xE009, 0xE009, 0xE009, 0xE009, 0xE009, 0xE009, 
0xE009, 0xE009, 0xE009, 0xE009, 0xE009, 0xE009, 0xE009, 0xE009, 0xE009, 0xE009, 0xE009, 0xE009, 0xE009, 0xE009, 0xE009, 0xE009, 
0xE009, 0xE009, 0xE009, 0xE009, 0xE009, 0xE009, 0xE009, 0xE009, 0xE009, 0xE009, 0xE009, 0xE009, 0xE009, 0xE009, 0xE009, 0xE009, 
0xE009, 0xE009, 0xE009, 0xE009, 0xE009, 0xE009, 0xE009, 0xE009, 0xE009, 0xE009, 0xE009, 0xE009, 0xE009, 0xE009, 0xE009, 0xE009, 
0xE009, 0xE009, 0xE009, 0xE009, 0xE009, 0xE009, 0xE009, 0xE009, 0xE009, 0xE009, 0xE009, 0xE009, 0xE009, 0xE009, 0xE009, 0xE009, 
0xE009, 0xE009, 0xE009, 0xE009, 0xE009, 0xE009, 0xE009, 0xE009, 0xE009, 0xE009, 0xE009, 0xE009, 0xE009, 0xE009, 0xE009, 0xE009, 
0xE009, 0xE009, 0xE009, 0xE009, 0xE009, 0xE009, 0xE009, 0xE009, 0xE009, 0xE009, 0xE009, 0xE009, 0xE009, 0xE009, 0xE009, 0xE009, 
0xE009, 0xE009, 0xE009, 0xE009, 0xE009, 0xE009, 0xE009, 0xE009, 0xE009, 0xE009, 0xE009, 0xE009, 0xE009, 0xE009, 0xE009, 0xE009, 
0xE009, 0xE009, 0xE009, 0xE009, 0xE009, 0xE009, 0xE009, 0xE009, 0xE009, 0xE009, 0xE009, 0xE009, 0xE009, 0xE009, 0xE009, 0xE009, 
0xE009, 0xE009, 0xE009, 0xE009, 0xE009, 0xE009, 0xE009, 0xE009, 0xE009, 0xE009, 0xE009, 0xE009, 0xE009, 0xE009, 0xE009, 0xE009, 
0xE009, 0xE009, 0xE009, 0xE009, 0xE009, 0xE009, 0xE009, 0xE009, 0xE009, 0xE009, 0xE009, 0xE009, 0xE009, 0xE009, 0xE009, 0xE009, 
0xE009, 0xE009, 0xE009, 0xE009, 0xE009, 0xE009, 0xE009, 0xE009, 0xE009, 0xE009, 0xE009, 0xE009, 0xE009, 0xE009, 0xE009, 0xE009, 
0xE009, 0xE009, 0xE009, 0xE009, 0xE009, 0xE009, 0xE009, 0xE009, 0xE009, 0xE009, 0xE009, 0xE009, 0xE009, 0xE009, 0xE009, 0xE009, 
0xE009, 0xE009, 0xE009, 0xE009, 0xE009, 0xE009, 0xE009, 0xE009, 0xE009, 0xE009, 0xE009, 0xE009, 0xE009, 0xE009, 0xE009, 0xE009, 
0xE009, 0xE009, 0xE009, 0xE009, 0xE009, 0xE009, 0xE009, 0xE009, 0xE009, 0xE009, 0xE009, 0xE009, 0xE009, 0xE009, 0xE009, 0xE009, 
0xE009, 0xE009, 0xE009, 0xE009, 0xE009, 0xE009, 0xE009, 0xE009, 0xE009, 0xE009, 0xE009, 0xE009, 0xE009, 0xE009, 0xE009, 0xE009, 
0xE009, 0xE009, 0xE009, 0xE009, 0xE009, 0xE009, 0xE009, 0xE009, 0xE009, 0xE009, 0xE009, 0xE009, 0xE009, 0xE009, 0xE009, 0xE009, 
0xE009, 0xE009, 0xE009, 0xE009, 0xE009, 0xE009, 0xE009, 0xE009, 0xE009, 0xE009, 0xE009, 0xE009, 0xE009, 0xE009, 0xE009, 0xE009, 
0xE009, 0xE009, 0xE009, 0xE009, 0xE009, 0xE009, 0xE009, 0xE009, 0xE009, 0xE009, 0xE009, 0xE009, 0xE009, 0xE009, 0xE009, 0xE009, 
0xE009, 0xE009, 0xE009, 0xE009, 0xE009, 0xE009, 0xE009, 0xE009, 0xE009, 0xE009, 0xE009, 0xE009, 0xE009, 0xE009, 0xE009, 0xE009, 
0xE009, 0xE009, 0xE009, 0xE009, 0xE009, 0xE009, 0xE009, 0xE009, 0xE009, 0xE009, 0xE009, 0xE009, 0xE009, 0xE009, 0xE009, 0xE009, 
0xE009, 0xE009, 0xE009, 0xE009, 0xE009, 0xE009, 0xE009, 0xE009, 0xE009, 0xE009, 0xE009, 0xE009, 0xE009, 0xE009, 0xE009, 0xE009, 
0xE009, 0xE009, 0xE009, 0xE009, 0xE009, 0xE009, 0xE009, 0xE009, 0xE009, 0xE009, 0xE009, 0xE009, 0xE009, 0xE009, 0xE009, 0xE009, 
0xE009, 0xE009, 0xE009, 0xE009, 0xE009, 0xE009, 0xE009, 0xE009, 0xE009, 0xE009, 0xE009, 0xE009, 0xE009, 0xE009, 0xE009, 0xE009, 
0xE009, 0xE009, 0xE009, 0xE009, 0xE009, 0xE009, 0xE009, 0xE009, 0xE009, 0xE009, 0xE009, 0xE009, 0xE009, 0xE009, 0xE009, 0xE009, 
0xE009, 0xE009, 0xE009, 0xE009, 0xE009, 0xE009, 0xE009, 0xE009, 0xE009, 0xE009, 0xE009, 0xE009, 0xE009, 0xE009, 0xE009, 0xE009, 
0xE009, 0xE009, 0xE009, 0xE009, 0xE009, 0xE009, 0xE009, 0xE009, 0xE009, 0xE009, 0xE009, 0xE009, 0xE009, 0xE009, 0xE009, 0xE009, 
0xE009, 0xE009, 0xE009, 0xE009, 0xE009, 0xE009, 0xE009, 0xE009, 0xE009, 0xE009, 0xE009, 0xE009, 0xE009, 0xE009, 0xE009, 0xE009, 
0xE009, 0xE009, 0xE009, 0xE009, 0xE009, 0xE009, 0xE009, 0xE009, 0xE009, 0xE009, 0xE009, 0xE009, 0xE009, 0xE009, 0xE009, 0xE009, 
0xE009, 0xE009, 0xE009, 0xE009, 0xE009, 0xE009, 0xE009, 0xE009, 0xE009, 0xE009, 0xE009, 0xE009, 0xE009, 0xE009, 0xE009, 0xE009, 
0xE009, 0xE009, 0xE009, 0xE009, 0xE009, 0xE009, 0xE009, 0xE009, 0xE009, 0xE009, 0xE009, 0xE009, 0xE009, 0xE009, 0xE009, 0xE009, 
0xE009, 0xE009, 0xE009, 0xE009, 0xE009, 0xE009, 0xE009, 0xE009, 0xE009, 0xE009, 0xE009, 0xE009, 0xE009, 0xE009, 0xE009, 0xE009, 
0xE009, 0xE009, 0xE009, 0xE009, 0xE009, 0xE009, 0xE009, 0xE009, 0xE009, 0xE009, 0xE009, 0xE009, 0xE009, 0xE009, 0xE009, 0xE009, 
0xE009, 0xE009, 0xE009, 0xE009, 0xE009, 0xE009, 0xE009, 0xE009, 0xE009, 0xE009, 0xE009, 0xE009, 0xE009, 0xE009, 0xE009, 0xE009, 
0xE009, 0xE009, 0xE009, 0xE009, 0xE009, 0xE009, 0xE009, 0xE009, 0xE009, 0xE009, 0xE009, 0xE009, 0xE009, 0xE009, 0xE009, 0xE009, 
0xE009, 0xE009, 0xE009, 0xE009, 0xE009, 0xE009, 0xE009, 0xE009, 0xE009, 0xE009, 0xE009, 0xE009, 0xE009, 0xE009, 0xE009, 0xE009, 
0xE009, 0xE009, 0xE009, 0xE009, 0xE009, 0xE009, 0xE009, 0xE009, 0xE009, 0xE009, 0xE009, 0xE009, 0xE009, 0xE009, 0xE009, 0xE009, 
0xE009, 0xE009, 0xE009, 0xE009, 0xE009, 0xE009, 0xE009, 0xE009, 0xE009, 0xE009, 0xE009, 0xE009, 0xE009, 0xE009, 0xE009, 0xE009, 
0xE009, 0xE009, 0xE009, 0xE009, 0xE009, 0xE009, 0xE009, 0xE009, 0xE009, 0xE009, 0xE009, 0xE009, 0xE009, 0xE009, 0xE009, 0xE009, 
0xE009, 0xE009, 0xE009, 0xE009, 0xE009, 0xE009, 0xE009, 0xE009, 0xE009, 0xE009, 0xE009, 0xE009, 0xE009, 0xE009, 0xE009, 0xE009, 
0xE009, 0xE009, 0xE009, 0xE009, 0xE009, 0xE009, 0xE009, 0xE009, 0xE009, 0xE009, 0xE009, 0xE009, 0xE009, 0xE009, 0xE009, 0xE009, 
0xE009, 0xE009, 0xE009, 0xE009, 0xE009, 0xE009, 0xE009, 0xE009, 0xE009, 0xE009, 0xE009, 0xE009, 0xE009, 0xE009, 0xE009, 0xE009, 
0xE009, 0xE009, 0xE009, 0xE009, 0xE009, 0xE009, 0xE009, 0xE009, 0xE009, 0xE009, 0xE009, 0xE009, 0xE009, 0xE009, 0xE009, 0xE009, 
0xE009, 0xE009, 0xE009, 0xE009, 0xE009, 0xE009, 0xE009, 0xE009, 0xE009, 0xE009, 0xE009, 0xE009, 0xE009, 0xE009, 0xE009, 0xE009, 
0xE009, 0xE009, 0xE009, 0xE009, 0xE009, 0xE009, 0xE009, 0xE009, 0xE009, 0xE009, 0xE009, 0xE009, 0xE009, 0xE009, 0xE009, 0xE009, 
0xE009, 0xE009, 0xE009, 0xE009, 0xE009, 0xE009, 0xE009, 0xE009, 0xE009, 0xE009, 0xE009, 0xE009, 0xE009, 0xE009, 0xE009, 0xE009, 
0xE009, 0xE009, 0xE009, 0xE009, 0xE009, 0xE009, 0xE009, 0xE009, 0xE009, 0xE009, 0xE009, 0xE009, 0xE009, 0xE009, 0xE009, 0xE009, 
0xE009, 0xE009, 0xE009, 0xE009, 0xE009, 0xE009, 0xE009, 0xE009, 0xE009, 0xE009, 0xE009, 0xE009, 0xE009, 0xE009, 0xE009, 0xE009, 
0xE009, 0xE009, 0xE009, 0xE009, 0xE009, 0xE009, 0xE009, 0xE009, 0xE009, 0xE009, 0xE009, 0xE009, 0xE009, 0xE009, 0xE009, 0xE009, 
0xE009, 0xE009, 0xE009, 0xE009, 0xE009, 0xE009, 0xE009, 0xE009, 0xE009, 0xE009, 0xE009, 0xE009, 0xE009, 0xE009, 0xE009, 0xE009, 
0xE009, 0xE009, 0xE009, 0xE009, 0xE009, 0xE009, 0xE009, 0xE009, 0xE009, 0xE009, 0xE009, 0xE009, 0xE009, 0xE009, 0xE009, 0xE009, 
0xE009, 0xE009, 0xE009, 0xE009, 0xE009, 0xE009, 0xE009, 0xE009, 0xE009, 0xE009, 0xE009, 0xE009, 0xE009, 0xE009, 0xE009, 0xE009, 
0xE009, 0xE009, 0xE009, 0xE009, 0xE009, 0xE009, 0xE009, 0xE009, 0xE009, 0xE009, 0xE009, 0xE009, 0xE009, 0xE009, 0xE009, 0xE009, 
0xE009, 0xE009, 0xE009, 0xE009, 0xE009, 0xE009, 0xE009, 0xE009, 0xE009, 0xE009, 0xE009, 0xE009, 0xE009, 0xE009, 0xE009, 0xE009, 
0xE009, 0xE009, 0xE009, 0xE009, 0xE009, 0xE009, 0xE009, 0xE009, 0xE009, 0xE009, 0xE009, 0xE009, 0xE009, 0xE009, 0xE009, 0xE009, 
0xE009, 0xE009, 0xE009, 0xE009, 0xE009, 0xE009, 0xE009, 0xE009, 0xE009, 0xE009, 0xE009, 0xE009, 0xE009, 0xE009, 0xE009, 0xE009, 
0xE009, 0xE009, 0xE009, 0xE009, 0xE009, 0xE009, 0xE009, 0xE009, 0xE009, 0xE009, 0xE009, 0xE009, 0xE009, 0xE009, 0xE009, 0xE009, 
0xE009, 0xE009, 0xE009, 0xE009, 0xE009, 0xE009, 0xE009, 0xE009, 0xE009, 0xE009, 0xE009, 0xE009, 0xE009, 0xE009, 0xE009, 0xE009, 
0xE009, 0xE009, 0xE009, 0xE009, 0xE009, 0xE009, 0xE009, 0xE009, 0xE009, 0xE009, 0xE009, 0xE009, 0xE009, 0xE009, 0xE009, 0xE009, 
0xE009, 0xE009, 0xE009, 0xE009, 0xE009, 0xE009, 0xE009, 0xE009, 0xE009, 0xE009, 0xE009, 0xE009, 0xE009, 0xE009, 0xE009, 0xE009, 
0xE009, 0xE009, 0xE009, 0xE009, 0xE009, 0xE009, 0xE009, 0xE009, 0xE009, 0xE009, 0xE009, 0xE009, 0xE009, 0xE009, 0xE009, 0xE009, 
0xE009, 0xE009, 0xE009, 0xE009, 0xE009, 0xE009, 0xE009, 0xE009, 0xE009, 0xE009, 0xE009, 0xE009, 0xE009, 0xE009, 0xE009, 0xE009, 
0xE009, 0xE009, 0xE009, 0xE009, 0xE009, 0xE009, 0xE009, 0xE009, 0xE009, 0xE009, 0xE009, 0xE009, 0xE009, 0xE009, 0xE009, 0xE009, 
0xE009, 0xE009, 0xE009, 0xE009, 0xE009, 0xE009, 0xE009, 0xE009, 0xE009, 0xE009, 0xE009, 0xE009, 0xE009, 0xE009, 0xE009, 0xE009, 
0xE009, 0xE009, 0xE009, 0xE009, 0xE009, 0xE009, 0xE009, 0xE009, 0xE009, 0xE009, 0xE009, 0xE009, 0xE009, 0xE009, 0xE009, 0xE009, 
0xE009, 0xE009, 0xE009, 0xE009, 0xE009, 0xE009, 0xE009, 0xE009, 0xE009, 0xE009, 0xE009, 0xE009, 0xE009, 0xE009, 0xE009, 0xE009, 
0xE009, 0xE009, 0xE009, 0xE009, 0xE009, 0xE009, 0xE009, 0xE009, 0xE009, 0xE009, 0xE009, 0xE009, 0xE009, 0xE009, 0xE009, 0xE009, 
0xE009, 0xE009, 0xE009, 0xE009, 0xE009, 0xE009, 0xE009, 0xE009, 0xE009, 0xE009, 0xE009, 0xE009, 0xE009, 0xE009, 0xE009, 0xE009, 
0xE009, 0xE009, 0xE009, 0xE009, 0xE009, 0xE009, 0xE009, 0xE009, 0xE009, 0xE009, 0xE009, 0xE009, 0xE009, 0xE009, 0xE009, 0xE009, 
0xE009, 0xE009, 0xE009, 0xE009, 0xE009, 0xE009, 0xE009, 0xE009, 0xE009, 0xE009, 0xE009, 0xE009, 0xE009, 0xE009, 0xE009, 0xE009, 
0xE009, 0xE009, 0xE009, 0xE009, 0xE009, 0xE009, 0xE009, 0xE009, 0xE009, 0xE009, 0xE009, 0xE009, 0xE009, 0xE009, 0xE009, 0xE009, 
0xE009, 0xE009, 0xE009, 0xE009, 0xE009, 0xE009, 0xE009, 0xE009, 0xE009, 0xE009, 0xE009, 0xE009, 0xE009, 0xE009, 0xE009, 0xE009, 
0xE009, 0xE009, 0xE009, 0xE009, 0xE009, 0xE009, 0xE009, 0xE009, 0xE009, 0xE009, 0xE009, 0xE009, 0xE009, 0xE009, 0xE009, 0xE009, 
0xE009, 0xE009, 0xE009, 0xE009, 0xE009, 0xE009, 0xE009, 0xE009, 0xE009, 0xE009, 0xE009, 0xE009, 0xE009, 0xE009, 0xE009, 0xE009, 
0xE009, 0xE009, 0xE009, 0xE009, 0xE009, 0xE009, 0xE009, 0xE009, 0xE009, 0xE009, 0xE009, 0xE009, 0xE009, 0xE009, 0xE009, 0xE009, 
0xE009, 0xE009, 0xE009, 0xE009, 0xE009, 0xE009, 0xE009, 0xE009, 0xE009, 0xE009, 0xE009, 0xE009, 0xE009, 0xE009, 0xE009, 0xE009, 
0xE009, 0xE009, 0xE009, 0xE009, 0xE009, 0xE009, 0xE009, 0xE009, 0xE009, 0xE009, 0xE009, 0xE009, 0xE009, 0xE009, 0xE009, 0xE009, 
0xE009, 0xE009, 0xE009, 0xE009, 0xE009, 0xE009, 0xE009, 0xE009, 0xE009, 0xE009, 0xE009, 0xE009, 0xE009, 0xE009, 0xE009, 0xE009, 
0xE009, 0xE009, 0xE009, 0xE009, 0xE009, 0xE009, 0xE009, 0xE009, 0xE009, 0xE009, 0xE009, 0xE009, 0xE009, 0xE009, 0xE009, 0xE009, 
0xE009, 0xE009, 0xE009, 0xE009, 0xE009, 0xE009, 0xE009, 0xE009, 0xE009, 0xE009, 0xE009, 0xE009, 0xE009, 0xE009, 0xE009, 0xE009, 
0xE009, 0xE009, 0xE009, 0xE009, 0xE009, 0xE009, 0xE009, 0xE009, 0xE009, 0xE009, 0xE009, 0xE009, 0xE009, 0xE009, 0xE009, 0xE009, 
0xE009, 0xE009, 0xE009, 0xE009, 0xE009, 0xE009, 0xE009, 0xE009, 0xE009, 0xE009, 0xE009, 0xE009, 0xE009, 0xE009, 0xE009, 0xE009, 
0xE009, 0xE009, 0xE009, 0xE009, 0xE009, 0xE009, 0xE009, 0xE009, 0xE009, 0xE009, 0xE009, 0xE009, 0xE009, 0xE009, 0xE009, 0xE009, 
0xE009, 0xE009, 0xE009, 0xE009, 0xE009, 0xE009, 0xE009, 0xE009, 0xE009, 0xE009, 0xE009, 0xE009, 0xE009, 0xE009, 0xE009, 0xE009, 
0xE009, 0xE009, 0xE009, 0xE009, 0xE009, 0xE009, 0xE009, 0xE009, 0xE009, 0xE009, 0xE009, 0xE009, 0xE009, 0xE009, 0xE009, 0xE009, 
0xE009, 0xE009, 0xE009, 0xE009, 0xE009, 0xE009, 0xE009, 0xE009, 0xE009, 0xE009, 0xE009, 0xE009, 0xE009, 0xE009, 0xE009, 0xE009, 
0xE009, 0xE009, 0xE009, 0xE009, 0xE009, 0xE009, 0xE009, 0xE009, 0xE009, 0xE009, 0xE009, 0xE009, 0xE009, 0xE009, 0xE009, 0xE009, 
0xE009, 0xE009, 0xE009, 0xE009, 0xE009, 0xE009, 0xE009, 0xE009, 0xE009, 0xE009, 0xE009, 0xE009, 0xE009, 0xE009, 0xE009, 0xE009, 
0xE009, 0xE009, 0xE009, 0xE009, 0xE009, 0xE009, 0xE009, 0xE009, 0xE009, 0xE009, 0xE009, 0xE009, 0xE009, 0xE009, 0xE009, 0xE009, 
0xE009, 0xE009, 0xE009, 0xE009, 0xE009, 0xE009, 0xE009, 0xE009, 0xE009, 0xE009, 0xE009, 0xE009, 0xE009, 0xE009, 0xE009, 0xE009, 
0xE009, 0xE009, 0xE009, 0xE009, 0xE009, 0xE009, 0xE009, 0xE009, 0xE009, 0xE009, 0xE009, 0xE009, 0xE009, 0xE009, 0xE009, 0xE009, 
0xE009, 0xE009, 0xE009, 0xE009, 0xE009, 0xE009, 0xE009, 0xE009, 0xE009, 0xE009, 0xE009, 0xE009, 0xE009, 0xE009, 0xE009, 0xE009, 
0xE009, 0xE009, 0xE009, 0xE009, 0xE009, 0xE009, 0xE009, 0xE009, 0xE009, 0xE009, 0xE009, 0xE009, 0xE009, 0xE009, 0xE009, 0xE009, 
0xE009, 0xE009, 0xE009, 0xE009, 0xE009, 0xE009, 0xE009, 0xE009, 0xE009, 0xE009, 0xE009, 0xE009, 0xE009, 0xE009, 0xE009, 0xE009, 
0xE009, 0xE009, 0xE009, 0xE009, 0xE009, 0xE009, 0xE009, 0xE009, 0xE009, 0xE009, 0xE009, 0xE009, 0xE009, 0xE009, 0xE009, 0xE009, 
0xE009, 0xE009, 0xE009, 0xE009, 0xE009, 0xE009, 0xE009, 0xE009, 0xE009, 0xE009, 0xE009, 0xE009, 0xE009, 0xE009, 0xE009, 0xE009, 
0xE009, 0xE009, 0xE009, 0xE009, 0xE009, 0xE009, 0xE009, 0xE009, 0xE009, 0xE009, 0xE009, 0xE009, 0xE009, 0xE009, 0xE009, 0xE009, 
0xE009, 0xE009, 0xE009, 0xE009, 0xE009, 0xE009, 0xE009, 0xE009, 0xE009, 0xE009, 0xE009, 0xE009, 0xE009, 0xE009, 0xE009, 0xE009, 
0xE009, 0xE009, 0xE009, 0xE009, 0xE009, 0xE009, 0xE009, 0xE009, 0xE009, 0xE009, 0xE009, 0xE009, 0xE009, 0xE009, 0xE009, 0xE009, 
0xE009, 0xE009, 0xE009, 0xE009, 0xE009, 0xE009, 0xE009, 0xE009, 0xE009, 0xE009, 0xE009, 0xE009, 0xE009, 0xE009, 0xE009, 0xE009, 
0xE009, 0xE009, 0xE009, 0xE009, 0xE009, 0xE009, 0xE009, 0xE009, 0xE009, 0xE009, 0xE009, 0xE009, 0xE009, 0xE009, 0xE009, 0xE009, 
0xE009, 0xE009, 0xE009, 0xE009, 0xE009, 0xE009, 0xE009, 0xE009, 0xE009, 0xE009, 0xE009, 0xE009, 0xE009, 0xE009, 0xE009, 0xE009, 
0xE009, 0xE009, 0xE009, 0xE009, 0xE009, 0xE009, 0xE009, 0xE009, 0xE009, 0xE009, 0xE009, 0xE009, 0xE009, 0xE009, 0xE009, 0xE009, 
0xE009, 0xE009, 0xE009, 0xE009, 0xE009, 0xE009, 0xE009, 0xE009, 0xE009, 0xE009, 0xE009, 0xE009, 0xE009, 0xE009, 0xE009, 0xE009, 
0xE009, 0xE009, 0xE009, 0xE009, 0xE009, 0xE009, 0xE009, 0xE009, 0xE009, 0xE009, 0xE009, 0xE009, 0xE009, 0xE009, 0xE009, 0xE009, 
0xE009, 0xE009, 0xE009, 0xE009, 0xE009, 0xE009, 0xE009, 0xE009, 0xE009, 0xE009, 0xE009, 0xE009, 0xE009, 0xE009, 0xE009, 0xE009, 
0xE009, 0xE009, 0xE009, 0xE009, 0xE009, 0xE009, 0xE009, 0xE009, 0xE009, 0xE009, 0xE009, 0xE009, 0xE009, 0xE009, 0xE009, 0xE009, 
0xE009, 0xE009, 0xE009, 0xE009, 0xE009, 0xE009, 0xE009, 0xE009, 0xE009, 0xE009, 0xE009, 0xE009, 0xE009, 0xE009, 0xE009, 0xE009, 
0xE009, 0xE009, 0xE009, 0xE009, 0xE009, 0xE009, 0xE009, 0xE009, 0xE009, 0xE009, 0xE009, 0xE009, 0xE009, 0xE009, 0xE009, 0xE009, 
0xE009, 0xE009, 0xE009, 0xE009, 0xE009, 0xE009, 0xE009, 0xE009, 0xE009, 0xE009, 0xE009, 0xE009, 0xE009, 0xE009, 0xE009, 0xE009, 
0xE009, 0xE009, 0xE009, 0xE009, 0xE009, 0xE009, 0xE009, 0xE009, 0xE009, 0xE009, 0xE009, 0xE009, 0xE009, 0xE009, 0xE009, 0xE009, 
0xE009, 0xE009, 0xE009, 0xE009, 0xE009, 0xE009, 0xE009, 0xE009, 0xE009, 0xE009, 0xE009, 0xE009, 0xE009, 0xE009, 0xE009, 0xE009, 
0xE009, 0xE009, 0xE009, 0xE009, 0xE009, 0xE009, 0xE009, 0xE009, 0xE009, 0xE009, 0xE009, 0xE009, 0xE009, 0xE009, 0xE009, 0xE009, 
0xE009, 0xE009, 0xE009, 0xE009, 0xE009, 0xE009, 0xE009, 0xE009, 0xE009, 0xE009, 0xE009, 0xE009, 0xE009, 0xE009, 0xE009, 0xE009, 
0xE009, 0xE009, 0xE009, 0xE009, 0xE009, 0xE009, 0xE009, 0xE009, 0xE009, 0xE009, 0xE009, 0xE009, 0xE009, 0xE009, 0xE009, 0xE009, 
0xE009, 0xE009, 0xE009, 0xE009, 0xE009, 0xE009, 0xE009, 0xE009, 0xE009, 0xE009, 0xE009, 0xE009, 0xE009, 0xE009, 0xE009, 0xE009, 
0xE009, 0xE009, 0xE009, 0xE009, 0xE009, 0xE009, 0xE009, 0xE009, 0xE009, 0xE009, 0xE009, 0xE009, 0xE009, 0xE009, 0xE009, 0xE009, 
0xE009, 0xE009, 0xE009, 0xE009, 0xE009, 0xE009, 0xE009, 0xE009, 0xE009, 0xE009, 0xE009, 0xE009, 0xE009, 0xE009, 0xE009, 0xE009, 
0xE009, 0xE009, 0xE009, 0xE009, 0xE009, 0xE009, 0xE009, 0xE009, 0xE009, 0xE009, 0xE009, 0xE009, 0xE009, 0xE009, 0xE009, 0xE009, 
0xE009, 0xE009, 0xE009, 0xE009, 0xE009, 0xE009, 0xE009, 0xE009, 0xE009, 0xE009, 0xE009, 0xE009, 0xE009, 0xE009, 0xE009, 0xE009, 
0xE009, 0xE009, 0xE009, 0xE009, 0xE009, 0xE009, 0xE009, 0xE009, 0xE009, 0xE009, 0xE009, 0xE009, 0xE009, 0xE009, 0xE009, 0xE009, 
0xE009, 0xE009, 0xE009, 0xE009, 0xE009, 0xE009, 0xE009, 0xE009, 0xE009, 0xE009, 0xE009, 0xE009, 0xE009, 0xE009, 0xE009, 0xE009, 
0xE009, 0xE009, 0xE009, 0xE009, 0xE009, 0xE009, 0xE009, 0xE009, 0xE009, 0xE009, 0xE009, 0xE009, 0xE009, 0xE009, 0xE009, 0xE009, 
0xE009, 0xE009, 0xE009, 0xE009, 0xE009, 0xE009, 0xE009, 0xE009, 0xE009, 0xE009, 0xE009, 0xE009, 0xE009, 0xE009, 0xE009, 0xE009, 
0xE009, 0xE009, 0xE009, 0xE009, 0xE009, 0xE009, 0xE009, 0xE009, 0xE009, 0xE009, 0xE009, 0xE009, 0xE009, 0xE009, 0xE009, 0xE009, 
0xE009, 0xE009, 0xE009, 0xE009, 0xE009, 0xE009, 0xE009, 0xE009, 0xE009, 0xE009, 0xE009, 0xE009, 0xE009, 0xE009, 0xE009, 0xE009, 
0xE009, 0xE009, 0xE009, 0xE009, 0xE009, 0xE009, 0xE009, 0xE009, 0xE009, 0xE009, 0xE009, 0xE009, 0xE009, 0xE009, 0xE009, 0xE009, 
0xE009, 0xE009, 0xE009, 0xE009, 0xE009, 0xE009, 0xE009, 0xE009, 0xE009, 0xE009, 0xE009, 0xE009, 0xE009, 0xE009, 0xE009, 0xE009, 
0xE009, 0xE009, 0xE009, 0xE009, 0xE009, 0xE009, 0xE009, 0xE009, 0xE009, 0xE009, 0xE009, 0xE009, 0xE009, 0xE009, 0xE009, 0xE009, 
0xE009, 0xE009, 0xE009, 0xE009, 0xE009, 0xE009, 0xE009, 0xE009, 0xE009, 0xE009, 0xE009, 0xE009, 0xE009, 0xE009, 0xE009, 0xE009, 
0xE009, 0xE009, 0xE009, 0xE009, 0xE009, 0xE009, 0xE009, 0xE009, 0xE009, 0xE009, 0xE009, 0xE009, 0xE009, 0xE009, 0xE009, 0xE009, 
0xE009, 0xE009, 0xE009, 0xE009, 0xE009, 0xE009, 0xE009, 0xE009, 0xE009, 0xE009, 0xE009, 0xE009, 0xE009, 0xE009, 0xE009, 0xE009, 
0xE009, 0xE009, 0xE009, 0xE009, 0xE009, 0xE009, 0xE009, 0xE009, 0xE009, 0xE009, 0xE009, 0xE009, 0xE009, 0xE009, 0xE009, 0xE009, 
0xE009, 0xE009, 0xE009, 0xE009, 0xE009, 0xE009, 0xE009, 0xE009, 0xE009, 0xE009, 0xE009, 0xE009, 0xE009, 0xE009, 0xE009, 0xE009, 
0xE009, 0xE009, 0xE009, 0xE009, 0xE009, 0xE009, 0xE009, 0xE009, 0xE009, 0xE009, 0xE009, 0xE009, 0xE009, 0xE009, 0xE009, 0xE009, 
0xE009, 0xE009, 0xE009, 0xE009, 0xE009, 0xE009, 0xE009, 0xE009, 0xE009, 0xE009, 0xE009, 0xE009, 0xE009, 0xE009, 0xE009, 0xE009, 
0xE009, 0xE009, 0xE009, 0xE009, 0xE009, 0xE009, 0xE009, 0xE009, 0xE009, 0xE009, 0xE009, 0xE009, 0xE009, 0xE009, 0xE009, 0xE009, 
0xE009, 0xE009, 0xE009, 0xE009, 0xE009, 0xE009, 0xE009, 0xE009, 0xE009, 0xE009, 0xE009, 0xE009, 0xE009, 0xE009, 0xE009, 0xE009, 
0xE009, 0xE009, 0xE009, 0xE009, 0xE009, 0xE009, 0xE009, 0xE009, 0xE009, 0xE009, 0xE009, 0xE009, 0xE009, 0xE009, 0xE009, 0xE009, 
0xE009, 0xE009, 0xE009, 0xE009, 0xE009, 0xE009, 0xE009, 0xE009, 0xE009, 0xE009, 0xE009, 0xE009, 0xE009, 0xE009, 0xE009, 0xE009, 
0xE009, 0xE009, 0xE009, 0xE009, 0xE009, 0xE009, 0xE009, 0xE009, 0xE009, 0xE009, 0xE009, 0xE009, 0xE009, 0xE009, 0xE009, 0xE009, 
0xE009, 0xE009, 0xE009, 0xE009, 0xE009, 0xE009, 0xE009, 0xE009, 0xE009, 0xE009, 0xE009, 0xE009, 0xE009, 0xE009, 0xE009, 0xE009, 
0xE009, 0xE009, 0xE009, 0xE009, 0xE009, 0xE009, 0xE009, 0xE009, 0xE009, 0xE009, 0xE009, 0xE009, 0xE009, 0xE009, 0xE009, 0xE009, 
0xE009, 0xE009, 0xE009, 0xE009, 0xE009, 0xE009, 0xE009, 0xE009, 0xE009, 0xE009, 0xE009, 0xE009, 0xE009, 0xE009, 0xE009, 0xE009, 
0xE009, 0xE009, 0xE009, 0xE009, 0xE009, 0xE009, 0xE009, 0xE009, 0xE009, 0xE009, 0xE009, 0xE009, 0xE009, 0xE009, 0xE009, 0xE009, 
0xE009, 0xE009, 0xE009, 0xE009, 0xE009, 0xE009, 0xE009, 0xE009, 0xE009, 0xE009, 0xE009, 0xE009, 0xE009, 0xE009, 0xE009, 0xE009, 
0xE009, 0xE009, 0xE009, 0xE009, 0xE009, 0xE009, 0xE009, 0xE009, 0xE009, 0xE009, 0xE009, 0xE009, 0xE009, 0xE009, 0xE009, 0xE009, 
0xE009, 0xE009, 0xE009, 0xE009, 0xE009, 0xE009, 0xE009, 0xE009, 0xE009, 0xE009, 0xE009, 0xE009, 0xE009, 0xE009, 0xE009, 0xE009, 
0xE009, 0xE009, 0xE009, 0xE009, 0xE009, 0xE009, 0xE009, 0xE009, 0xE009, 0xE009, 0xE009, 0xE009, 0xE009, 0xE009, 0xE009, 0xE009, 
0xE009, 0xE009, 0xE009, 0xE009, 0xE009, 0xE009, 0xE009, 0xE009, 0xE009, 0xE009, 0xE009, 0xE009, 0xE009, 0xE009, 0xE009, 0xE009, 
0xE009, 0xE009, 0xE009, 0xE009, 0xE009, 0xE009, 0xE009, 0xE009, 0xE009, 0xE009, 0xE009, 0xE009, 0xE009, 0xE009, 0xE009, 0xE009, 
0xE009, 0xE009, 0xE009, 0xE009, 0xE009, 0xE009, 0xE009, 0xE009, 0xE009, 0xE009, 0xE009, 0xE009, 0xE009, 0xE009, 0xE009, 0xE009, 
0xE009, 0xE009, 0xE009, 0xE009, 0xE009, 0xE009, 0xE009, 0xE009, 0xE009, 0xE009, 0xE009, 0xE009, 0xE009, 0xE009, 0xE009, 0xE009, 
0xE009, 0xE009, 0xE009, 0xE009, 0xE009, 0xE009, 0xE009, 0xE009, 0xE009, 0xE009, 0xE009, 0xE009, 0xE009, 0xE009, 0xE009, 0xE009, 
0xE009, 0xE009, 0xE009, 0xE009, 0xE009, 0xE009, 0xE009, 0xE009, 0xE009, 0xE009, 0xE009, 0xE009, 0xE009, 0xE009, 0xE009, 0xE009, 
0xE009, 0xE009, 0xE009, 0xE009, 0xE009, 0xE009, 0xE009, 0xE009, 0xE009, 0xE009, 0xE009, 0xE009, 0xE009, 0xE009, 0xE009, 0xE009, 
0xE009, 0xE009, 0xE009, 0xE009, 0xE009, 0xE009, 0xE009, 0xE009, 0xE009, 0xE009, 0xE009, 0xE009, 0xE009, 0xE009, 0xE009, 0xE009, 
0xE009, 0xE009, 0xE009, 0xE009, 0xE009, 0xE009, 0xE009, 0xE009, 0xE009, 0xE009, 0xE009, 0xE009, 0xE009, 0xE009, 0xE009, 0xE009, 
0xE009, 0xE009, 0xE009, 0xE009, 0xE009, 0xE009, 0xE009, 0xE009, 0xE009, 0xE009, 0xE009, 0xE009, 0xE009, 0xE009, 0xE009, 0xE009, 
0xE009, 0xE009, 0xE009, 0xE009, 0xE009, 0xE009, 0xE009, 0xE009, 0xE009, 0xE009, 0xE009, 0xE009, 0xE009, 0xE009, 0xE009, 0xE009, 
0xE009, 0xE009, 0xE009, 0xE009, 0xE009, 0xE009, 0xE009, 0xE009, 0xE009, 0xE009, 0xE009, 0xE009, 0xE009, 0xE009, 0xE009, 0xE009, 
0xE009, 0xE009, 0xE009, 0xE009, 0xE009, 0xE009, 0xE009, 0xE009, 0xE009, 0xE009, 0xE009, 0xE009, 0xE009, 0xE009, 0xE009, 0xE009, 
0xE009, 0xE009, 0xE009, 0xE009, 0xE009, 0xE009, 0xE009, 0xE009, 0xE009, 0xE009, 0xE009, 0xE009, 0xE009, 0xE009, 0xE009, 0xE009, 
0xE009, 0xE009, 0xE009, 0xE009, 0xE009, 0xE009, 0xE009, 0xE009, 0xE009, 0xE009, 0xE009, 0xE009, 0xE009, 0xE009, 0xE009, 0xE009, 
0xE009, 0xE009, 0xE009, 0xE009, 0xE009, 0xE009, 0xE009, 0xE009, 0xE009, 0xE009, 0xE009, 0xE009, 0xE009, 0xE009, 0xE009, 0xE009, 
0xE009, 0xE009, 0xE009, 0xE009, 0xE009, 0xE009, 0xE009, 0xE009, 0xE009, 0xE009, 0xE009, 0xE009, 0xE009, 0xE009, 0xE009, 0xE009, 
0xE009, 0xE009, 0xE009, 0xE009, 0xE009, 0xE009, 0xE009, 0xE009, 0xE009, 0xE009, 0xE009, 0xE009, 0xE009, 0xE009, 0xE009, 0xE009, 
0xE009, 0xE009, 0xE009, 0xE009, 0xE009, 0xE009, 0xE009, 0xE009, 0xE009, 0xE009, 0xE009, 0xE009, 0xE009, 0xE009, 0xE009, 0xE009, 
0xE009, 0xE009, 0xE009, 0xE009, 0xE009, 0xE009, 0xE009, 0xE009, 0xE009, 0xE009, 0xE009, 0xE009, 0xE009, 0xE009, 0xE009, 0xE009, 
0xE009, 0xE009, 0xE009, 0xE009, 0xE009, 0xE009, 0xE009, 0xE009, 0xE009, 0xE009, 0xE009, 0xE009, 0xE009, 0xE009, 0xE009, 0xE009, 
0xE009, 0xE009, 0xE009, 0xE009, 0xE009, 0xE009, 0xE009, 0xE009, 0xE009, 0xE009, 0xE009, 0xE009, 0xE009, 0xE009, 0xE009, 0xE009, 
0xE009, 0xE009, 0xE009, 0xE009, 0xE009, 0xE009, 0xE009, 0xE009, 0xE009, 0xE009, 0xE009, 0xE009, 0xE009, 0xE009, 0xE009, 0xE009, 
0xE009, 0xE009, 0xE009, 0xE009, 0xE009, 0xE009, 0xE009, 0xE009, 0xE009, 0xE009, 0xE009, 0xE009, 0xE009, 0xE009, 0xE009, 0xE009, 
0xE009, 0xE009, 0xE009, 0xE009, 0xE009, 0xE009, 0xE009, 0xE009, 0xE009, 0xE009, 0xE009, 0xE009, 0xE009, 0xE009, 0xE009, 0xE009, 
0xE009, 0xE009, 0xE009, 0xE009, 0xE009, 0xE009, 0xE009, 0xE009, 0xE009, 0xE009, 0xE009, 0xE009, 0xE009, 0xE009, 0xE009, 0xE009, 
0xE009, 0xE009, 0xE009, 0xE009, 0xE009, 0xE009, 0xE009, 0xE009, 0xE009, 0xE009, 0xE009, 0xE009, 0xE009, 0xE009, 0xE009, 0xE009, 
0xE009, 0xE009, 0xE009, 0xE009, 0xE009, 0xE009, 0xE009, 0xE009, 0xE009, 0xE009, 0xE009, 0xE009, 0xE009, 0xE009, 0xE009, 0xE009, 
0xE009, 0xE009, 0xE009, 0xE009, 0xE009, 0xE009, 0xE009, 0xE009, 0xE009, 0xE009, 0xE009, 0xE009, 0xE009, 0xE009, 0xE009, 0xE009, 
0xE009, 0xE009, 0xE009, 0xE009, 0xE009, 0xE009, 0xE009, 0xE009, 0xE009, 0xE009, 0xE009, 0xE009, 0xE009, 0xE009, 0xE009, 0xE009, 
0xE009, 0xE009, 0xE009, 0xE009, 0xE009, 0xE009, 0xE009, 0xE009, 0xE009, 0xE009, 0xE009, 0xE009, 0xE009, 0xE009, 0xE009, 0xE009, 
0xE009, 0xE009, 0xE009, 0xE009, 0xE009, 0xE009, 0xE009, 0xE009, 0xE009, 0xE009, 0xE009, 0xE009, 0xE009, 0xE009, 0xE009, 0xE009, 
0xE009, 0xE009, 0xE009, 0xE009, 0xE009, 0xE009, 0xE009, 0xE009, 0xE009, 0xE009, 0xE009, 0xE009, 0xE009, 0xE009, 0xE009, 0xE009, 
0xE009, 0xE009, 0xE009, 0xE009, 0xE009, 0xE009, 0xE009, 0xE009, 0xE009, 0xE009, 0xE009, 0xE009, 0xE009, 0xE009, 0xE009, 0xE009, 
0xE009, 0xE009, 0xE009, 0xE009, 0xE009, 0xE009, 0xE009, 0xE009, 0xE009, 0xE009, 0xE009, 0xE009, 0xE009, 0xE009, 0xE009, 0xE009, 
0xE009, 0xE009, 0xE009, 0xE009, 0xE009, 0xE009, 0xE009, 0xE009, 0xE009, 0xE009, 0xE009, 0xE009, 0xE009, 0xE009, 0xE009, 0xE009, 
0xE009, 0xE009, 0xE009, 0xE009, 0xE009, 0xE009, 0xE009, 0xE009, 0xE009, 0xE009, 0xE009, 0xE009, 0xE009, 0xE009, 0xE009, 0xE009, 
0xE009, 0xE009, 0xE009, 0xE009, 0xE009, 0xE009, 0xE009, 0xE009, 0xE009, 0xE009, 0xE009, 0xE009, 0xE009, 0xE009, 0xE009, 0xE009, 
0xE009, 0xE009, 0xE009, 0xE009, 0xE009, 0xE009, 0xE009, 0xE009, 0xE009, 0xE009, 0xE009, 0xE009, 0xE009, 0xE009, 0xE009, 0xE009, 
0xE009, 0xE009, 0xE009, 0xE009, 0xE009, 0xE009, 0xE009, 0xE009, 0xE009, 0xE009, 0xE009, 0xE009, 0xE009, 0xE009, 0xE009, 0xE009, 
0xE009, 0xE009, 0xE009, 0xE009, 0xE009, 0xE009, 0xE009, 0xE009, 0xE009, 0xE009, 0xE009, 0xE009, 0xE009, 0xE009, 0xE009, 0xE009, 
0xE009, 0xE009, 0xE009, 0xE009, 0xE009, 0xE009, 0xE009, 0xE009, 0xE009, 0xE009, 0xE009, 0xE009, 0xE009, 0xE009, 0xE009, 0xE009, 
0xE009, 0xE009, 0xE009, 0xE009, 0xE009, 0xE009, 0xE009, 0xE009, 0xE009, 0xE009, 0xE009, 0xE009, 0xE009, 0xE009, 0xE009, 0xE009, 
0xE009, 0xE009, 0xE009, 0xE009, 0xE009, 0xE009, 0xE009, 0xE009, 0xE009, 0xE009, 0xE009, 0xE009, 0xE009, 0xE009, 0xE009, 0xE009, 
0xE009, 0xE009, 0xE009, 0xE009, 0xE009, 0xE009, 0xE009, 0xE009, 0xE009, 0xE009, 0xE009, 0xE009, 0xE009, 0xE009, 0xE009, 0xE009, 
0xE009, 0xE009, 0xE009, 0xE009, 0xE009, 0xE009, 0xE009, 0xE009, 0xE009, 0xE009, 0xE009, 0xE009, 0xE009, 0xE009, 0xE009, 0xE009, 
0xE009, 0xE009, 0xE009, 0xE009, 0xE009, 0xE009, 0xE009, 0xE009, 0xE009, 0xE009, 0xE009, 0xE009, 0xE009, 0xE009, 0xE009, 0xE009, 
0xE009, 0xE009, 0xE009, 0xE009, 0xE009, 0xE009, 0xE009, 0xE009, 0xE009, 0xE009, 0xE009, 0xE009, 0xE009, 0xE009, 0xE009, 0xE009, 
0xE009, 0xE009, 0xE009, 0xE009, 0xE009, 0xE009, 0xE009, 0xE009, 0xE009, 0xE009, 0xE009, 0xE009, 0xE009, 0xE009, 0xE009, 0xE009, 
0xE009, 0xE009, 0xE009, 0xE009, 0xE009, 0xE009, 0xE009, 0xE009, 0xE009, 0xE009, 0xE009, 0xE009, 0xE009, 0xE009, 0xE009, 0xE009, 
0xE009, 0xE009, 0xE009, 0xE009, 0xE009, 0xE009, 0xE009, 0xE009, 0xE009, 0xE009, 0xE009, 0xE009, 0xE009, 0xE009, 0xE009, 0xE009, 
0xE009, 0xE009, 0xE009, 0xE009, 0xE009, 0xE009, 0xE009, 0xE009, 0xE009, 0xE009, 0xE009, 0xE009, 0xE009, 0xE009, 0xE009, 0xE009, 
0xE009, 0xE009, 0xE009, 0xE009, 0xE009, 0xE009, 0xE009, 0xE009, 0xE009, 0xE009, 0xE009, 0xE009, 0xE009, 0xE009, 0xE009, 0xE009, 
0xE009, 0xE009, 0xE009, 0xE009, 0xE009, 0xE009, 0xE009, 0xE009, 0xE009, 0xE009, 0xE009, 0xE009, 0xE009, 0xE009, 0xE009, 0xE009, 
0xE009, 0xE009, 0xE009, 0xE009, 0xE009, 0xE009, 0xE009, 0xE009, 0xE009, 0xE009, 0xE009, 0xE009, 0xE009, 0xE009, 0xE009, 0xE009, 
0xE009, 0xE009, 0xE009, 0xE009, 0xE009, 0xE009, 0xE009, 0xE009, 0xE009, 0xE009, 0xE009, 0xE009, 0xE009, 0xE009, 0xE009, 0xE009, 
0xE009, 0xE009, 0xE009, 0xE009, 0xE009, 0xE009, 0xE009, 0xE009, 0xE009, 0xE009, 0xE009, 0xE009, 0xE009, 0xE009, 0xE009, 0xE009, 
0xE009, 0xE009, 0xE009, 0xE009, 0xE009, 0xE009, 0xE009, 0xE009, 0xE009, 0xE009, 0xE009, 0xE009, 0xE009, 0xE009, 0xE009, 0xE009, 
0xE009, 0xE009, 0xE009, 0xE009, 0xE009, 0xE009, 0xE009, 0xE009, 0xE009, 0xE009, 0xE009, 0xE009, 0xE009, 0xE009, 0xE009, 0xE009, 
0xE009, 0xE009, 0xE009, 0xE009, 0xE009, 0xE009, 0xE009, 0xE009, 0xE009, 0xE009, 0xE009, 0xE009, 0xE009, 0xE009, 0xE009, 0xE009, 
0xE009, 0xE009, 0xE009, 0xE009, 0xE009, 0xE009, 0xE009, 0xE009, 0xE009, 0xE009, 0xE009, 0xE009, 0xE009, 0xE009, 0xE009, 0xE009, 
0xE009, 0xE009, 0xE009, 0xE009, 0xE009, 0xE009, 0xE009, 0xE009, 0xE009, 0xE009, 0xE009, 0xE009, 0xE009, 0xE009, 0xE009, 0xE009, 
0xE009, 0xE009, 0xE009, 0xE009, 0xE009, 0xE009, 0xE009, 0xE009, 0xE009, 0xE009, 0xE009, 0xE009, 0xE009, 0xE009, 0xE009, 0xE009, 
0xE009, 0xE009, 0xE009, 0xE009, 0xE009, 0xE009, 0xE009, 0xE009, 0xE009, 0xE009, 0xE009, 0xE009, 0xE009, 0xE009, 0xE009, 0xE009, 
0xE009, 0xE009, 0xE009, 0xE009, 0xE009, 0xE009, 0xE009, 0xE009, 0xE009, 0xE009, 0xE009, 0xE009, 0xE009, 0xE009, 0xE009, 0xE009, 
0xE009, 0xE009, 0xE009, 0xE009, 0xE009, 0xE009, 0xE009, 0xE009, 0xE009, 0xE009, 0xE009, 0xE009, 0xE009, 0xE009, 0xE009, 0xE009, 
0xE009, 0xE009, 0xE009, 0xE009, 0xE009, 0xE009, 0xE009, 0xE009, 0xE009, 0xE009, 0xE009, 0xE009, 0xE009, 0xE009, 0xE009, 0xE009, 
0xE009, 0xE009, 0xE009, 0xE009, 0xE009, 0xE009, 0xE009, 0xE009, 0xE009, 0xE009, 0xE009, 0xE009, 0xE009, 0xE009, 0xE009, 0xE009, 
0xE009, 0xE009, 0xE009, 0xE009, 0xE009, 0xE009, 0xE009, 0xE009, 0xE009, 0xE009, 0xE009, 0xE009, 0xE009, 0xE009, 0xE009, 0xE009, 
0xE009, 0xE009, 0xE009, 0xE009, 0xE009, 0xE009, 0xE009, 0xE009, 0xE009, 0xE009, 0xE009, 0xE009, 0xE009, 0xE009, 0xE009, 0xE009, 
0xE009, 0xE009, 0xE009, 0xE009, 0xE009, 0xE009, 0xE009, 0xE009, 0xE009, 0xE009, 0xE009, 0xE009, 0xE009, 0xE009, 0xE009, 0xE009, 
0xE009, 0xE009, 0xE009, 0xE009, 0xE009, 0xE009, 0xE009, 0xE009, 0xE009, 0xE009, 0xE009, 0xE009, 0xE009, 0xE009, 0xE009, 0xE009, 
0xE009, 0xE009, 0xE009, 0xE009, 0xE009, 0xE009, 0xE009, 0xE009, 0xE009, 0xE009, 0xE009, 0xE009, 0xE009, 0xE009, 0xE009, 0xE009, 
0xE009, 0xE009, 0xE009, 0xE009, 0xE009, 0xE009, 0xE009, 0xE009, 0xE009, 0xE009, 0xE009, 0xE009, 0xE009, 0xE009, 0xE009, 0xE009, 
0xE009, 0xE009, 0xE009, 0xE009, 0xE009, 0xE009, 0xE009, 0xE009, 0xE009, 0xE009, 0xE009, 0xE009, 0xE009, 0xE009, 0xE009, 0xE009, 
0xE009, 0xE009, 0xE009, 0xE009, 0xE009, 0xE009, 0xE009, 0xE009, 0xE009, 0xE009, 0xE009, 0xE009, 0xE009, 0xE009, 0xE009, 0xE009, 
0xE009, 0xE009, 0xE009, 0xE009, 0xE009, 0xE009, 0xE009, 0xE009, 0xE009, 0xE009, 0xE009, 0xE009, 0xE009, 0xE009, 0xE009, 0xE009, 
0xE009, 0xE009, 0xE009, 0xE009, 0xE009, 0xE009, 0xE009, 0xE009, 0xE009, 0xE009, 0xE009, 0xE009, 0xE009, 0xE009, 0xE009, 0xE009, 
0xE009, 0xE009, 0xE009, 0xE009, 0xE009, 0xE009, 0xE009, 0xE009, 0xE009, 0xE009, 0xE009, 0xE009, 0xE009, 0xE009, 0xE009, 0xE009, 
0xE009, 0xE009, 0xE009, 0xE009, 0xE009, 0xE009, 0xE009, 0xE009, 0xE009, 0xE009, 0xE009, 0xE009, 0xE009, 0xE009, 0xE009, 0xE009, 
0xE009, 0xE009, 0xE009, 0xE009, 0xE009, 0xE009, 0xE009, 0xE009, 0xE009, 0xE009, 0xE009, 0xE009, 0xE009, 0xE009, 0xE009, 0xE009, 
0xE009, 0xE009, 0xE009, 0xE009, 0xE009, 0xE009, 0xE009, 0xE009, 0xE009, 0xE009, 0xE009, 0xE009, 0xE009, 0xE009, 0xE009, 0xE009, 
0xE009, 0xE009, 0xE009, 0xE009, 0xE009, 0xE009, 0xE009, 0xE009, 0xE009, 0xE009, 0xE009, 0xE009, 0xE009, 0xE009, 0xE009, 0xE009, 
0xE009, 0xE009, 0xE009, 0xE009, 0xE009, 0xE009, 0xE009, 0xE009, 0xE009, 0xE009, 0xE009, 0xE009, 0xE009, 0xE009, 0xE009, 0xE009, 
0xE009, 0xE009, 0xE009, 0xE009, 0xE009, 0xE009, 0xE009, 0xE009, 0xE009, 0xE009, 0xE009, 0xE009, 0xE009, 0xE009, 0xE009, 0xE009, 
0xE009, 0xE009, 0xE009, 0xE009, 0xE009, 0xE009, 0xE009, 0xE009, 0xE009, 0xE009, 0xE009, 0xE009, 0xE009, 0xE009, 0xE009, 0xE009, 
0xE009, 0xE009, 0xE009, 0xE009, 0xE009, 0xE009, 0xE009, 0xE009, 0xE009, 0xE009, 0xE009, 0xE009, 0xE009, 0xE009, 0xE009, 0xE009, 
0xE009, 0xE009, 0xE009, 0xE009, 0xE009, 0xE009, 0xE009, 0xE009, 0xE009, 0xE009, 0xE009, 0xE009, 0xE009, 0xE009, 0xE009, 0xE009, 
0xE009, 0xE009, 0xE009, 0xE009, 0xE009, 0xE009, 0xE009, 0xE009, 0xE009, 0xE009, 0xE009, 0xE009, 0xE009, 0xE009, 0xE009, 0xE009, 
0xE009, 0xE009, 0xE009, 0xE009, 0xE009, 0xE009, 0xE009, 0xE009, 0xE009, 0xE009, 0xE009, 0xE009, 0xE009, 0xE009, 0xE009, 0xE009, 
0xE009, 0xE009, 0xE009, 0xE009, 0xE009, 0xE009, 0xE009, 0xE009, 0xE009, 0xE009, 0xE009, 0xE009, 0xE009, 0xE009, 0xE009, 0xE009, 
0xE009, 0xE009, 0xE009, 0xE009, 0xE009, 0xE009, 0xE009, 0xE009, 0xE009, 0xE009, 0xE009, 0xE009, 0xE009, 0xE009, 0xE009, 0xE009, 
0xE009, 0xE009, 0xE009, 0xE009, 0xE009, 0xE009, 0xE009, 0xE009, 0xE009, 0xE009, 0xE009, 0xE009, 0xE009, 0xE009, 0xE009, 0xE009, 
0xE009, 0xE009, 0xE009, 0xE009, 0xE009, 0xE009, 0xE009, 0xE009, 0xE009, 0xE009, 0xE009, 0xE009, 0xE009, 0xE009, 0xE009, 0xE009, 
0xE009, 0xE009, 0xE009, 0xE009, 0xE009, 0xE009, 0xE009, 0xE009, 0xE009, 0xE009, 0xE009, 0xE009, 0xE009, 0xE009, 0xE009, 0xE009, 
0xE009, 0xE009, 0xE009, 0xE009, 0xE009, 0xE009, 0xE009, 0xE009, 0xE009, 0xE009, 0xE009, 0xE009, 0xE009, 0xE009, 0xE009, 0xE009, 
0xE009, 0xE009, 0xE009, 0xE009, 0xE009, 0xE009, 0xE009, 0xE009, 0xE009, 0xE009, 0xE009, 0xE009, 0xE009, 0xE009, 0xE009, 0xE009, 
0xE009, 0xE009, 0xE009, 0xE009, 0xE009, 0xE009, 0xE009, 0xE009, 0xE009, 0xE009, 0xE009, 0xE009, 0xE009, 0xE009, 0xE009, 0xE009, 
0xE009, 0xE009, 0xE009, 0xE009, 0xE009, 0xE009, 0xE009, 0xE009, 0xE009, 0xE009, 0xE009, 0xE009, 0xE009, 0xE009, 0xE009, 0xE009, 
0xE009, 0xE009, 0xE009, 0xE009, 0xE009, 0xE009, 0xE009, 0xE009, 0xE009, 0xE009, 0xE009, 0xE009, 0xE009, 0xE009, 0xE009, 0xE009, 
0xE009, 0xE009, 0xE009, 0xE009, 0xE009, 0xE009, 0xE009, 0xE009, 0xE009, 0xE009, 0xE009, 0xE009, 0xE009, 0xE009, 0xE009, 0xE009, 
0xE009, 0xE009, 0xE009, 0xE009, 0xE009, 0xE009, 0xE009, 0xE009, 0xE009, 0xE009, 0xE009, 0xE009, 0xE009, 0xE009, 0xE009, 0xE009, 
0xE009, 0xE009, 0xE009, 0xE009, 0xE009, 0xE009, 0xE009, 0xE009, 0xE009, 0xE009, 0xE009, 0xE009, 0xE009, 0xE009, 0xE009, 0xE009, 
0xE009, 0xE009, 0xE009, 0xE009, 0xE009, 0xE009, 0xE009, 0xE009, 0xE009, 0xE009, 0xE009, 0xE009, 0xE009, 0xE009, 0xE009, 0xE009, 
0xE009, 0xE009, 0xE009, 0xE009, 0xE009, 0xE009, 0xE009, 0xE009, 0xE009, 0xE009, 0xE009, 0xE009, 0xE009, 0xE009, 0xE009, 0xE009, 
0xE009, 0xE009, 0xE009, 0xE009, 0xE009, 0xE009, 0xE009, 0xE009, 0xE009, 0xE009, 0xE009, 0xE009, 0xE009, 0xE009, 0xE009, 0xE009, 
0xE009, 0xE009, 0xE009, 0xE009, 0xE009, 0xE009, 0xE009, 0xE009, 0xE009, 0xE009, 0xE009, 0xE009, 0xE009, 0xE009, 0xE009, 0xE009, 
0xE009, 0xE009, 0xE009, 0xE009, 0xE009, 0xE009, 0xE009, 0xE009, 0xE009, 0xE009, 0xE009, 0xE009, 0xE009, 0xE009, 0xE009, 0xE009, 
0xE009, 0xE009, 0xE009, 0xE009, 0xE009, 0xE009, 0xE009, 0xE009, 0xE009, 0xE009, 0xE009, 0xE009, 0xE009, 0xE009, 0xE009, 0xE009, 
0xE009, 0xE009, 0xE009, 0xE009, 0xE009, 0xE009, 0xE009, 0xE009, 0xE009, 0xE009, 0xE009, 0xE009, 0xE009, 0xE009, 0xE009, 0xE009, 
0xE009, 0xE009, 0xE009, 0xE009, 0xE009, 0xE009, 0xE009, 0xE009, 0xE009, 0xE009, 0xE009, 0xE009, 0xE009, 0xE009, 0xE009, 0xE009, 
0xE009, 0xE009, 0xE009, 0xE009, 0xE009, 0xE009, 0xE009, 0xE009, 0xE009, 0xE009, 0xE009, 0xE009, 0xE009, 0xE009, 0xE009, 0xE009, 
0xE009, 0xE009, 0xE009, 0xE009, 0xE009, 0xE009, 0xE009, 0xE009, 0xE009, 0xE009, 0xE009, 0xE009, 0xE009, 0xE009, 0xE009, 0xE009, 
0xE009, 0xE009, 0xE009, 0xE009, 0xE009, 0xE009, 0xE009, 0xE009, 0xE009, 0xE009, 0xE009, 0xE009, 0xE009, 0xE009, 0xE009, 0xE009, 
0xE009, 0xE009, 0xE009, 0xE009, 0xE009, 0xE009, 0xE009, 0xE009, 0xE009, 0xE009, 0xE009, 0xE009, 0xE009, 0xE009, 0xE009, 0xE009, 
0xE009, 0xE009, 0xE009, 0xE009, 0xE009, 0xE009, 0xE009, 0xE009, 0xE009, 0xE009, 0xE009, 0xE009, 0xE009, 0xE009, 0xE009, 0xE009, 
0xE009, 0xE009, 0xE009, 0xE009, 0xE009, 0xE009, 0xE009, 0xE009, 0xE009, 0xE009, 0xE009, 0xE009, 0xE009, 0xE009, 0xE009, 0xE009, 
0xE009, 0xE009, 0xE009, 0xE009, 0xE009, 0xE009, 0xE009, 0xE009, 0xE009, 0xE009, 0xE009, 0xE009, 0xE009, 0xE009, 0xE009, 0xE009, 
0xE009, 0xE009, 0xE009, 0xE009, 0xE009, 0xE009, 0xE009, 0xE009, 0xE009, 0xE009, 0xE009, 0xE009, 0xE009, 0xE009, 0xE009, 0xE009, 
0xE009, 0xE009, 0xE009, 0xE009, 0xE009, 0xE009, 0xE009, 0xE009, 0xE009, 0xE009, 0xE009, 0xE009, 0xE009, 0xE009, 0xE009, 0xE009, 
0xE009, 0xE009, 0xE009, 0xE009, 0xE009, 0xE009, 0xE009, 0xE009, 0xE009, 0xE009, 0xE009, 0xE009, 0xE009, 0xE009, 0xE009, 0xE009, 
0xE009, 0xE009, 0xE009, 0xE009, 0xE009, 0xE009, 0xE009, 0xE009, 0xE009, 0xE009, 0xE009, 0xE009, 0xE009, 0xE009, 0xE009, 0xE009, 
0xE009, 0xE009, 0xE009, 0xE009, 0xE009, 0xE009, 0xE009, 0xE009, 0xE009, 0xE009, 0xE009, 0xE009, 0xE009, 0xE009, 0xE009, 0xE009, 
0xE009, 0xE009, 0xE009, 0xE009, 0xE009, 0xE009, 0xE009, 0xE009, 0xE009, 0xE009, 0xE009, 0xE009, 0xE009, 0xE009, 0xE009, 0xE009, 
0xE009, 0xE009, 0xE009, 0xE009, 0xE009, 0xE009, 0xE009, 0xE009, 0xE009, 0xE009, 0xE009, 0xE009, 0xE009, 0xE009, 0xE009, 0xE009, 
0xE009, 0xE009, 0xE009, 0xE009, 0xE009, 0xE009, 0xE009, 0xE009, 0xE009, 0xE009, 0xE009, 0xE009, 0xE009, 0xE009, 0xE009, 0xE009, 
0xE009, 0xE009, 0xE009, 0xE009, 0xE009, 0xE009, 0xE009, 0xE009, 0xE009, 0xE009, 0xE009, 0xE009, 0xE009, 0xE009, 0xE009, 0xE009, 
0xE009, 0xE009, 0xE009, 0xE009, 0xE009, 0xE009, 0xE009, 0xE009, 0xE009, 0xE009, 0xE009, 0xE009, 0xE009, 0xE009, 0xE009, 0xE009, 
0xE009, 0xE009, 0xE009, 0xE009, 0xE009, 0xE009, 0xE009, 0xE009, 0xE009, 0xE009, 0xE009, 0xE009, 0xE009, 0xE009, 0xE009, 0xE009, 
0xE009, 0xE009, 0xE009, 0xE009, 0xE009, 0xE009, 0xE009, 0xE009, 0xE009, 0xE009, 0xE009, 0xE009, 0xE009, 0xE009, 0xE009, 0xE009, 
0xE009, 0xE009, 0xE009, 0xE009, 0xE009, 0xE009, 0xE009, 0xE009, 0xE009, 0xE009, 0xE009, 0xE009, 0xE009, 0xE009, 0xE009, 0xE009, 
0xE009, 0xE009, 0xE009, 0xE009, 0xE009, 0xE009, 0xE009, 0xE009, 0xE009, 0xE009, 0xE009, 0xE009, 0xE009, 0xE009, 0xE009, 0xE009, 
0xE009, 0xE009, 0xE009, 0xE009, 0xE009, 0xE009, 0xE009, 0xE009, 0xE009, 0xE009, 0xE009, 0xE009, 0xE009, 0xE009, 0xE009, 0xE009, 
0xE009, 0xE009, 0xE009, 0xE009, 0xE009, 0xE009, 0xE009, 0xE009, 0xE009, 0xE009, 0xE009, 0xE009, 0xE009, 0xE009, 0xE009, 0xE009, 
0xE009, 0xE009, 0xE009, 0xE009, 0xE009, 0xE009, 0xE009, 0xE009, 0xE009, 0xE009, 0xE009, 0xE009, 0xE009, 0xE009, 0xE009, 0xE009, 
0xE009, 0xE009, 0xE009, 0xE009, 0xE009, 0xE009, 0xE009, 0xE009, 0xE009, 0xE009, 0xE009, 0xE009, 0xE009, 0xE009, 0xE009, 0xE009, 
0xE009, 0xE009, 0xE009, 0xE009, 0xE009, 0xE009, 0xE009, 0xE009, 0xE009, 0xE009, 0xE009, 0xE009, 0xE009, 0xE009, 0xE009, 0xE009, 
0xE009, 0xE009, 0xE009, 0xE009, 0xE009, 0xE009, 0xE009, 0xE009, 0xE009, 0xE009, 0xE009, 0xE009, 0xE009, 0xE009, 0xE009, 0xE009, 
0xE009, 0xE009, 0xE009, 0xE009, 0xE009, 0xE009, 0xE009, 0xE009, 0xE009, 0xE009, 0xE009, 0xE009, 0xE009, 0xE009, 0xE009, 0xE009, 
0xE009, 0xE009, 0xE009, 0xE009, 0xE009, 0xE009, 0xE009, 0xE009, 0xE009, 0xE009, 0xE009, 0xE009, 0xE009, 0xE009, 0xE009, 0xE009, 
0xE009, 0xE009, 0xE009, 0xE009, 0xE009, 0xE009, 0xE009, 0xE009, 0xE009, 0xE009, 0xE009, 0xE009, 0xE009, 0xE009, 0xE009, 0xE009, 
0xE009, 0xE009, 0xE009, 0xE009, 0xE009, 0xE009, 0xE009, 0xE009, 0xE009, 0xE009, 0xE009, 0xE009, 0xE009, 0xE009, 0xE009, 0xE009, 
0xE009, 0xE009, 0xE009, 0xE009, 0xE009, 0xE009, 0xE009, 0xE009, 0xE009, 0xE009, 0xE009, 0xE009, 0xE009, 0xE009, 0xE009, 0xE009, 
0xE009, 0xE009, 0xE009, 0xE009, 0xE009, 0xE009, 0xE009, 0xE009, 0xE009, 0xE009, 0xE009, 0xE009, 0xE009, 0xE009, 0xE009, 0xE009, 
0xE009, 0xE009, 0xE009, 0xE009, 0xE009, 0xE009, 0xE009, 0xE009, 0xE009, 0xE009, 0xE009, 0xE009, 0xE009, 0xE009, 0xE009, 0xE009, 
0xE009, 0xE009, 0xE009, 0xE009, 0xE009, 0xE009, 0xE009, 0xE009, 0xE009, 0xE009, 0xE009, 0xE009, 0xD809, 0xE009, 0xE009, 0xE009, 
0xE009, 0xE009, 0xE009, 0xE009, 0xE009, 0xE009, 0xE009, 0xE009, 0xE009, 0xE009, 0xE009, 0xE009, 0xE009, 0xE009, 0xE009, 0xE009, 
0xE009, 0xE009, 0xE009, 0xE009, 0xE009, 0xE009, 0xE009, 0xE009, 0xE009, 0xE009, 0xE009, 0xE009, 0xE009, 0xE009, 0xE009, 0xE009, 
0xE009, 0xE009, 0xE009, 0xE009, 0xE009, 0xE009, 0xE009, 0xE009, 0xE009, 0xE009, 0xE009, 0xE009, 0xE009, 0xE009, 0xE009, 0xE009, 
0xE009, 0xE009, 0xE009, 0xE009, 0xE009, 0xE009, 0xE009, 0xE009, 0xE009, 0xE009, 0xE009, 0xE009, 0xE009, 0xE009, 0xE009, 0xE009, 
0xE009, 0xE009, 0xE009, 0xE009, 0xE009, 0xE009, 0xE009, 0xE009, 0xE009, 0xE009, 0xE009, 0xE009, 0xE009, 0xE009, 0xE009, 0xE009, 
0xE009, 0xE009, 0xE009, 0xE009, 0xE009, 0xE009, 0xE009, 0xE009, 0xE009, 0xE009, 0xE009, 0xE009, 0xE009, 0xE009, 0xE009, 0xE009, 
0xE009, 0xE009, 0xE009, 0xE009, 0xE009, 0xE009, 0xE009, 0xE009, 0xE009, 0xE009, 0xE009, 0xE009, 0xE009, 0xE009, 0xE009, 0xE009, 
0xE009, 0xE009, 0xE009, 0xE009, 0xE009, 0xE009, 0xE009, 0xE009, 0xE009, 0xE009, 0xE009, 0xE009, 0xE009, 0xE009, 0xE009, 0xE009, 
0xE009, 0xE009, 0xE009, 0xE009, 0xE009, 0xE009, 0xE009, 0xE009, 0xE009, 0xE009, 0xE009, 0xE009, 0xE009, 0xE009, 0xE009, 0xE009, 
0xE009, 0xE009, 0xE009, 0xE009, 0xE009, 0xE009, 0xE009, 0xE009, 0xE009, 0xE009, 0xE009, 0xE009, 0xE009, 0xE009, 0xE009, 0xE009, 
0xE009, 0xE009, 0xE009, 0xE009, 0xE009, 0xE009, 0xE009, 0xE009, 0xE009, 0xE009, 0xE009, 0xE009, 0xE009, 0xE009, 0xE009, 0xE009, 
0xE009, 0xE009, 0xE009, 0xE009, 0xE009, 0xE009, 0xE009, 0xE009, 0xE009, 0xE009, 0xE009, 0xE009, 0xE009, 0xE009, 0xE009, 0xE009, 
0xE009, 0xE009, 0xE009, 0xE009, 0xE009, 0xE009, 0xE009, 0xE009, 0xE009, 0xE009, 0xE009, 0xE009, 0xE009, 0xE009, 0xE009, 0xE009, 
0xE009, 0xE009, 0xE009, 0xE009, 0xE009, 0xE009, 0xE009, 0xE009, 0xD809, 0xD809, 0xD809, 0xE009, 0xE009, 0xE009, 0xE009, 0xE009, 
0xE009, 0xE009, 0xE009, 0xE009, 0xE009, 0xE009, 0xE009, 0xE009, 0xE009, 0xE009, 0xE009, 0xE009, 0xE009, 0xE009, 0xE009, 0xE009, 
0xE009, 0xE009, 0xE009, 0xE009, 0xE009, 0xE009, 0xE009, 0xE009, 0xE009, 0xE009, 0xE009, 0xE009, 0xE009, 0xE009, 0xE009, 0xE009, 
0xE009, 0xE009, 0xE009, 0xE009, 0xE009, 0xE009, 0xE009, 0xE009, 0xE009, 0xE009, 0xE009, 0xE009, 0xE009, 0xE009, 0xE009, 0xE009, 
0xE009, 0xE009, 0xE009, 0xE009, 0xE009, 0xE009, 0xE009, 0xE009, 0xE009, 0xE009, 0xE009, 0xE009, 0xE009, 0xE009, 0xE009, 0xE009, 
0xE009, 0xE009, 0xE009, 0xE009, 0xE009, 0xE009, 0xE009, 0xE009, 0xE009, 0xE009, 0xE009, 0xE009, 0xE009, 0xE009, 0xE009, 0xE009, 
0xE009, 0xE009, 0xE009, 0xE009, 0xE009, 0xE009, 0xE009, 0xE009, 0xE009, 0xE009, 0xE009, 0xE009, 0xE009, 0xE009, 0xE009, 0xE009, 
0xE009, 0xE009, 0xE009, 0xE009, 0xE009, 0xE009, 0xE009, 0xE009, 0xE009, 0xE009, 0xE009, 0xE009, 0xE009, 0xE009, 0xE009, 0xE009, 
0xE009, 0xE009, 0xE009, 0xE009, 0xE009, 0xE009, 0xE009, 0xE009, 0xE009, 0xE009, 0xE009, 0xE009, 0xE009, 0xE009, 0xE009, 0xE009, 
0xE009, 0xE009, 0xE009, 0xE009, 0xE009, 0xE009, 0xE009, 0xE009, 0xE009, 0xE009, 0xE009, 0xE009, 0xE009, 0xE009, 0xE009, 0xE009, 
0xE009, 0xE009, 0xE009, 0xE009, 0xE009, 0xE009, 0xE009, 0xE009, 0xE009, 0xE009, 0xE009, 0xE009, 0xE009, 0xE009, 0xE009, 0xE009, 
0xE009, 0xE009, 0xE009, 0xE009, 0xE009, 0xE009, 0xE009, 0xE009, 0xE009, 0xE009, 0xE009, 0xE009, 0xE009, 0xE009, 0xE009, 0xE009, 
0xE009, 0xE009, 0xE009, 0xE009, 0xE009, 0xE009, 0xE009, 0xE009, 0xE009, 0xE009, 0xE009, 0xE009, 0xE009, 0xE009, 0xE009, 0xE009, 
0xE009, 0xE009, 0xE009, 0xE009, 0xE009, 0xE009, 0xE009, 0xE009, 0xE009, 0xE009, 0xE009, 0xE009, 0xE009, 0xE009, 0xE009, 0xE009, 
0xE009, 0xE009, 0xE009, 0xE009, 0xD809, 0xD809, 0xD809, 0xD809, 0xE009, 0xE009, 0xE009, 0xE009, 0xE009, 0xE009, 0xE009, 0xE009, 
0xE009, 0xE009, 0xE009, 0xE009, 0xE009, 0xE009, 0xE009, 0xE009, 0xE009, 0xE009, 0xE009, 0xE009, 0xE009, 0xE009, 0xE009, 0xE009, 
0xE009, 0xE009, 0xE009, 0xE009, 0xE009, 0xE009, 0xE009, 0xE009, 0xE009, 0xE009, 0xE009, 0xE009, 0xE009, 0xE009, 0xE009, 0xE009, 
0xE009, 0xE009, 0xE009, 0xE009, 0xE009, 0xE009, 0xE009, 0xE009, 0xE009, 0xE009, 0xE009, 0xE009, 0xE009, 0xE009, 0xE009, 0xE009, 
0xE009, 0xE009, 0xE009, 0xE009, 0xE009, 0xE009, 0xE009, 0xE009, 0xE009, 0xE009, 0xE009, 0xE009, 0xE009, 0xE009, 0xE009, 0xE009, 
0xE009, 0xE009, 0xE009, 0xE009, 0xE009, 0xE009, 0xE009, 0xE009, 0xE009, 0xE009, 0xE009, 0xE009, 0xE009, 0xE009, 0xE009, 0xE009, 
0xE009, 0xE009, 0xE009, 0xE009, 0xE009, 0xE009, 0xE009, 0xE009, 0xE009, 0xE009, 0xE009, 0xE009, 0xE009, 0xE009, 0xE009, 0xE009, 
0xE009, 0xE009, 0xE009, 0xE009, 0xE009, 0xE009, 0xE009, 0xE009, 0xE009, 0xE009, 0xE009, 0xE009, 0xE009, 0xE009, 0xE009, 0xE009, 
0xE009, 0xE009, 0xE009, 0xE009, 0xE009, 0xE009, 0xE009, 0xE009, 0xE009, 0xE009, 0xE009, 0xE009, 0xE009, 0xE009, 0xE009, 0xE009, 
0xE009, 0xE009, 0xE009, 0xE009, 0xE009, 0xE009, 0xE009, 0xE009, 0xE009, 0xE009, 0xE009, 0xE009, 0xE009, 0xE009, 0xE009, 0xE009, 
0xE009, 0xE009, 0xE009, 0xE009, 0xE009, 0xE009, 0xE009, 0xE009, 0xE009, 0xE009, 0xE009, 0xE009, 0xE009, 0xE009, 0xE009, 0xE009, 
0xE009, 0xE009, 0xE009, 0xE009, 0xE009, 0xE009, 0xE009, 0xE009, 0xE009, 0xE009, 0xE009, 0xE009, 0xE009, 0xE009, 0xE009, 0xE009, 
0xE009, 0xE009, 0xE009, 0xE009, 0xE009, 0xE009, 0xE009, 0xE009, 0xE009, 0xE009, 0xE009, 0xE009, 0xE009, 0xE009, 0xE009, 0xE009, 
0xE009, 0xE009, 0xE009, 0xE009, 0xE009, 0xE009, 0xE009, 0xE009, 0xE009, 0xE009, 0xE009, 0xE009, 0xE009, 0xE009, 0xE009, 0xE009, 
0xD809, 0xD809, 0xD809, 0xD809, 0xD80A, 0xD80A, 0xE00A, 0xE00A, 0xE00A, 0xE00A, 0xE00A, 0xE00A, 0xE00A, 0xE00A, 0xE00A, 0xE00A, 
0xE00A, 0xE00A, 0xE00A, 0xE00A, 0xE00A, 0xE00A, 0xE00A, 0xE00A, 0xE00A, 0xE00A, 0xE00A, 0xE00A, 0xE00A, 0xE00A, 0xE00A, 0xE00A, 
0xE00A, 0xE00A, 0xE00A, 0xE00A, 0xE00A, 0xE00A, 0xE00A, 0xE00A, 0xE00A, 0xE00A, 0xE00A, 0xE00A, 0xE00A, 0xE00A, 0xE00A, 0xE00A, 
0xE00A, 0xE00A, 0xE00A, 0xE00A, 0xE00A, 0xE00A, 0xE00A, 0xE00A, 0xE00A, 0xE00A, 0xE00A, 0xE00A, 0xE00A, 0xE00A, 0xE00A, 0xE00A, 
0xE00A, 0xE00A, 0xE00A, 0xE00A, 0xE00A, 0xE00A, 0xE00A, 0xE00A, 0xE00A, 0xE00A, 0xE00A, 0xE00A, 0xE00A, 0xE00A, 0xE00A, 0xE00A, 
0xE00A, 0xE00A, 0xE00A, 0xE00A, 0xE00A, 0xE00A, 0xE00A, 0xE00A, 0xE00A, 0xE00A, 0xE00A, 0xE00A, 0xE00A, 0xE00A, 0xE00A, 0xE00A, 
0xE00A, 0xE00A, 0xE00A, 0xE00A, 0xE00A, 0xE00A, 0xE00A, 0xE00A, 0xE00A, 0xE00A, 0xE00A, 0xE00A, 0xE00A, 0xE00A, 0xE00A, 0xE00A, 
0xE00A, 0xE00A, 0xE00A, 0xE00A, 0xE00A, 0xE00A, 0xE00A, 0xE00A, 0xE00A, 0xE00A, 0xE00A, 0xE00A, 0xE00A, 0xE00A, 0xE00A, 0xE00A, 
0xE00A, 0xE00A, 0xE00A, 0xE00A, 0xE00A, 0xE00A, 0xE00A, 0xE00A, 0xE00A, 0xE00A, 0xE00A, 0xE00A, 0xE00A, 0xE00A, 0xE00A, 0xE00A, 
0xE00A, 0xE00A, 0xE00A, 0xE00A, 0xE00A, 0xE00A, 0xE00A, 0xE00A, 0xE00A, 0xE00A, 0xE00A, 0xE00A, 0xE00A, 0xE00A, 0xE00A, 0xE00A, 
0xE00A, 0xE00A, 0xE00A, 0xE00A, 0xE009, 0xE009, 0xE009, 0xE009, 0xE009, 0xE009, 0xE009, 0xE009, 0xE009, 0xE009, 0xE009, 0xE009, 
0xE009, 0xE009, 0xE009, 0xE009, 0xE009, 0xE009, 0xE009, 0xE009, 0xE009, 0xE009, 0xE009, 0xE009, 0xE009, 0xE009, 0xE009, 0xE009, 
0xE009, 0xE009, 0xE009, 0xE009, 0xE009, 0xE009, 0xE009, 0xE009, 0xE009, 0xE009, 0xE009, 0xE009, 0xE009, 0xE009, 0xE009, 0xE009, 
0xE009, 0xE009, 0xE009, 0xE009, 0xE009, 0xE009, 0xE009, 0xE009, 0xE009, 0xE009, 0xE009, 0xE009, 0xD809, 0xE009, 0xE02A, 0xD809, 
0xD809, 0xD809, 0xE009, 0xD809, 0xD809, 0xD808, 0xD808, 0xD808, 0xD808, 0xD808, 0xD808, 0xD808, 0xD808, 0xD808, 0xD808, 0xD808, 
0xD808, 0xD808, 0xD808, 0xD808, 0xD808, 0xD808, 0xD808, 0xD808, 0xD808, 0xD808, 0xD808, 0xD808, 0xD808, 0xD808, 0xD808, 0xD808, 
0xD808, 0xD808, 0xD808, 0xD808, 0xD808, 0xD808, 0xD808, 0xD808, 0xD808, 0xD808, 0xD808, 0xD808, 0xD808, 0xD808, 0xD808, 0xD808, 
0xD808, 0xD808, 0xD808, 0xD808, 0xD808, 0xD808, 0xD808, 0xD808, 0xD808, 0xD808, 0xD808, 0xD808, 0xD808, 0xD808, 0xD808, 0xD808, 
0xD808, 0xD808, 0xD808, 0xD808, 0xD808, 0xD808, 0xD808, 0xD808, 0xD808, 0xD808, 0xD808, 0xD808, 0xD808, 0xD808, 0xD808, 0xD808, 
0xD808, 0xD808, 0xD808, 0xD808, 0xD808, 0xD808, 0xD808, 0xD808, 0xD808, 0xD808, 0xD808, 0xD808, 0xD808, 0xD808, 0xD808, 0xD808, 
0xD808, 0xD808, 0xD808, 0xD808, 0xD808, 0xD808, 0xD808, 0xD808, 0xD808, 0xD808, 0xD808, 0xD808, 0xD808, 0xD808, 0xD808, 0xD808, 
0xD808, 0xD808, 0xD808, 0xD808, 0xD808, 0xD808, 0xD808, 0xD808, 0xD808, 0xD808, 0xD808, 0xD808, 0xD808, 0xD808, 0xD808, 0xD808, 
0xD808, 0xD808, 0xD808, 0xD808, 0xD808, 0xD808, 0xD808, 0xD808, 0xD808, 0xD808, 0xD808, 0xD808, 0xD808, 0xD808, 0xD808, 0xD808, 
0xD808, 0xD808, 0xD808, 0xD808, 0xD808, 0xD808, 0xD808, 0xD808, 0xD808, 0xD808, 0xD808, 0xD808, 0xD808, 0xD808, 0xD808, 0xD809, 
0xE009, 0xE009, 0xE009, 0xE009, 0xE009, 0xE009, 0xE009, 0xE009, 0xE009, 0xE009, 0xE009, 0xE009, 0xE009, 0xE009, 0xE009, 0xE009, 
0xE009, 0xE009, 0xE009, 0xE009, 0xE009, 0xE009, 0xE009, 0xE009, 0xE009, 0xE009, 0xE009, 0xE009, 0xE009, 0xE009, 0xE009, 0xE009, 
0xE009, 0xE009, 0xE009, 0xE009, 0xE009, 0xE009, 0xE009, 0xE009, 0xE009, 0xE009, 0xE009, 0xE009, 0xE009, 0xE009, 0xE009, 0xE009, 
0xE009, 0xE009, 0xE009, 0xE009, 0xE009, 0xD809, 0xE00A, 0xE009, 0xD809, 0xC808, 0xC808, 0xD0CB, 0xD14C, 0xD9CE, 0xDA2F, 0xDA2F, 
0xDA2F, 0xDA4F, 0xDA4F, 0xDA4F, 0xDA4F, 0xDA4F, 0xDA4F, 0xDA4F, 0xDA4F, 0xDA4F, 0xDA4F, 0xDA4F, 0xDA4F, 0xDA4F, 0xDA4F, 0xDA4F, 
0xDA4F, 0xDA4F, 0xDA4F, 0xDA4F, 0xDA4F, 0xDA4F, 0xDA4F, 0xDA4F, 0xDA4F, 0xDA4F, 0xDA4F, 0xDA4F, 0xDA4F, 0xDA4F, 0xDA4F, 0xDA4F, 
0xDA4F, 0xDA4F, 0xDA4F, 0xDA4F, 0xDA4F, 0xDA4F, 0xDA4F, 0xDA4F, 0xDA4F, 0xDA4F, 0xDA4F, 0xDA4F, 0xDA4F, 0xDA4F, 0xDA4F, 0xDA4F, 
0xDA4F, 0xDA4F, 0xDA4F, 0xDA4F, 0xDA4F, 0xDA4F, 0xDA4F, 0xDA4F, 0xDA4F, 0xDA4F, 0xDA4F, 0xDA4F, 0xDA4F, 0xDA4F, 0xDA4F, 0xDA4F, 
0xDA4F, 0xDA4F, 0xDA4F, 0xDA4F, 0xDA4F, 0xDA4F, 0xDA4F, 0xDA4F, 0xDA4F, 0xDA4F, 0xDA4F, 0xDA4F, 0xDA4F, 0xDA4F, 0xDA4F, 0xDA4F, 
0xDA4F, 0xDA4F, 0xDA4F, 0xDA4F, 0xDA4F, 0xDA4F, 0xDA4F, 0xDA4F, 0xDA4F, 0xDA4F, 0xDA4F, 0xDA4F, 0xDA4F, 0xDA4F, 0xDA4F, 0xDA4F, 
0xDA4F, 0xDA4F, 0xDA4F, 0xDA4F, 0xDA4F, 0xDA4F, 0xDA4F, 0xDA4F, 0xDA4F, 0xDA4F, 0xDA4F, 0xDA4F, 0xDA4F, 0xDA4F, 0xDA4F, 0xDA4F, 
0xDA4F, 0xDA4F, 0xDA4F, 0xDA4F, 0xDA4F, 0xDA4F, 0xDA4F, 0xDA4F, 0xDA4F, 0xDA4F, 0xDA4F, 0xDA4F, 0xDA4F, 0xDA4F, 0xDA4F, 0xDA4F, 
0xDA4F, 0xDA4F, 0xDA4F, 0xDA4F, 0xDA4F, 0xDA4F, 0xDA4F, 0xDA4F, 0xDA4F, 0xDA4F, 0xDA4F, 0xDA4F, 0xDA4F, 0xDA4F, 0xDA4F, 0xDA4F, 
0xDA4F, 0xDA4F, 0xDA4F, 0xDA4F, 0xDA4F, 0xDA4F, 0xDA4F, 0xDA4F, 0xDA4F, 0xDA4F, 0xD1CE, 0xD18D, 0xE009, 0xE009, 0xE009, 0xE009, 
0xE009, 0xE009, 0xE009, 0xE009, 0xE009, 0xE009, 0xE009, 0xE009, 0xE009, 0xE009, 0xE009, 0xE009, 0xE009, 0xE009, 0xE009, 0xE009, 
0xE009, 0xE009, 0xE009, 0xE009, 0xE009, 0xE009, 0xE009, 0xE009, 0xE009, 0xE009, 0xE009, 0xE009, 0xE009, 0xE009, 0xE009, 0xE009, 
0xE009, 0xE009, 0xE009, 0xE009, 0xE009, 0xE009, 0xE009, 0xE009, 0xE009, 0xE009, 0xE009, 0xD809, 0xD809, 0xD809, 0xE009, 0xE009, 
0xE009, 0xE00A, 0xD009, 0xC829, 0xC90B, 0xE2D1, 0xEC97, 0xFDFB, 0xFEBD, 0xFF1E, 0xFF5F, 0xFF7F, 0xFF7F, 0xFF7F, 0xFF7F, 0xFF7F, 
0xFF7F, 0xFF7F, 0xFF7F, 0xFF7F, 0xFF7F, 0xFF7F, 0xFF7F, 0xFF7F, 0xFF7F, 0xFF7F, 0xFF7F, 0xFF7F, 0xFF7F, 0xFF7F, 0xFF7F, 0xFF7F, 
0xFF7F, 0xFF7F, 0xFF7F, 0xFF7F, 0xFF7F, 0xFF7F, 0xFF7F, 0xFF7F, 0xFF7F, 0xFF7F, 0xFF7F, 0xFF7F, 0xFF7F, 0xFF7F, 0xFF7F, 0xFF7F, 
0xFF7F, 0xFF7F, 0xFF7F, 0xFF7F, 0xFF7F, 0xFF7F, 0xFF7F, 0xFF7F, 0xFF7F, 0xFF7F, 0xFF7F, 0xFF7F, 0xFF7F, 0xFF7F, 0xFF7F, 0xFF7F, 
0xFF7F, 0xFF7F, 0xFF7F, 0xFF7F, 0xFF7F, 0xFF7F, 0xFF7F, 0xFF7F, 0xFF7F, 0xFF7F, 0xFF7F, 0xFF7F, 0xFF7F, 0xFF7F, 0xFF7F, 0xFF7F, 
0xFF7F, 0xFF7F, 0xFF7F, 0xFF7F, 0xFF7F, 0xFF7F, 0xFF7F, 0xFF7F, 0xFF7F, 0xFF7F, 0xFF7F, 0xFF7F, 0xFF7F, 0xFF7F, 0xFF7F, 0xFF7F, 
0xFF7F, 0xFF7F, 0xFF7F, 0xFF7F, 0xFF7F, 0xFF7F, 0xFF7F, 0xFF7F, 0xFF7F, 0xFF7F, 0xFF7F, 0xFF7F, 0xFF7F, 0xFF7F, 0xFF7F, 0xFF7F, 
0xFF7F, 0xFF7F, 0xFF7F, 0xFF7F, 0xFF7F, 0xFF7F, 0xFF7F, 0xFF7F, 0xFF7F, 0xFF7F, 0xFF7F, 0xFF7F, 0xFF7F, 0xFF7F, 0xFF7F, 0xFF7F, 
0xFF7F, 0xFF7F, 0xFF7F, 0xFF7F, 0xFF7F, 0xFF7F, 0xFF7F, 0xFF7F, 0xFF7F, 0xFF7F, 0xFF7F, 0xFF7F, 0xFF7F, 0xFF7F, 0xFF7F, 0xFF7F, 
0xFF7F, 0xFF7F, 0xFF7F, 0xFF7F, 0xFF7F, 0xFF7F, 0xFF7F, 0xFF7F, 0xFF7F, 0xFF7F, 0xFF7F, 0xFF7F, 0xFF7F, 0xFF7F, 0xFF7F, 0xFF7F, 
0xFF7F, 0xFF7F, 0xFF7F, 0xFF7F, 0xFF7F, 0xFF7F, 0xFF3E, 0xFEBD, 0xE009, 0xE009, 0xE009, 0xE009, 0xE009, 0xE009, 0xE009, 0xE009, 
0xE009, 0xE009, 0xE009, 0xE009, 0xE009, 0xE009, 0xE009, 0xE009, 0xE009, 0xE009, 0xE009, 0xE009, 0xE009, 0xE009, 0xE009, 0xE009, 
0xE009, 0xE009, 0xE009, 0xE009, 0xE009, 0xE009, 0xE009, 0xE009, 0xE009, 0xE009, 0xE009, 0xE009, 0xE009, 0xE009, 0xE009, 0xE009, 
0xE009, 0xE009, 0xE009, 0xE009, 0xE009, 0xE009, 0xE009, 0xD809, 0xD029, 0xD809, 0xD809, 0xE00A, 0xD809, 0xD008, 0xD1AE, 0xE4D7, 
0xFF1E, 0xFFDF, 0xFFFF, 0xFFFF, 0xFFFF, 0xFFFF, 0xFFFF, 0xFFFF, 0xFFFF, 0xFFFF, 0xFFFF, 0xFFFF, 0xFFFF, 0xFFFF, 0xFFFF, 0xFFFF, 
0xFFFF, 0xFFFF, 0xFFFF, 0xFFFF, 0xFFFF, 0xFFFF, 0xFFFF, 0xFFFF, 0xFFFF, 0xFFFF, 0xFFFF, 0xFFFF, 0xFFFF, 0xFFFF, 0xFFFF, 0xFFFF, 
0xFFFF, 0xFFFF, 0xFFFF, 0xFFFF, 0xFFFF, 0xFFFF, 0xFFFF, 0xFFFF, 0xFFFF, 0xFFFF, 0xFFFF, 0xFFFF, 0xFFFF, 0xFFFF, 0xFFFF, 0xFFFF, 
0xFFFF, 0xFFFF, 0xFFFF, 0xFFFF, 0xFFFF, 0xFFFF, 0xFFFF, 0xFFFF, 0xFFFF, 0xFFFF, 0xFFFF, 0xFFFF, 0xFFFF, 0xFFFF, 0xFFFF, 0xFFFF, 
0xFFFF, 0xFFFF, 0xFFFF, 0xFFFF, 0xFFFF, 0xFFFF, 0xFFFF, 0xFFFF, 0xFFFF, 0xFFFF, 0xFFFF, 0xFFFF, 0xFFFF, 0xFFFF, 0xFFFF, 0xFFFF, 
0xFFFF, 0xFFFF, 0xFFFF, 0xFFFF, 0xFFFF, 0xFFFF, 0xFFFF, 0xFFFF, 0xFFFF, 0xFFFF, 0xFFFF, 0xFFFF, 0xFFFF, 0xFFFF, 0xFFFF, 0xFFFF, 
0xFFFF, 0xFFFF, 0xFFFF, 0xFFFF, 0xFFFF, 0xFFFF, 0xFFFF, 0xFFFF, 0xFFFF, 0xFFFF, 0xFFFF, 0xFFFF, 0xFFFF, 0xFFFF, 0xFFFF, 0xFFFF, 
0xFFFF, 0xFFFF, 0xFFFF, 0xFFFF, 0xFFFF, 0xFFFF, 0xFFFF, 0xFFFF, 0xFFFF, 0xFFFF, 0xFFFF, 0xFFFF, 0xFFFF, 0xFFFF, 0xFFFF, 0xFFFF, 
0xFFFF, 0xFFFF, 0xFFFF, 0xFFFF, 0xFFFF, 0xFFFF, 0xFFFF, 0xFFFF, 0xFFFF, 0xFFFF, 0xFFFF, 0xFFFF, 0xFFFF, 0xFFFF, 0xFFFF, 0xFFFF, 
0xFFFF, 0xFFFF, 0xFFFF, 0xFFFF, 0xFFFF, 0xFFFF, 0xFFFF, 0xFFFF, 0xFFFF, 0xFFFF, 0xFFFF, 0xFFFF, 0xFFFF, 0xFFFF, 0xFFFF, 0xFFFF, 
0xFFFF, 0xFFFF, 0xFFFF, 0xFF7E, 0xE009, 0xE009, 0xE009, 0xE009, 0xE009, 0xE009, 0xE009, 0xE009, 0xE009, 0xE009, 0xE009, 0xE009, 
0xE009, 0xE009, 0xE009, 0xE009, 0xE009, 0xE009, 0xE009, 0xE009, 0xE009, 0xE009, 0xE009, 0xE009, 0xE009, 0xE009, 0xE009, 0xE009, 
0xE009, 0xE009, 0xE009, 0xE009, 0xE009, 0xE009, 0xE009, 0xE009, 0xE009, 0xE009, 0xE009, 0xE009, 0xE009, 0xE009, 0xE009, 0xE009, 
0xE009, 0xE009, 0xE009, 0xE009, 0xD809, 0xD809, 0xE009, 0xD008, 0xD94D, 0xEC76, 0xFF3E, 0xFFFF, 0xFFFF, 0xFFDF, 0xFFFF, 0xFFFF, 
0xFFFF, 0xFFFF, 0xFFFF, 0xFFFF, 0xFFFF, 0xFFFF, 0xFFFF, 0xFFFF, 0xFFFF, 0xFFFF, 0xFFFF, 0xFFFF, 0xFFFF, 0xFFFF, 0xFFFF, 0xFFFF, 
0xFFFF, 0xFFFF, 0xFFFF, 0xFFFF, 0xFFFF, 0xFFFF, 0xFFFF, 0xFFFF, 0xFFFF, 0xFFFF, 0xFFFF, 0xFFFF, 0xFFFF, 0xFFFF, 0xFFFF, 0xFFFF, 
0xFFFF, 0xFFFF, 0xFFFF, 0xFFFF, 0xFFFF, 0xFFFF, 0xFFFF, 0xFFFF, 0xFFFF, 0xFFFF, 0xFFFF, 0xFFFF, 0xFFFF, 0xFFFF, 0xFFFF, 0xFFFF, 
0xFFFF, 0xFFFF, 0xFFFF, 0xFFFF, 0xFFFF, 0xFFFF, 0xFFFF, 0xFFFF, 0xFFFF, 0xFFFF, 0xFFFF, 0xFFFF, 0xFFFF, 0xFFFF, 0xFFFF, 0xFFFF, 
0xFFFF, 0xFFFF, 0xFFFF, 0xFFFF, 0xFFFF, 0xFFFF, 0xFFFF, 0xFFFF, 0xFFFF, 0xFFFF, 0xFFFF, 0xFFFF, 0xFFFF, 0xFFFF, 0xFFFF, 0xFFFF, 
0xFFFF, 0xFFFF, 0xFFFF, 0xFFFF, 0xFFFF, 0xFFFF, 0xFFFF, 0xFFFF, 0xFFFF, 0xFFFF, 0xFFFF, 0xFFFF, 0xFFFF, 0xFFFF, 0xFFFF, 0xFFFF, 
0xFFFF, 0xFFFF, 0xFFFF, 0xFFFF, 0xFFFF, 0xFFFF, 0xFFFF, 0xFFFF, 0xFFFF, 0xFFFF, 0xFFFF, 0xFFFF, 0xFFFF, 0xFFFF, 0xFFFF, 0xFFFF, 
0xFFFF, 0xFFFF, 0xFFFF, 0xFFFF, 0xFFFF, 0xFFFF, 0xFFFF, 0xFFFF, 0xFFFF, 0xFFFF, 0xFFFF, 0xFFFF, 0xFFFF, 0xFFFF, 0xFFFF, 0xFFFF, 
0xFFFF, 0xFFFF, 0xFFFF, 0xFFFF, 0xFFFF, 0xFFFF, 0xFFFF, 0xFFFF, 0xFFFF, 0xFFFF, 0xFFFF, 0xFFFF, 0xFFFF, 0xFFFF, 0xFFFF, 0xFFFF, 
0xFFFF, 0xFFFF, 0xFFFF, 0xFFFF, 0xFFFF, 0xFFFF, 0xFFFF, 0xFFFF, 0xFFFF, 0xFFFF, 0xFFFF, 0xFFFF, 0xFFFF, 0xFFFF, 0xFFFF, 0xF77E, 
0xE009, 0xE009, 0xE009, 0xE009, 0xE009, 0xE009, 0xE009, 0xE009, 0xE009, 0xE009, 0xE009, 0xE009, 0xE009, 0xE009, 0xE009, 0xE009, 
0xE009, 0xE009, 0xE009, 0xE009, 0xE009, 0xE009, 0xE009, 0xE009, 0xE009, 0xE009, 0xE009, 0xE009, 0xE009, 0xE009, 0xE009, 0xE009, 
0xE009, 0xE009, 0xE009, 0xE009, 0xE009, 0xE009, 0xE009, 0xE009, 0xE009, 0xE009, 0xE009, 0xE009, 0xE009, 0xE009, 0xE009, 0xE009, 
0xE00A, 0xE009, 0xC008, 0xD2B0, 0xFE7C, 0xFFFF, 0xFFFF, 0xFFFF, 0xFFFF, 0xFFFF, 0xFFFF, 0xFFFF, 0xFFFF, 0xFFFF, 0xFFFF, 0xFFFF, 
0xFFFF, 0xFFFF, 0xFFFF, 0xFFFF, 0xFFFF, 0xFFFF, 0xFFFF, 0xFFFF, 0xFFFF, 0xFFFF, 0xFFFF, 0xFFFF, 0xFFFF, 0xFFFF, 0xFFFF, 0xFFFF, 
0xFFFF, 0xFFFF, 0xFFFF, 0xFFFF, 0xFFFF, 0xFFFF, 0xFFFF, 0xFFFF, 0xFFFF, 0xFFFF, 0xFFFF, 0xFFFF, 0xFFFF, 0xFFFF, 0xFFFF, 0xFFFF, 
0xFFFF, 0xFFFF, 0xFFFF, 0xFFFF, 0xFFFF, 0xFFFF, 0xFFFF, 0xFFFF, 0xFFFF, 0xFFFF, 0xFFFF, 0xFFFF, 0xFFFF, 0xFFFF, 0xFFFF, 0xFFFF, 
0xFFFF, 0xFFFF, 0xFFFF, 0xFFFF, 0xFFFF, 0xFFFF, 0xFFFF, 0xFFFF, 0xFFFF, 0xFFFF, 0xFFFF, 0xFFFF, 0xFFFF, 0xFFFF, 0xFFFF, 0xFFFF, 
0xFFFF, 0xFFFF, 0xFFFF, 0xFFFF, 0xFFFF, 0xFFFF, 0xFFFF, 0xFFFF, 0xFFFF, 0xFFFF, 0xFFFF, 0xFFFF, 0xFFFF, 0xFFFF, 0xFFFF, 0xFFFF, 
0xFFFF, 0xFFFF, 0xFFFF, 0xFFFF, 0xFFFF, 0xFFFF, 0xFFFF, 0xFFFF, 0xFFFF, 0xFFFF, 0xFFFF, 0xFFFF, 0xFFFF, 0xFFFF, 0xFFFF, 0xFFFF, 
0xFFFF, 0xFFFF, 0xFFFF, 0xFFFF, 0xFFFF, 0xFFFF, 0xFFFF, 0xFFFF, 0xFFFF, 0xFFFF, 0xFFFF, 0xFFFF, 0xFFFF, 0xFFFF, 0xFFFF, 0xFFFF, 
0xFFFF, 0xFFFF, 0xFFFF, 0xFFFF, 0xFFFF, 0xFFFF, 0xFFFF, 0xFFFF, 0xFFFF, 0xFFFF, 0xFFFF, 0xFFFF, 0xFFFF, 0xFFFF, 0xFFFF, 0xFFFF, 
0xFFFF, 0xFFFF, 0xFFFF, 0xFFFF, 0xFFFF, 0xFFFF, 0xFFFF, 0xFFFF, 0xFFFF, 0xFFFF, 0xFFFF, 0xFFFF, 0xFFFF, 0xFFFF, 0xFFFF, 0xFFFF, 
0xFFFF, 0xFFFF, 0xFFFF, 0xFFFF, 0xFFFF, 0xFFFF, 0xFFFF, 0xFFFF, 0xFFFF, 0xFFFF, 0xFFFF, 0xFF7E, 0xE009, 0xE009, 0xE009, 0xE009, 
0xE009, 0xE009, 0xE009, 0xE009, 0xE009, 0xE009, 0xE009, 0xE009, 0xE009, 0xE009, 0xE009, 0xE009, 0xE009, 0xE009, 0xE009, 0xE009, 
0xE009, 0xE009, 0xE009, 0xE009, 0xE009, 0xE009, 0xE009, 0xE009, 0xE009, 0xE009, 0xE009, 0xE009, 0xE009, 0xE009, 0xE009, 0xE009, 
0xE009, 0xE009, 0xE009, 0xE009, 0xE009, 0xE009, 0xE009, 0xE009, 0xE009, 0xE009, 0xD809, 0xD809, 0xD809, 0xC829, 0xDB93, 0xFF7F, 
0xFFFF, 0xFFDF, 0xFFFF, 0xFFFF, 0xFFFF, 0xFFFF, 0xFFFF, 0xFFFF, 0xFFFF, 0xFFFF, 0xFFFF, 0xFFFF, 0xFFFF, 0xFFFF, 0xFFFF, 0xFFFF, 
0xFFFF, 0xFFFF, 0xFFFF, 0xFFFF, 0xFFFF, 0xFFFF, 0xFFFF, 0xFFFF, 0xFFFF, 0xFFFF, 0xFFFF, 0xFFFF, 0xFFFF, 0xFFFF, 0xFFFF, 0xFFFF, 
0xFFFF, 0xFFFF, 0xFFFF, 0xFFFF, 0xFFFF, 0xFFFF, 0xFFFF, 0xFFFF, 0xFFFF, 0xFFFF, 0xFFFF, 0xFFFF, 0xFFFF, 0xFFFF, 0xFFFF, 0xFFFF, 
0xFFFF, 0xFFFF, 0xFFFF, 0xFFFF, 0xFFFF, 0xFFFF, 0xFFFF, 0xFFFF, 0xFFFF, 0xFFFF, 0xFFFF, 0xFFFF, 0xFFFF, 0xFFFF, 0xFFFF, 0xFFFF, 
0xFFFF, 0xFFFF, 0xFFFF, 0xFFFF, 0xFFFF, 0xFFFF, 0xFFFF, 0xFFFF, 0xFFFF, 0xFFFF, 0xFFFF, 0xFFFF, 0xFFFF, 0xFFFF, 0xFFFF, 0xFFFF, 
0xFFFF, 0xFFFF, 0xFFFF, 0xFFFF, 0xFFFF, 0xFFFF, 0xFFFF, 0xFFFF, 0xFFFF, 0xFFFF, 0xFFFF, 0xFFFF, 0xFFFF, 0xFFFF, 0xFFFF, 0xFFFF, 
0xFFFF, 0xFFFF, 0xFFFF, 0xFFFF, 0xFFFF, 0xFFFF, 0xFFFF, 0xFFFF, 0xFFFF, 0xFFFF, 0xFFFF, 0xFFFF, 0xFFFF, 0xFFFF, 0xFFFF, 0xFFFF, 
0xFFFF, 0xFFFF, 0xFFFF, 0xFFFF, 0xFFFF, 0xFFFF, 0xFFFF, 0xFFFF, 0xFFFF, 0xFFFF, 0xFFFF, 0xFFFF, 0xFFFF, 0xFFFF, 0xFFFF, 0xFFFF, 
0xFFFF, 0xFFFF, 0xFFFF, 0xFFFF, 0xFFFF, 0xFFFF, 0xFFFF, 0xFFFF, 0xFFFF, 0xFFFF, 0xFFFF, 0xFFFF, 0xFFFF, 0xFFFF, 0xFFFF, 0xFFFF, 
0xFFFF, 0xFFFF, 0xFFFF, 0xFFFF, 0xFFFF, 0xFFFF, 0xFFFF, 0xFFFF, 0xFFFF, 0xFFFF, 0xFFFF, 0xFFFF, 0xFFFF, 0xFFFF, 0xFFFF, 0xFFFF, 
0xFFFF, 0xFFFF, 0xFFFF, 0xFFFF, 0xFFFF, 0xFFFF, 0xFFFF, 0xF77E, 0xE009, 0xE009, 0xE009, 0xE009, 0xE009, 0xE009, 0xE009, 0xE009, 
0xE009, 0xE009, 0xE009, 0xE009, 0xE009, 0xE009, 0xE009, 0xE009, 0xE009, 0xE009, 0xE009, 0xE009, 0xE009, 0xE009, 0xE009, 0xE009, 
0xE009, 0xE009, 0xE009, 0xE009, 0xE009, 0xE009, 0xE009, 0xE009, 0xE009, 0xE009, 0xE009, 0xE009, 0xE009, 0xE009, 0xE009, 0xE009, 
0xD809, 0xD809, 0xD809, 0xE009, 0xE009, 0xE009, 0xE00A, 0xD82A, 0xC849, 0xEC96, 0xFFDF, 0xFFDF, 0xFFFF, 0xFFFF, 0xFFFF, 0xFFFF, 
0xFFFF, 0xFFFF, 0xFFFF, 0xFFFF, 0xFFFF, 0xFFFF, 0xFFFF, 0xFFFF, 0xFFFF, 0xFFFF, 0xFFFF, 0xFFFF, 0xFFFF, 0xFFFF, 0xFFFF, 0xFFFF, 
0xFFFF, 0xFFFF, 0xFFFF, 0xFFFF, 0xFFFF, 0xFFFF, 0xFFFF, 0xFFFF, 0xFFFF, 0xFFFF, 0xFFFF, 0xFFFF, 0xFFFF, 0xFFFF, 0xFFFF, 0xFFFF, 
0xFFFF, 0xFFFF, 0xFFFF, 0xFFFF, 0xFFFF, 0xFFFF, 0xFFFF, 0xFFFF, 0xFFFF, 0xFFFF, 0xFFFF, 0xFFFF, 0xFFFF, 0xFFFF, 0xFFFF, 0xFFFF, 
0xFFFF, 0xFFFF, 0xFFFF, 0xFFFF, 0xFFFF, 0xFFFF, 0xFFFF, 0xFFFF, 0xFFFF, 0xFFFF, 0xFFFF, 0xFFFF, 0xFFFF, 0xFFFF, 0xFFFF, 0xFFFF, 
0xFFFF, 0xFFFF, 0xFFFF, 0xFFFF, 0xFFFF, 0xFFFF, 0xFFFF, 0xFFFF, 0xFFFF, 0xFFFF, 0xFFFF, 0xFFFF, 0xFFFF, 0xFFFF, 0xFFFF, 0xFFFF, 
0xFFFF, 0xFFFF, 0xFFFF, 0xFFFF, 0xFFFF, 0xFFFF, 0xFFFF, 0xFFFF, 0xFFFF, 0xFFFF, 0xFFFF, 0xFFFF, 0xFFFF, 0xFFFF, 0xFFFF, 0xFFFF, 
0xFFFF, 0xFFFF, 0xFFFF, 0xFFFF, 0xFFFF, 0xFFFF, 0xFFFF, 0xFFFF, 0xFFFF, 0xFFFF, 0xFFFF, 0xFFFF, 0xFFFF, 0xFFFF, 0xFFFF, 0xFFFF, 
0xFFFF, 0xFFFF, 0xFFFF, 0xFFFF, 0xFFFF, 0xFFFF, 0xFFFF, 0xFFFF, 0xFFFF, 0xFFFF, 0xFFFF, 0xFFFF, 0xFFFF, 0xFFFF, 0xFFFF, 0xFFFF, 
0xFFFF, 0xFFFF, 0xFFFF, 0xFFFF, 0xFFFF, 0xFFFF, 0xFFFF, 0xFFFF, 0xFFFF, 0xFFFF, 0xFFFF, 0xFFFF, 0xFFFF, 0xFFFF, 0xFFFF, 0xFFFF, 
0xFFFF, 0xFFFF, 0xFFFF, 0xFFFF, 0xFFFF, 0xFFFF, 0xFFFF, 0xFFFF, 0xFFFF, 0xFFFF, 0xFFFF, 0xFFFF, 0xFFFF, 0xFFFF, 0xFFFF, 0xFFFF, 
0xFFFF, 0xFFFF, 0xFFFF, 0xF77E, 0xE009, 0xE009, 0xE009, 0xE009, 0xE009, 0xE009, 0xE009, 0xE009, 0xE009, 0xE009, 0xE009, 0xE009, 
0xE009, 0xE009, 0xE009, 0xE009, 0xE009, 0xE009, 0xE009, 0xE009, 0xE009, 0xE009, 0xE009, 0xE009, 0xE009, 0xE009, 0xE009, 0xE009, 
0xE009, 0xE009, 0xE009, 0xE009, 0xE009, 0xE009, 0xE009, 0xE009, 0xE009, 0xE009, 0xE009, 0xE009, 0xD809, 0xD809, 0xD809, 0xE009, 
0xE009, 0xE009, 0xE009, 0xC008, 0xE455, 0xFFDF, 0xFFDF, 0xFFDF, 0xFFFF, 0xFFFF, 0xFFFF, 0xFFFF, 0xFFFF, 0xFFFF, 0xFFFF, 0xFFFF, 
0xFFFF, 0xFFFF, 0xFFFF, 0xFFFF, 0xFFFF, 0xFFFF, 0xFFFF, 0xFFFF, 0xFFFF, 0xFFFF, 0xFFFF, 0xFFFF, 0xFFFF, 0xFFFF, 0xFFFF, 0xFFFF, 
0xFFFF, 0xFFFF, 0xFFFF, 0xFFFF, 0xFFFF, 0xFFFF, 0xFFFF, 0xFFFF, 0xFFFF, 0xFFFF, 0xFFFF, 0xFFFF, 0xFFFF, 0xFFFF, 0xFFFF, 0xFFFF, 
0xFFFF, 0xFFFF, 0xFFFF, 0xFFFF, 0xFFFF, 0xFFFF, 0xFFFF, 0xFFFF, 0xFFFF, 0xFFFF, 0xFFFF, 0xFFFF, 0xFFFF, 0xFFFF, 0xFFFF, 0xFFFF, 
0xFFFF, 0xFFFF, 0xFFFF, 0xFFFF, 0xFFFF, 0xFFFF, 0xFFFF, 0xFFFF, 0xFFFF, 0xFFFF, 0xFFFF, 0xFFFF, 0xFFFF, 0xFFFF, 0xFFFF, 0xFFFF, 
0xFFFF, 0xFFFF, 0xFFFF, 0xFFFF, 0xFFFF, 0xFFFF, 0xFFFF, 0xFFFF, 0xFFFF, 0xFFFF, 0xFFFF, 0xFFFF, 0xFFFF, 0xFFFF, 0xFFFF, 0xFFFF, 
0xFFFF, 0xFFFF, 0xFFFF, 0xFFFF, 0xFFFF, 0xFFFF, 0xFFFF, 0xFFFF, 0xFFFF, 0xFFFF, 0xFFFF, 0xFFFF, 0xFFFF, 0xFFFF, 0xFFFF, 0xFFFF, 
0xFFFF, 0xFFFF, 0xFFFF, 0xFFFF, 0xFFFF, 0xFFFF, 0xFFFF, 0xFFFF, 0xFFFF, 0xFFFF, 0xFFFF, 0xFFFF, 0xFFFF, 0xFFFF, 0xFFFF, 0xFFFF, 
0xFFFF, 0xFFFF, 0xFFFF, 0xFFFF, 0xFFFF, 0xFFFF, 0xFFFF, 0xFFFF, 0xFFFF, 0xFFFF, 0xFFFF, 0xFFFF, 0xFFFF, 0xFFFF, 0xFFFF, 0xFFFF, 
0xFFFF, 0xFFFF, 0xFFFF, 0xFFFF, 0xFFFF, 0xFFFF, 0xFFFF, 0xFFFF, 0xFFFF, 0xFFFF, 0xFFFF, 0xFFFF, 0xFFFF, 0xFFFF, 0xFFFF, 0xFFFF, 
0xFFFF, 0xFFFF, 0xFFFF, 0xFFFF, 0xFFFF, 0xFFFF, 0xFFFF, 0xFFFF, 0xFFFF, 0xFFFF, 0xFFFF, 0xFFFF, 0xFFFF, 0xFFFF, 0xFFFF, 0xF77E, 
0xE009, 0xE009, 0xE009, 0xE009, 0xE009, 0xE009, 0xE009, 0xE009, 0xE009, 0xE009, 0xE009, 0xE009, 0xE009, 0xE009, 0xE009, 0xE009, 
0xE009, 0xE009, 0xE009, 0xE009, 0xE009, 0xE009, 0xE009, 0xE009, 0xE009, 0xE009, 0xE009, 0xE009, 0xE009, 0xE009, 0xE009, 0xE009, 
0xE009, 0xE009, 0xE009, 0xE009, 0xE009, 0xE009, 0xE009, 0xE009, 0xD809, 0xD809, 0xD809, 0xD809, 0xE009, 0xE00A, 0xC808, 0xDB12, 
0xFFDF, 0xFFFF, 0xFFDF, 0xFFFF, 0xFFFF, 0xFFFF, 0xFFFF, 0xFFFF, 0xFFFF, 0xFFFF, 0xFFFF, 0xFFFF, 0xFFFF, 0xFFFF, 0xFFFF, 0xFFFF, 
0xFFFF, 0xFFFF, 0xFFFF, 0xFFFF, 0xFFFF, 0xFFFF, 0xFFFF, 0xFFFF, 0xFFFF, 0xFFFF, 0xFFFF, 0xFFFF, 0xFFFF, 0xFFFF, 0xFFFF, 0xFFFF, 
0xFFFF, 0xFFFF, 0xFFFF, 0xFFFF, 0xFFFF, 0xFFFF, 0xFFFF, 0xFFFF, 0xFFFF, 0xFFFF, 0xFFFF, 0xFFFF, 0xFFFF, 0xFFFF, 0xFFFF, 0xFFFF, 
0xFFFF, 0xFFFF, 0xFFFF, 0xFFFF, 0xFFFF, 0xFFFF, 0xFFFF, 0xFFFF, 0xFFFF, 0xFFFF, 0xFFFF, 0xFFFF, 0xFFFF, 0xFFFF, 0xFFFF, 0xFFFF, 
0xFFFF, 0xFFFF, 0xFFFF, 0xFFFF, 0xFFFF, 0xFFFF, 0xFFFF, 0xFFFF, 0xFFFF, 0xFFFF, 0xFFFF, 0xFFFF, 0xFFFF, 0xFFFF, 0xFFFF, 0xFFFF, 
0xFFFF, 0xFFFF, 0xFFFF, 0xFFFF, 0xFFFF, 0xFFFF, 0xFFFF, 0xFFFF, 0xFFFF, 0xFFFF, 0xFFFF, 0xFFFF, 0xFFFF, 0xFFFF, 0xFFFF, 0xFFFF, 
0xFFFF, 0xFFFF, 0xFFFF, 0xFFFF, 0xFFFF, 0xFFFF, 0xFFFF, 0xFFFF, 0xFFFF, 0xFFFF, 0xFFFF, 0xFFFF, 0xFFFF, 0xFFFF, 0xFFFF, 0xFFFF, 
0xFFFF, 0xFFFF, 0xFFFF, 0xFFFF, 0xFFFF, 0xFFFF, 0xFFFF, 0xFFFF, 0xFFFF, 0xFFFF, 0xFFFF, 0xFFFF, 0xFFFF, 0xFFFF, 0xFFFF, 0xFFFF, 
0xFFFF, 0xFFFF, 0xFFFF, 0xFFFF, 0xFFFF, 0xFFFF, 0xFFFF, 0xFFFF, 0xFFFF, 0xFFFF, 0xFFFF, 0xFFFF, 0xFFFF, 0xFFFF, 0xFFFF, 0xFFFF, 
0xFFFF, 0xFFFF, 0xFFFF, 0xFFFF, 0xFFFF, 0xFFFF, 0xFFFF, 0xFFFF, 0xFFFF, 0xFFFF, 0xFFFF, 0xFFFF, 0xFFFF, 0xFFFF, 0xFFFF, 0xFFFF, 
0xFFFF, 0xFFFF, 0xFFFF, 0xFFFF, 0xFFFF, 0xFFFF, 0xFFFF, 0xFFFF, 0xFFFF, 0xFFFF, 0xFFFF, 0xF77E, 0xE009, 0xE009, 0xE009, 0xE009, 
0xE009, 0xE009, 0xE009, 0xE009, 0xE009, 0xE009, 0xE009, 0xE009, 0xE009, 0xE009, 0xE009, 0xE009, 0xE009, 0xE009, 0xE009, 0xE009, 
0xE009, 0xE009, 0xE009, 0xE009, 0xE009, 0xE009, 0xE009, 0xE009, 0xE009, 0xE009, 0xE009, 0xE009, 0xE009, 0xE009, 0xE009, 0xE009, 
0xE009, 0xE009, 0xE009, 0xE009, 0xE009, 0xE009, 0xD809, 0xD809, 0xE009, 0xD809, 0xD1AD, 0xFF1F, 0xFFFF, 0xFFFF, 0xFFFF, 0xFFFF, 
0xFFFF, 0xFFFF, 0xFFFF, 0xFFFF, 0xFFFF, 0xFFFF, 0xFFFF, 0xFFFF, 0xFFFF, 0xFFFF, 0xFFFF, 0xFFFF, 0xFFFF, 0xFFFF, 0xFFFF, 0xFFFF, 
0xFFFF, 0xFFFF, 0xFFFF, 0xFFFF, 0xFFFF, 0xFFFF, 0xFFFF, 0xFFFF, 0xFFFF, 0xFFFF, 0xFFFF, 0xFFFF, 0xFFFF, 0xFFFF, 0xFFFF, 0xFFFF, 
0xFFFF, 0xFFFF, 0xFFFF, 0xFFFF, 0xFFFF, 0xFFFF, 0xFFFF, 0xFFFF, 0xFFFF, 0xFFFF, 0xFFFF, 0xFFFF, 0xFFFF, 0xFFFF, 0xFFFF, 0xFFFF, 
0xFFFF, 0xFFFF, 0xFFFF, 0xFFFF, 0xFFFF, 0xFFFF, 0xFFFF, 0xFFFF, 0xFFFF, 0xFFFF, 0xFFFF, 0xFFFF, 0xFFFF, 0xFFFF, 0xFFFF, 0xFFFF, 
0xFFFF, 0xFFFF, 0xFFFF, 0xFFFF, 0xFFFF, 0xFFFF, 0xFFFF, 0xFFFF, 0xFFFF, 0xFFFF, 0xFFFF, 0xFFFF, 0xFFFF, 0xFFFF, 0xFFFF, 0xFFFF, 
0xFFFF, 0xFFFF, 0xFFFF, 0xFFFF, 0xFFFF, 0xFFFF, 0xFFFF, 0xFFFF, 0xFFFF, 0xFFFF, 0xFFFF, 0xFFFF, 0xFFFF, 0xFFFF, 0xFFFF, 0xFFFF, 
0xFFFF, 0xFFFF, 0xFFFF, 0xFFFF, 0xFFFF, 0xFFFF, 0xFFFF, 0xFFFF, 0xFFFF, 0xFFFF, 0xFFFF, 0xFFFF, 0xFFFF, 0xFFFF, 0xFFFF, 0xFFFF, 
0xFFFF, 0xFFFF, 0xFFFF, 0xFFFF, 0xFFFF, 0xFFFF, 0xFFFF, 0xFFFF, 0xFFFF, 0xFFFF, 0xFFFF, 0xFFFF, 0xFFFF, 0xFFFF, 0xFFFF, 0xFFFF, 
0xFFFF, 0xFFFF, 0xFFFF, 0xFFFF, 0xFFFF, 0xFFFF, 0xFFFF, 0xFFFF, 0xFFFF, 0xFFFF, 0xFFFF, 0xFFFF, 0xFFFF, 0xFFFF, 0xFFFF, 0xFFFF, 
0xFFFF, 0xFFFF, 0xFFFF, 0xFFFF, 0xFFFF, 0xFFFF, 0xFFFF, 0xFFFF, 0xFFFF, 0xFFFF, 0xFFFF, 0xFFFF, 0xFFFF, 0xFFFF, 0xFFFF, 0xFFFF, 
0xFFFF, 0xFFFF, 0xFFFF, 0xFFFF, 0xFFFF, 0xFFFF, 0xFFFF, 0xF77E, 0xE009, 0xE009, 0xE009, 0xE009, 0xE009, 0xE009, 0xE009, 0xE009, 
0xE009, 0xE009, 0xE009, 0xE009, 0xE009, 0xE009, 0xE009, 0xE009, 0xE009, 0xE009, 0xE009, 0xE009, 0xE009, 0xE009, 0xE009, 0xE009, 
0xE009, 0xE009, 0xE009, 0xE009, 0xE009, 0xE009, 0xE009, 0xE009, 0xE009, 0xE009, 0xE009, 0xE009, 0xE009, 0xE009, 0xE009, 0xE009, 
0xE009, 0xE009, 0xE009, 0xD809, 0xE009, 0xC069, 0xED9A, 0xFFFF, 0xFFFF, 0xFFFF, 0xFFFF, 0xFFFF, 0xFFFF, 0xFFFF, 0xFFFF, 0xFFFF, 
0xFFFF, 0xFFFF, 0xFFFF, 0xFFFF, 0xFFFF, 0xFFFF, 0xFFFF, 0xFFFF, 0xFFFF, 0xFFFF, 0xFFFF, 0xFFFF, 0xFFFF, 0xFFFF, 0xFFFF, 0xFFFF, 
0xFFFF, 0xFFFF, 0xFFFF, 0xFFFF, 0xFFFF, 0xFFFF, 0xFFFF, 0xFFFF, 0xFFFF, 0xFFFF, 0xFFFF, 0xFFFF, 0xFFFF, 0xFFFF, 0xFFFF, 0xFFFF, 
0xFFFF, 0xFFFF, 0xFFFF, 0xFFFF, 0xFFFF, 0xFFFF, 0xFFFF, 0xFFFF, 0xFFFF, 0xFFFF, 0xFFFF, 0xFFFF, 0xFFFF, 0xFFFF, 0xFFFF, 0xFFFF, 
0xFFFF, 0xFFFF, 0xFFFF, 0xFFFF, 0xFFFF, 0xFFFF, 0xFFFF, 0xFFFF, 0xFFFF, 0xFFFF, 0xFFFF, 0xFFFF, 0xFFFF, 0xFFFF, 0xFFFF, 0xFFFF, 
0xFFFF, 0xFFFF, 0xFFFF, 0xFFFF, 0xFFFF, 0xFFFF, 0xFFFF, 0xFFFF, 0xFFFF, 0xFFFF, 0xFFFF, 0xFFFF, 0xFFFF, 0xFFFF, 0xFFFF, 0xFFFF, 
0xFFFF, 0xFFFF, 0xFFFF, 0xFFFF, 0xFFFF, 0xFFFF, 0xFFFF, 0xFFFF, 0xFFFF, 0xFFFF, 0xFFFF, 0xFFFF, 0xFFFF, 0xFFFF, 0xFFFF, 0xFFFF, 
0xFFFF, 0xFFFF, 0xFFFF, 0xFFFF, 0xFFFF, 0xFFFF, 0xFFFF, 0xFFFF, 0xFFFF, 0xFFFF, 0xFFFF, 0xFFFF, 0xFFFF, 0xFFFF, 0xFFFF, 0xFFFF, 
0xFFFF, 0xFFFF, 0xFFFF, 0xFFFF, 0xFFFF, 0xFFFF, 0xFFFF, 0xFFFF, 0xFFFF, 0xFFFF, 0xFFFF, 0xFFFF, 0xFFFF, 0xFFFF, 0xFFFF, 0xFFFF, 
0xFFFF, 0xFFFF, 0xFFFF, 0xFFFF, 0xFFFF, 0xFFFF, 0xFFFF, 0xFFFF, 0xFFFF, 0xFFFF, 0xFFFF, 0xFFFF, 0xFFFF, 0xFFFF, 0xFFFF, 0xFFFF, 
0xFFFF, 0xFFFF, 0xFFFF, 0xFFFF, 0xFFFF, 0xFFFF, 0xFFFF, 0xFFFF, 0xFFFF, 0xFFFF, 0xFFFF, 0xFFFF, 0xFFFF, 0xFFFF, 0xFFFF, 0xFFFF, 
0xFFFF, 0xFFFF, 0xFFFF, 0xF77E, 0xE009, 0xE009, 0xE009, 0xE009, 0xE009, 0xE009, 0xE009, 0xE009, 0xE009, 0xE009, 0xE009, 0xE009, 
0xE009, 0xE009, 0xE009, 0xE009, 0xE009, 0xE009, 0xE009, 0xE009, 0xE009, 0xE009, 0xE009, 0xE009, 0xE009, 0xE009, 0xE009, 0xE009, 
0xE009, 0xE009, 0xE009, 0xE009, 0xE009, 0xE009, 0xE009, 0xE009, 0xE009, 0xE009, 0xE009, 0xE009, 0xE009, 0xE009, 0xE009, 0xE00A, 
0xD008, 0xD311, 0xFFFF, 0xFFFF, 0xFFFF, 0xFFFF, 0xFFFF, 0xFFFF, 0xFFFF, 0xFFFF, 0xFFFF, 0xFFFF, 0xFFFF, 0xFFFF, 0xFFFF, 0xFFFF, 
0xFFFF, 0xFFFF, 0xFFFF, 0xFFFF, 0xFFFF, 0xFFFF, 0xFFFF, 0xFFFF, 0xFFFF, 0xFFFF, 0xFFFF, 0xFFFF, 0xFFFF, 0xFFFF, 0xFFFF, 0xFFFF, 
0xFFFF, 0xFFFF, 0xFFFF, 0xFFFF, 0xFFFF, 0xFFFF, 0xFFFF, 0xFFFF, 0xFFFF, 0xFFFF, 0xFFFF, 0xFFFF, 0xFFFF, 0xFFFF, 0xFFFF, 0xFFFF, 
0xFFFF, 0xFFFF, 0xFFFF, 0xFFFF, 0xFFFF, 0xFFFF, 0xFFFF, 0xFFFF, 0xFFFF, 0xFFFF, 0xFFFF, 0xFFFF, 0xFFFF, 0xFFFF, 0xFFFF, 0xFFFF, 
0xFFFF, 0xFFFF, 0xFFFF, 0xFFFF, 0xFFFF, 0xFFFF, 0xFFFF, 0xFFFF, 0xFFFF, 0xFFFF, 0xFFFF, 0xFFFF, 0xFFFF, 0xFFFF, 0xFFFF, 0xFFFF, 
0xFFFF, 0xFFFF, 0xFFFF, 0xFFFF, 0xFFFF, 0xFFFF, 0xFFFF, 0xFFFF, 0xFFFF, 0xFFFF, 0xFFFF, 0xFFFF, 0xFFFF, 0xFFFF, 0xFFFF, 0xFFFF, 
0xFFFF, 0xFFFF, 0xFFFF, 0xFFFF, 0xFFFF, 0xFFFF, 0xFFFF, 0xFFFF, 0xFFFF, 0xFFFF, 0xFFFF, 0xFFFF, 0xFFFF, 0xFFFF, 0xFFFF, 0xFFFF, 
0xFFFF, 0xFFFF, 0xFFFF, 0xFFFF, 0xFFFF, 0xFFFF, 0xFFFF, 0xFFFF, 0xFFFF, 0xFFFF, 0xFFFF, 0xFFFF, 0xFFFF, 0xFFFF, 0xFFFF, 0xFFFF, 
0xFFFF, 0xFFFF, 0xFFFF, 0xFFFF, 0xFFFF, 0xFFFF, 0xFFFF, 0xFFFF, 0xFFFF, 0xFFFF, 0xFFFF, 0xFFFF, 0xFFFF, 0xFFFF, 0xFFFF, 0xFFFF, 
0xFFFF, 0xFFFF, 0xFFFF, 0xFFFF, 0xFFFF, 0xFFFF, 0xFFFF, 0xFFFF, 0xFFFF, 0xFFFF, 0xFFFF, 0xFFFF, 0xFFFF, 0xFFFF, 0xFFFF, 0xFFFF, 
0xFFFF, 0xFFFF, 0xFFFF, 0xFFFF, 0xFFFF, 0xFFFF, 0xFFFF, 0xFFFF, 0xFFFF, 0xFFFF, 0xFFFF, 0xFFFF, 0xFFFF, 0xFFFF, 0xFFFF, 0xF77E, 
0xE009, 0xE009, 0xE009, 0xE009, 0xE009, 0xE009, 0xE009, 0xE009, 0xE009, 0xE009, 0xE009, 0xE009, 0xE009, 0xE009, 0xE009, 0xE009, 
0xE009, 0xE009, 0xE009, 0xE009, 0xE009, 0xE009, 0xE009, 0xE009, 0xE009, 0xE009, 0xE009, 0xE009, 0xE009, 0xE009, 0xE009, 0xE009, 
0xE009, 0xE009, 0xE009, 0xE009, 0xE009, 0xE009, 0xE009, 0xE009, 0xE009, 0xE009, 0xE009, 0xD009, 0xC089, 0xF5BA, 0xFFFF, 0xFFFF, 
0xFFFF, 0xFFFF, 0xFFFF, 0xFFFF, 0xFFFF, 0xFFFF, 0xFFFF, 0xFFFF, 0xFFFF, 0xFFFF, 0xFFFF, 0xFFFF, 0xFFFF, 0xFFFF, 0xFFFF, 0xFFFF, 
0xFFFF, 0xFFFF, 0xFFFF, 0xFFFF, 0xFFFF, 0xFFFF, 0xFFFF, 0xFFFF, 0xFFFF, 0xFFFF, 0xFFFF, 0xFFFF, 0xFFFF, 0xFFFF, 0xFFFF, 0xFFFF, 
0xFFFF, 0xFFFF, 0xFFFF, 0xFFFF, 0xFFFF, 0xFFFF, 0xFFFF, 0xFFFF, 0xFFFF, 0xFFFF, 0xFFFF, 0xFFFF, 0xFFFF, 0xFFFF, 0xFFFF, 0xFFFF, 
0xFFFF, 0xFFFF, 0xFFFF, 0xFFFF, 0xFFFF, 0xFFFF, 0xFFFF, 0xFFFF, 0xFFFF, 0xFFFF, 0xFFFF, 0xFFFF, 0xFFFF, 0xFFFF, 0xFFFF, 0xFFFF, 
0xFFFF, 0xFFFF, 0xFFFF, 0xFFFF, 0xFFFF, 0xFFFF, 0xFFFF, 0xFFFF, 0xFFFF, 0xFFFF, 0xFFFF, 0xFFFF, 0xFFFF, 0xFFFF, 0xFFFF, 0xFFFF, 
0xFFFF, 0xFFFF, 0xFFFF, 0xFFFF, 0xFFFF, 0xFFFF, 0xFFFF, 0xFFFF, 0xFFFF, 0xFFFF, 0xFFFF, 0xFFFF, 0xFFFF, 0xFFFF, 0xFFFF, 0xFFFF, 
0xFFFF, 0xFFFF, 0xFFFF, 0xFFFF, 0xFFFF, 0xFFFF, 0xFFFF, 0xFFFF, 0xFFFF, 0xFFFF, 0xFFFF, 0xFFFF, 0xFFFF, 0xFFFF, 0xFFFF, 0xFFFF, 
0xFFFF, 0xFFFF, 0xFFFF, 0xFFFF, 0xFFFF, 0xFFFF, 0xFFFF, 0xFFFF, 0xFFFF, 0xFFFF, 0xFFFF, 0xFFFF, 0xFFFF, 0xFFFF, 0xFFFF, 0xFFFF, 
0xFFFF, 0xFFFF, 0xFFFF, 0xFFFF, 0xFFFF, 0xFFFF, 0xFFFF, 0xFFFF, 0xFFFF, 0xFFFF, 0xFFFF, 0xFFFF, 0xFFFF, 0xFFFF, 0xFFFF, 0xFFFF, 
0xFFFF, 0xFFFF, 0xFFFF, 0xFFFF, 0xFFFF, 0xFFFF, 0xFFFF, 0xFFFF, 0xFFFF, 0xFFFF, 0xFFFF, 0xFFFF, 0xFFFF, 0xFFFF, 0xFFFF, 0xFFFF, 
0xFFFF, 0xFFFF, 0xFFFF, 0xFFFF, 0xFFFF, 0xFFFF, 0xFFFF, 0xFFFF, 0xFFDF, 0xFFDF, 0xFFFF, 0xF77E, 0xE009, 0xE009, 0xE009, 0xE009, 
0xE009, 0xE009, 0xE009, 0xE009, 0xE009, 0xE009, 0xE009, 0xE009, 0xE009, 0xE009, 0xE009, 0xE009, 0xE009, 0xE009, 0xE009, 0xE009, 
0xE009, 0xE009, 0xE009, 0xE009, 0xE009, 0xE009, 0xE009, 0xE009, 0xE009, 0xE009, 0xE009, 0xE009, 0xE009, 0xE009, 0xE009, 0xE009, 
0xE009, 0xE009, 0xE009, 0xE009, 0xE009, 0xE009, 0xE00A, 0xC808, 0xD290, 0xFF7F, 0xFFFF, 0xFFFF, 0xFFFF, 0xFFFF, 0xFFFF, 0xFFFF, 
0xFFFF, 0xFFFF, 0xFFFF, 0xFFFF, 0xFFFF, 0xFFFF, 0xFFFF, 0xFFFF, 0xFFFF, 0xFFFF, 0xFFFF, 0xFFFF, 0xFFDF, 0xFFDF, 0xFFBF, 0xFFBF, 
0xFFBF, 0xFFBF, 0xFFBF, 0xFFBF, 0xFFBF, 0xFFBF, 0xFFBF, 0xFFBF, 0xFFBF, 0xFFBF, 0xFFBF, 0xFFBF, 0xFFBF, 0xFFBF, 0xFFBF, 0xFFBF, 
0xFFBF, 0xFFBF, 0xFFBF, 0xFFBF, 0xFFBF, 0xFFBF, 0xFFBF, 0xFFBF, 0xFFBF, 0xFFBF, 0xFFBF, 0xFFBF, 0xFFBF, 0xFFBF, 0xFFBF, 0xFFBF, 
0xFFBF, 0xFFBF, 0xFFBF, 0xFFBF, 0xFFBF, 0xFFBF, 0xFFBF, 0xFFBF, 0xFFBF, 0xFFBF, 0xFFBF, 0xFFBF, 0xFFBF, 0xFFBF, 0xFFBF, 0xFFBF, 
0xFFBF, 0xFFBF, 0xFFBF, 0xFFBF, 0xFFBF, 0xFFBF, 0xFFBF, 0xFFBF, 0xFFBF, 0xFFBF, 0xFFBF, 0xFFBF, 0xFFBF, 0xFFBF, 0xFFBF, 0xFFBF, 
0xFFBF, 0xFFBF, 0xFFBF, 0xFFBF, 0xFFBF, 0xFFBF, 0xFFBF, 0xFFBF, 0xFFBF, 0xFFBF, 0xFFBF, 0xFFBF, 0xFFBF, 0xFFBF, 0xFFBF, 0xFFBF, 
0xFFBF, 0xFFBF, 0xFFBF, 0xFFBF, 0xFFBF, 0xFFBF, 0xFFBF, 0xFFBF, 0xFFBF, 0xFFBF, 0xFFBF, 0xFFBF, 0xFFBF, 0xFFBF, 0xFFBF, 0xFFBF, 
0xFFBF, 0xFFBF, 0xFFBF, 0xFFBF, 0xFFBF, 0xFFBF, 0xFFBF, 0xFFBF, 0xFFBF, 0xFFBF, 0xFFBF, 0xFFBF, 0xFFBF, 0xFFBF, 0xFFBF, 0xFFBF, 
0xFFBF, 0xFFBF, 0xFFBF, 0xFFBF, 0xFFBF, 0xFFBF, 0xFFBF, 0xFFBF, 0xFFBF, 0xFFBF, 0xFFBF, 0xFFBF, 0xFFBF, 0xFFBF, 0xFFBF, 0xFFBF, 
0xFFBF, 0xFFBF, 0xFFBF, 0xFFBF, 0xFFBF, 0xFFBF, 0xFFBF, 0xFFBF, 0xFFBF, 0xFFBF, 0xFFBF, 0xFFBF, 0xFFBF, 0xFFBF, 0xFFBF, 0xFFBF, 
0xFFBF, 0xFFBF, 0xFFBF, 0xFFBF, 0xFFBF, 0xFF9F, 0xFF9F, 0xFF1E, 0xE009, 0xE009, 0xE009, 0xE009, 0xE009, 0xE009, 0xE009, 0xE009, 
0xE009, 0xE009, 0xE009, 0xE009, 0xE009, 0xE009, 0xE009, 0xE009, 0xE009, 0xE009, 0xE009, 0xE009, 0xE009, 0xE009, 0xE009, 0xE009, 
0xE009, 0xE009, 0xE009, 0xE009, 0xE009, 0xE009, 0xE009, 0xE009, 0xE009, 0xE009, 0xE009, 0xE009, 0xE009, 0xE009, 0xE009, 0xE009, 
0xE009, 0xD809, 0xE009, 0xC808, 0xF4F8, 0xFFDF, 0xFFDF, 0xFFFF, 0xFFFF, 0xFFFF, 0xFFFF, 0xFFFF, 0xFFFF, 0xFFFF, 0xFFFF, 0xFFFF, 
0xFFFF, 0xFFFF, 0xFFFF, 0xFFFF, 0xFF3E, 0xF59A, 0xE3D4, 0xDB72, 0xDB72, 0xD352, 0xD331, 0xD332, 0xD332, 0xD332, 0xDB32, 0xDB32, 
0xDB32, 0xD332, 0xD332, 0xD332, 0xD332, 0xD332, 0xD331, 0xD331, 0xD331, 0xD331, 0xD331, 0xD331, 0xD331, 0xD331, 0xD331, 0xD331, 
0xD332, 0xD332, 0xD332, 0xD332, 0xD332, 0xD332, 0xD332, 0xD332, 0xD332, 0xD332, 0xD332, 0xD331, 0xD331, 0xD331, 0xD331, 0xD331, 
0xD331, 0xD331, 0xD331, 0xD331, 0xD331, 0xD332, 0xD332, 0xD332, 0xD332, 0xD332, 0xD332, 0xD332, 0xD332, 0xD332, 0xD332, 0xD332, 
0xD331, 0xD331, 0xD331, 0xD331, 0xD332, 0xD332, 0xD332, 0xD332, 0xD332, 0xD332, 0xD331, 0xD331, 0xD331, 0xD331, 0xD331, 0xD332, 
0xD332, 0xD332, 0xD332, 0xD332, 0xD331, 0xD331, 0xD331, 0xD331, 0xD331, 0xD332, 0xD332, 0xD332, 0xD332, 0xD332, 0xD332, 0xD331, 
0xD331, 0xD331, 0xD331, 0xD331, 0xD332, 0xD332, 0xD332, 0xD332, 0xD332, 0xD332, 0xD332, 0xD332, 0xD332, 0xD332, 0xD331, 0xD331, 
0xD331, 0xD331, 0xD331, 0xD332, 0xD332, 0xD332, 0xD332, 0xD332, 0xD332, 0xD331, 0xD331, 0xD331, 0xD331, 0xD332, 0xD332, 0xD332, 
0xD332, 0xD332, 0xD332, 0xD331, 0xD331, 0xD331, 0xD331, 0xD331, 0xD332, 0xD332, 0xD332, 0xD332, 0xD332, 0xD332, 0xD332, 0xD332, 
0xD332, 0xD332, 0xD332, 0xD331, 0xD331, 0xD331, 0xD331, 0xD332, 0xD332, 0xD332, 0xD332, 0xD332, 0xD332, 0xD331, 0xD331, 0xD331, 
0xD331, 0xD331, 0xDAF1, 0xDAB1, 0xE009, 0xE009, 0xE009, 0xE009, 0xE009, 0xE009, 0xE009, 0xE009, 0xE009, 0xE009, 0xE009, 0xE009, 
0xE009, 0xE009, 0xE009, 0xE009, 0xE009, 0xE009, 0xE009, 0xE009, 0xE009, 0xE009, 0xE009, 0xE009, 0xE009, 0xE009, 0xE009, 0xE009, 
0xE009, 0xE009, 0xE009, 0xE009, 0xE009, 0xE009, 0xE009, 0xE009, 0xE009, 0xE009, 0xE009, 0xE009, 0xE009, 0xE009, 0xE009, 0xC86A, 
0xF69D, 0xFFFF, 0xFFFF, 0xFFFF, 0xFFFF, 0xFFFF, 0xFFFF, 0xFFFF, 0xFFFF, 0xFFFF, 0xFFFF, 0xFFFF, 0xFFFF, 0xFFDF, 0xFFDF, 0xED18, 
0xD98E, 0xD029, 0xD008, 0xD008, 0xC808, 0xD008, 0xD008, 0xD008, 0xD008, 0xD009, 0xD009, 0xD009, 0xD009, 0xD008, 0xD008, 0xD008, 
0xD008, 0xD008, 0xD008, 0xD008, 0xD008, 0xD008, 0xD008, 0xD008, 0xD008, 0xD008, 0xD008, 0xD008, 0xD008, 0xD008, 0xD008, 0xD008, 
0xD008, 0xD008, 0xD008, 0xD008, 0xD008, 0xD008, 0xD008, 0xD008, 0xD008, 0xD008, 0xD008, 0xD008, 0xD008, 0xD008, 0xD008, 0xD008, 
0xD008, 0xD008, 0xD008, 0xD008, 0xD008, 0xD008, 0xD008, 0xD008, 0xD008, 0xD008, 0xD008, 0xD008, 0xD008, 0xD008, 0xD008, 0xD008, 
0xD008, 0xD008, 0xD008, 0xD008, 0xD008, 0xD008, 0xD008, 0xD008, 0xD008, 0xD008, 0xD008, 0xD008, 0xD008, 0xD008, 0xD008, 0xD008, 
0xD008, 0xD008, 0xD008, 0xD008, 0xD008, 0xD008, 0xD008, 0xD008, 0xD008, 0xD008, 0xD008, 0xD008, 0xD008, 0xD008, 0xD008, 0xD008, 
0xD008, 0xD008, 0xD008, 0xD008, 0xD008, 0xD008, 0xD008, 0xD008, 0xD008, 0xD008, 0xD008, 0xD008, 0xD008, 0xD008, 0xD008, 0xD008, 
0xD008, 0xD008, 0xD008, 0xD008, 0xD008, 0xD008, 0xD008, 0xD008, 0xD008, 0xD008, 0xD008, 0xD008, 0xD008, 0xD008, 0xD008, 0xD008, 
0xD008, 0xD008, 0xD008, 0xD008, 0xD008, 0xD008, 0xD008, 0xD008, 0xD008, 0xD008, 0xD008, 0xD008, 0xD008, 0xD008, 0xD008, 0xD008, 
0xD008, 0xD008, 0xD008, 0xD008, 0xD008, 0xD008, 0xD008, 0xD008, 0xD008, 0xD008, 0xD008, 0xD008, 0xD008, 0xD008, 0xD008, 0xD008, 
0xE009, 0xE009, 0xE009, 0xE009, 0xE009, 0xE009, 0xE009, 0xE009, 0xE009, 0xE009, 0xE009, 0xE009, 0xE009, 0xE009, 0xE009, 0xE009, 
0xE009, 0xE009, 0xE009, 0xE009, 0xE009, 0xE009, 0xE009, 0xE009, 0xE009, 0xE009, 0xE009, 0xE009, 0xE009, 0xE009, 0xE009, 0xE009, 
0xE009, 0xE009, 0xE009, 0xE009, 0xE009, 0xE009, 0xE009, 0xE009, 0xE009, 0xE00A, 0xD809, 0xD96D, 0xFF3E, 0xFFFF, 0xFFFF, 0xFFFF, 
0xFFFF, 0xFFFF, 0xFFFF, 0xFFFF, 0xFFFF, 0xFFFF, 0xFFFF, 0xFFFF, 0xFFFF, 0xFFFF, 0xECB7, 0xC049, 0xD808, 0xE009, 0xD809, 0xD809, 
0xD809, 0xD809, 0xD809, 0xE00A, 0xE00A, 0xE00A, 0xE00A, 0xE00A, 0xE00A, 0xE00A, 0xE00A, 0xE00A, 0xE00A, 0xE00A, 0xE00A, 0xE00A, 
0xE00A, 0xE00A, 0xE00A, 0xE00A, 0xE00A, 0xE00A, 0xE00A, 0xE00A, 0xE00A, 0xE00A, 0xE00A, 0xE00A, 0xE00A, 0xE00A, 0xD80A, 0xD80A, 
0xD80A, 0xD80A, 0xE00A, 0xE00A, 0xE00A, 0xE00A, 0xE00A, 0xE00A, 0xE00A, 0xE00A, 0xE00A, 0xE00A, 0xE00A, 0xE00A, 0xE00A, 0xE00A, 
0xE00A, 0xE00A, 0xE00A, 0xE00A, 0xE00A, 0xE00A, 0xE00A, 0xE00A, 0xE00A, 0xE00A, 0xE00A, 0xE00A, 0xE00A, 0xD80A, 0xD80A, 0xD80A, 
0xD80A, 0xD80A, 0xE00A, 0xE00A, 0xE00A, 0xE00A, 0xE00A, 0xE00A, 0xE00A, 0xE00A, 0xE00A, 0xE00A, 0xE00A, 0xE00A, 0xE00A, 0xE00A, 
0xE00A, 0xE00A, 0xE00A, 0xE00A, 0xE00A, 0xE00A, 0xE00A, 0xE00A, 0xE00A, 0xE00A, 0xE00A, 0xE00A, 0xD80A, 0xD80A, 0xD80A, 0xD80A, 
0xD80A, 0xE00A, 0xE00A, 0xE00A, 0xE00A, 0xE00A, 0xE00A, 0xE00A, 0xE00A, 0xE00A, 0xE00A, 0xE00A, 0xE00A, 0xE00A, 0xE00A, 0xE00A, 
0xE00A, 0xE00A, 0xE00A, 0xE00A, 0xE00A, 0xE00A, 0xE00A, 0xE00A, 0xE00A, 0xE00A, 0xE00A, 0xD80A, 0xD80A, 0xD80A, 0xD80A, 0xD80A, 
0xE00A, 0xE00A, 0xE00A, 0xE00A, 0xE00A, 0xE00A, 0xE00A, 0xE00A, 0xE00A, 0xE00A, 0xE00A, 0xE00A, 0xE00A, 0xE00A, 0xE00A, 0xE00A, 
0xE00A, 0xE00A, 0xE00A, 0xE00A, 0xE00A, 0xE00A, 0xE00A, 0xE00A, 0xE00A, 0xE00A, 0xE00A, 0xE009, 0xE009, 0xE009, 0xE009, 0xE009, 
0xE009, 0xE009, 0xE009, 0xE009, 0xE009, 0xE009, 0xE009, 0xE009, 0xE009, 0xE009, 0xE009, 0xE009, 0xE009, 0xE009, 0xE009, 0xE009, 
0xE009, 0xE009, 0xE009, 0xE009, 0xE009, 0xE009, 0xE009, 0xE009, 0xE009, 0xE009, 0xE009, 0xE009, 0xE009, 0xE009, 0xE009, 0xE009, 
0xE009, 0xE009, 0xE009, 0xE009, 0xD809, 0xE00A, 0xC808, 0xDAB0, 0xFFBF, 0xFFFF, 0xFFFF, 0xFFFF, 0xFFFF, 0xFFFF, 0xFFFF, 0xFFFF, 
0xFFFF, 0xFFFF, 0xFFFF, 0xFFFF, 0xFFFF, 0xF63B, 0xC10B, 0xD809, 0xE80A, 0xE009, 0xD809, 0xD809, 0xD809, 0xD809, 0xD809, 0xD809, 
0xE009, 0xE009, 0xE009, 0xE009, 0xE009, 0xE009, 0xE009, 0xE009, 0xE009, 0xE009, 0xE009, 0xE009, 0xE009, 0xE009, 0xE009, 0xE009, 
0xE009, 0xE009, 0xE009, 0xE009, 0xE009, 0xE009, 0xE009, 0xE009, 0xE009, 0xD809, 0xD809, 0xD809, 0xD809, 0xD809, 0xD809, 0xE009, 
0xE009, 0xE009, 0xE009, 0xE009, 0xE009, 0xE009, 0xE009, 0xE009, 0xE009, 0xE009, 0xE009, 0xE009, 0xE009, 0xE009, 0xE009, 0xE009, 
0xE009, 0xE009, 0xE009, 0xE009, 0xE009, 0xE009, 0xE009, 0xE009, 0xD809, 0xD809, 0xD809, 0xD809, 0xD809, 0xD809, 0xE009, 0xE009, 
0xE009, 0xE009, 0xE009, 0xE009, 0xE009, 0xE009, 0xE009, 0xE009, 0xE009, 0xE009, 0xE009, 0xE009, 0xE009, 0xE009, 0xE009, 0xE009, 
0xE009, 0xE009, 0xE009, 0xE009, 0xE009, 0xE009, 0xE009, 0xD809, 0xD809, 0xD809, 0xD809, 0xD809, 0xD809, 0xD809, 0xD809, 0xE009, 
0xE009, 0xD809, 0xD809, 0xD809, 0xD809, 0xD809, 0xD809, 0xD809, 0xD809, 0xD809, 0xD809, 0xD809, 0xD809, 0xD809, 0xD809, 0xD809, 
0xD809, 0xD809, 0xD809, 0xD809, 0xD809, 0xD809, 0xD809, 0xD809, 0xD809, 0xD809, 0xD809, 0xD809, 0xD809, 0xD809, 0xD809, 0xD809, 
0xD809, 0xD809, 0xD809, 0xD809, 0xD809, 0xD809, 0xD809, 0xD809, 0xD809, 0xD809, 0xD809, 0xD809, 0xD809, 0xD809, 0xD809, 0xD809, 
0xD809, 0xD809, 0xD809, 0xD809, 0xD809, 0xD809, 0xD809, 0xD809, 0xE009, 0xE009, 0xE009, 0xE009, 0xE009, 0xE009, 0xE009, 0xE009, 
0xE009, 0xE009, 0xE009, 0xE009, 0xE009, 0xE009, 0xE009, 0xE009, 0xE009, 0xE009, 0xE009, 0xE009, 0xE009, 0xE009, 0xE009, 0xE009, 
0xE009, 0xE009, 0xE009, 0xE009, 0xE009, 0xE009, 0xE009, 0xE009, 0xE009, 0xE009, 0xE009, 0xE009, 0xE009, 0xE009, 0xE009, 0xE009, 
0xE009, 0xE00A, 0xC008, 0xDB73, 0xFFFF, 0xFFFF, 0xFFFF, 0xFFFF, 0xFFFF, 0xFFFF, 0xFFFF, 0xFFFF, 0xFFFF, 0xFFFF, 0xFFFF, 0xFFFF, 
0xFFFF, 0xEB73, 0xC808, 0xD829, 0xE009, 0xE009, 0xE009, 0xE009, 0xE009, 0xE009, 0xE009, 0xE009, 0xE009, 0xE009, 0xE009, 0xE009, 
0xE009, 0xE009, 0xE009, 0xE009, 0xE009, 0xE009, 0xE009, 0xE009, 0xE009, 0xE009, 0xE009, 0xE009, 0xE009, 0xE009, 0xE009, 0xE009, 
0xE009, 0xE009, 0xE009, 0xE009, 0xE009, 0xE009, 0xE009, 0xE009, 0xE009, 0xE009, 0xE009, 0xE009, 0xE009, 0xE009, 0xE009, 0xE009, 
0xE009, 0xE009, 0xE009, 0xE009, 0xE009, 0xE009, 0xE009, 0xE009, 0xE009, 0xE009, 0xE009, 0xE009, 0xE009, 0xE009, 0xE009, 0xE009, 
0xE009, 0xE009, 0xE009, 0xE009, 0xE009, 0xE009, 0xE009, 0xE009, 0xE009, 0xE009, 0xE009, 0xE009, 0xE009, 0xE009, 0xE009, 0xE009, 
0xE009, 0xE009, 0xE009, 0xE009, 0xE009, 0xE009, 0xE009, 0xE009, 0xE009, 0xE009, 0xE009, 0xE009, 0xE009, 0xE009, 0xE009, 0xE009, 
0xE009, 0xE009, 0xE009, 0xE009, 0xE009, 0xE009, 0xE009, 0xE009, 0xE009, 0xE009, 0xE009, 0xE009, 0xE009, 0xE009, 0xE009, 0xE009, 
0xE009, 0xE009, 0xD809, 0xD809, 0xD809, 0xD809, 0xD809, 0xD809, 0xD809, 0xD809, 0xD809, 0xE009, 0xE009, 0xE009, 0xE009, 0xE009, 
0xE009, 0xE009, 0xE009, 0xE009, 0xE009, 0xE009, 0xE009, 0xE009, 0xE009, 0xE009, 0xE009, 0xE009, 0xE009, 0xE009, 0xE009, 0xE009, 
0xE009, 0xE009, 0xE009, 0xE009, 0xE009, 0xE009, 0xE009, 0xE009, 0xE009, 0xE009, 0xE009, 0xE009, 0xE009, 0xE009, 0xE009, 0xE009, 
0xE009, 0xE009, 0xE009, 0xE009, 0xE009, 0xE009, 0xE009, 0xE009, 0xE009, 0xE009, 0xE009, 0xE009, 0xE009, 0xE009, 0xE009, 0xE009, 
0xE009, 0xE009, 0xE009, 0xE009, 0xE009, 0xE009, 0xE009, 0xE009, 0xE009, 0xE009, 0xE009, 0xE009, 0xE009, 0xE009, 0xE009, 0xE009, 
0xE009, 0xE009, 0xE009, 0xE009, 0xE009, 0xE009, 0xE009, 0xE009, 0xE009, 0xE009, 0xE009, 0xE009, 0xE009, 0xE009, 0xC808, 0xE3F5, 
0xFFFF, 0xFFFF, 0xFFFF, 0xFFFF, 0xFFFF, 0xFFFF, 0xFFFF, 0xFFFF, 0xFFFF, 0xFFFF, 0xFFFF, 0xFFFF, 0xFFBF, 0xD9CE, 0xD808, 0xD809, 
0xE009, 0xE009, 0xD809, 0xD809, 0xD809, 0xD809, 0xD809, 0xD809, 0xD809, 0xD809, 0xE009, 0xE009, 0xE009, 0xD809, 0xD809, 0xD809, 
0xD809, 0xD809, 0xD809, 0xD809, 0xD809, 0xD809, 0xD809, 0xD809, 0xD809, 0xD809, 0xD809, 0xD809, 0xD809, 0xD809, 0xD809, 0xD809, 
0xD809, 0xD809, 0xD809, 0xD809, 0xD809, 0xD809, 0xD809, 0xD809, 0xD809, 0xD809, 0xD809, 0xD809, 0xD809, 0xD809, 0xD809, 0xD809, 
0xD809, 0xD809, 0xD809, 0xD809, 0xD809, 0xD809, 0xD809, 0xD809, 0xD809, 0xD809, 0xD809, 0xD809, 0xD809, 0xD809, 0xD809, 0xD809, 
0xD809, 0xD809, 0xD809, 0xD809, 0xD809, 0xD809, 0xD809, 0xD809, 0xD809, 0xD809, 0xD809, 0xD809, 0xD809, 0xD809, 0xD809, 0xD809, 
0xD809, 0xD809, 0xD809, 0xD809, 0xD809, 0xD809, 0xD809, 0xD809, 0xD809, 0xD809, 0xD809, 0xD809, 0xD809, 0xD809, 0xD809, 0xD809, 
0xD809, 0xD809, 0xD809, 0xD809, 0xD809, 0xD809, 0xD809, 0xD809, 0xD809, 0xD809, 0xD809, 0xD809, 0xD809, 0xD809, 0xD809, 0xD809, 
0xD809, 0xD809, 0xD809, 0xD809, 0xD809, 0xD809, 0xD809, 0xE009, 0xE009, 0xE009, 0xE009, 0xE009, 0xE009, 0xE009, 0xE009, 0xE009, 
0xE009, 0xE009, 0xE009, 0xE009, 0xE009, 0xE009, 0xE009, 0xE009, 0xE009, 0xE009, 0xE009, 0xE009, 0xE009, 0xE009, 0xE009, 0xE009, 
0xE009, 0xE009, 0xE009, 0xE009, 0xE009, 0xE009, 0xE009, 0xE009, 0xE009, 0xE009, 0xE009, 0xE009, 0xE009, 0xE009, 0xE009, 0xE009, 
0xE009, 0xE009, 0xE009, 0xE009, 0xE009, 0xE009, 0xE009, 0xE009, 0xE009, 0xE009, 0xE009, 0xE009, 0xE009, 0xE009, 0xE009, 0xE009, 
0xE009, 0xE009, 0xE009, 0xE009, 0xE009, 0xE009, 0xE009, 0xE009, 0xE009, 0xE009, 0xE009, 0xE009, 0xE009, 0xE009, 0xE009, 0xE009, 
0xE009, 0xE009, 0xE009, 0xE009, 0xE009, 0xE009, 0xE009, 0xE009, 0xE009, 0xE009, 0xC808, 0xE415, 0xFFFF, 0xFFFF, 0xFFFF, 0xFFFF, 
0xFFFF, 0xFFFF, 0xFFFF, 0xFFFF, 0xFFFF, 0xFFFF, 0xFFFF, 0xFFFF, 0xFF9F, 0xD98D, 0xD808, 0xE009, 0xD809, 0xD809, 0xD809, 0xD809, 
0xD809, 0xD809, 0xD809, 0xD809, 0xD809, 0xD809, 0xD809, 0xD809, 0xD809, 0xD809, 0xD809, 0xD809, 0xD809, 0xD809, 0xD809, 0xD809, 
0xD809, 0xD809, 0xD809, 0xD809, 0xD809, 0xD809, 0xD809, 0xD809, 0xD809, 0xD809, 0xD809, 0xD809, 0xD809, 0xD809, 0xD809, 0xD809, 
0xD809, 0xD809, 0xD809, 0xD809, 0xD809, 0xD809, 0xD809, 0xD809, 0xD809, 0xD809, 0xD809, 0xD809, 0xD809, 0xD809, 0xD809, 0xD809, 
0xD809, 0xD809, 0xD809, 0xD809, 0xD809, 0xD809, 0xD809, 0xD809, 0xD809, 0xD809, 0xD809, 0xD809, 0xD809, 0xD809, 0xD809, 0xD809, 
0xD809, 0xD809, 0xD809, 0xD809, 0xD809, 0xD809, 0xD809, 0xD809, 0xD809, 0xD809, 0xD809, 0xD809, 0xD809, 0xD809, 0xD809, 0xD809, 
0xD809, 0xD809, 0xD809, 0xD809, 0xD809, 0xD809, 0xD809, 0xD809, 0xD809, 0xD809, 0xD809, 0xD809, 0xD809, 0xD809, 0xD809, 0xD809, 
0xD809, 0xD809, 0xD809, 0xD809, 0xD809, 0xD809, 0xD809, 0xD809, 0xD809, 0xD809, 0xD809, 0xD809, 0xD809, 0xD809, 0xE009, 0xE009, 
0xE009, 0xD809, 0xD809, 0xE009, 0xE009, 0xE009, 0xE009, 0xE009, 0xE009, 0xE009, 0xE009, 0xE009, 0xE009, 0xE009, 0xE009, 0xE009, 
0xE009, 0xE009, 0xE009, 0xE009, 0xE009, 0xE009, 0xE009, 0xE009, 0xE009, 0xE009, 0xE009, 0xE009, 0xE009, 0xE009, 0xE009, 0xE009, 
0xE009, 0xE009, 0xE009, 0xE009, 0xE009, 0xE009, 0xE009, 0xE009, 0xE009, 0xE009, 0xE009, 0xE009, 0xE009, 0xE009, 0xE009, 0xE009, 
0xE009, 0xE009, 0xE009, 0xE009, 0xE009, 0xE009, 0xE009, 0xE009, 0xE009, 0xE009, 0xE009, 0xE009, 0xE009, 0xE009, 0xE009, 0xE009, 
0xE009, 0xE009, 0xE009, 0xE009, 0xE009, 0xE009, 0xE009, 0xE009, 0xE009, 0xE009, 0xE009, 0xE009, 0xE009, 0xE009, 0xE009, 0xE009, 
0xE009, 0xE009, 0xE009, 0xE009, 0xE009, 0xE00A, 0xC808, 0xDBB4, 0xFFFF, 0xFFFF, 0xFFFF, 0xFFFF, 0xFFFF, 0xFFFF, 0xFFFF, 0xFFFF, 
0xFFFF, 0xFFFF, 0xFFFF, 0xFFFF, 0xFFBF, 0xDA2F, 0xD008, 0xE02A, 0xD809, 0xD029, 0xD809, 0xD809, 0xE009, 0xE009, 0xE009, 0xE009, 
0xE009, 0xE009, 0xE009, 0xE009, 0xE009, 0xE009, 0xE009, 0xE009, 0xE009, 0xE009, 0xE009, 0xE009, 0xE009, 0xE009, 0xE009, 0xE009, 
0xE009, 0xE009, 0xE009, 0xE009, 0xE009, 0xE009, 0xE009, 0xE009, 0xE009, 0xE009, 0xE009, 0xE009, 0xE009, 0xE009, 0xE009, 0xE009, 
0xE009, 0xE009, 0xE009, 0xE009, 0xE009, 0xE009, 0xE009, 0xE009, 0xE009, 0xE009, 0xE009, 0xE009, 0xE009, 0xE009, 0xE009, 0xE009, 
0xE009, 0xE009, 0xE009, 0xE009, 0xE009, 0xE009, 0xE009, 0xE009, 0xE009, 0xE009, 0xE009, 0xE009, 0xE009, 0xE009, 0xE009, 0xE009, 
0xE009, 0xE009, 0xE009, 0xE009, 0xE009, 0xE009, 0xE009, 0xE009, 0xE009, 0xE009, 0xE009, 0xE009, 0xE009, 0xE009, 0xE009, 0xE009, 
0xE009, 0xE009, 0xE009, 0xE009, 0xE009, 0xE009, 0xE009, 0xE009, 0xE009, 0xE009, 0xE009, 0xE009, 0xE009, 0xD809, 0xE009, 0xD809, 
0xD809, 0xD809, 0xE009, 0xD809, 0xD809, 0xD809, 0xD809, 0xD809, 0xD809, 0xD809, 0xE009, 0xE009, 0xE009, 0xD809, 0xD809, 0xE009, 
0xE009, 0xE009, 0xE009, 0xE009, 0xE009, 0xE009, 0xE009, 0xE009, 0xE009, 0xE009, 0xE009, 0xE009, 0xE009, 0xE009, 0xE009, 0xE009, 
0xE009, 0xE009, 0xE009, 0xE009, 0xE009, 0xE009, 0xE009, 0xE009, 0xE009, 0xE009, 0xE009, 0xE009, 0xE009, 0xE009, 0xE009, 0xE009, 
0xE009, 0xE009, 0xE009, 0xE009, 0xE009, 0xE009, 0xE009, 0xE009, 0xE009, 0xE009, 0xE009, 0xE009, 0xE009, 0xE009, 0xE009, 0xE009, 
0xE009, 0xE009, 0xE009, 0xE009, 0xE009, 0xE009, 0xE009, 0xE009, 0xE009, 0xE009, 0xE009, 0xE009, 0xE009, 0xE009, 0xE009, 0xE009, 
0xE009, 0xE009, 0xE009, 0xE009, 0xE009, 0xE009, 0xE009, 0xE009, 0xE009, 0xE009, 0xE009, 0xE009, 0xE009, 0xE009, 0xE009, 0xE009, 
0xD809, 0xE00A, 0xC808, 0xDAF1, 0xFFDF, 0xFFFF, 0xFFFF, 0xFFFF, 0xFFFF, 0xFFFF, 0xFFFF, 0xFFFF, 0xFFFF, 0xFFFF, 0xFFFF, 0xFFFF, 
0xFFDF, 0xE3D4, 0xC008, 0xD829, 0xD809, 0xD829, 0xD809, 0xE009, 0xE009, 0xE009, 0xE009, 0xE009, 0xE009, 0xE009, 0xE009, 0xE009, 
0xE009, 0xE009, 0xE009, 0xE009, 0xE009, 0xE009, 0xE009, 0xE009, 0xE009, 0xE009, 0xE009, 0xE009, 0xE009, 0xE009, 0xE009, 0xE009, 
0xE009, 0xE009, 0xE009, 0xE009, 0xE009, 0xE009, 0xE009, 0xE009, 0xE009, 0xE009, 0xE009, 0xE009, 0xE009, 0xE009, 0xE009, 0xE009, 
0xE009, 0xE009, 0xE009, 0xE009, 0xE009, 0xE009, 0xE009, 0xE009, 0xE009, 0xE009, 0xE009, 0xE009, 0xE009, 0xE009, 0xE009, 0xE009, 
0xE009, 0xE009, 0xE009, 0xE009, 0xE009, 0xE009, 0xE009, 0xE009, 0xE009, 0xE009, 0xE009, 0xE009, 0xE009, 0xE009, 0xE009, 0xE009, 
0xE009, 0xE009, 0xE009, 0xE009, 0xE009, 0xE009, 0xE009, 0xE009, 0xE009, 0xE009, 0xE009, 0xE009, 0xE009, 0xE009, 0xE009, 0xE009, 
0xE009, 0xE009, 0xE009, 0xE009, 0xE009, 0xE009, 0xD809, 0xD809, 0xD809, 0xE009, 0xE009, 0xD809, 0xD809, 0xE009, 0xE009, 0xD809, 
0xD809, 0xD809, 0xD809, 0xD809, 0xD809, 0xD809, 0xE009, 0xE009, 0xE009, 0xD809, 0xD809, 0xE009, 0xE009, 0xE009, 0xE009, 0xE009, 
0xE009, 0xE009, 0xE009, 0xE009, 0xE009, 0xE009, 0xE009, 0xE009, 0xE009, 0xE009, 0xE009, 0xE009, 0xE009, 0xE009, 0xE009, 0xE009, 
0xE009, 0xE009, 0xE009, 0xE009, 0xE009, 0xE009, 0xE009, 0xE009, 0xE009, 0xE009, 0xE009, 0xE009, 0xE009, 0xE009, 0xE009, 0xE009, 
0xE009, 0xE009, 0xE009, 0xE009, 0xE009, 0xE009, 0xE009, 0xE009, 0xE009, 0xE009, 0xE009, 0xE009, 0xE009, 0xE009, 0xE009, 0xE009, 
0xE009, 0xE009, 0xE009, 0xE009, 0xE009, 0xE009, 0xE009, 0xE009, 0xE009, 0xE009, 0xE009, 0xE009, 0xE009, 0xE009, 0xE009, 0xE009, 
0xE009, 0xE009, 0xE009, 0xE009, 0xE009, 0xE009, 0xE009, 0xE009, 0xE009, 0xE009, 0xE009, 0xE009, 0xD809, 0xE00A, 0xD008, 0xD1AD, 
0xFF5E, 0xFFFF, 0xFFFF, 0xFFFF, 0xFFFF, 0xFFFF, 0xFFFF, 0xFFFF, 0xFFFF, 0xFFFF, 0xFFFF, 0xFFFF, 0xFFFF, 0xFE9C, 0xC96C, 0xC808, 
0xD829, 0xE009, 0xE009, 0xE009, 0xE009, 0xE009, 0xE009, 0xE009, 0xE009, 0xE009, 0xE009, 0xE009, 0xE009, 0xE009, 0xE009, 0xE009, 
0xE009, 0xE009, 0xE009, 0xE009, 0xE009, 0xE009, 0xE009, 0xE009, 0xE009, 0xE009, 0xE009, 0xE009, 0xE009, 0xE009, 0xE009, 0xE009, 
0xE009, 0xE009, 0xE009, 0xE009, 0xE009, 0xE009, 0xE009, 0xE009, 0xE009, 0xE009, 0xE009, 0xE009, 0xE009, 0xE009, 0xE009, 0xE009, 
0xE009, 0xE009, 0xE009, 0xE009, 0xE009, 0xE009, 0xE009, 0xE009, 0xE009, 0xE009, 0xE009, 0xE009, 0xE009, 0xE009, 0xE009, 0xE009, 
0xE009, 0xE009, 0xE009, 0xE009, 0xE009, 0xE009, 0xE009, 0xE009, 0xE009, 0xE009, 0xE009, 0xE009, 0xE009, 0xE009, 0xE009, 0xE009, 
0xE009, 0xE009, 0xE009, 0xE009, 0xE009, 0xE009, 0xE009, 0xE009, 0xE009, 0xE009, 0xE009, 0xE009, 0xE009, 0xE009, 0xE009, 0xE009, 
0xE009, 0xE009, 0xD809, 0xD029, 0xD809, 0xE809, 0xE009, 0xD809, 0xD809, 0xE009, 0xE009, 0xD809, 0xD809, 0xE009, 0xE009, 0xE009, 
0xE009, 0xE009, 0xE009, 0xE009, 0xE009, 0xD809, 0xD809, 0xD809, 0xD809, 0xD809, 0xD809, 0xD809, 0xE009, 0xE009, 0xE009, 0xE009, 
0xE009, 0xE009, 0xE009, 0xE009, 0xE009, 0xE009, 0xE009, 0xE009, 0xE009, 0xE009, 0xE009, 0xE009, 0xE009, 0xE009, 0xE009, 0xE009, 
0xE009, 0xE009, 0xE009, 0xE009, 0xE009, 0xE009, 0xE009, 0xE009, 0xE009, 0xE009, 0xE009, 0xE009, 0xE009, 0xE009, 0xE009, 0xE009, 
0xE009, 0xE009, 0xE009, 0xE009, 0xE009, 0xE009, 0xE009, 0xE009, 0xE009, 0xE009, 0xE009, 0xE009, 0xE009, 0xE009, 0xE009, 0xE009, 
0xE009, 0xE009, 0xE009, 0xE009, 0xE009, 0xE009, 0xE009, 0xE009, 0xE009, 0xE009, 0xE009, 0xE009, 0xE009, 0xE009, 0xE009, 0xE009, 
0xE009, 0xE009, 0xE009, 0xE009, 0xE009, 0xE009, 0xE009, 0xE009, 0xD809, 0xE00A, 0xD809, 0xD0CB, 0xFEFE, 0xFFFF, 0xFFFF, 0xFFFF, 
0xFFFF, 0xFFFF, 0xFFFF, 0xFFFF, 0xFFFF, 0xFFFF, 0xFFFF, 0xFFFF, 0xFFFF, 0xFFFF, 0xED18, 0xC069, 0xC808, 0xD809, 0xE00A, 0xE00A, 
0xE00A, 0xE00A, 0xE00A, 0xE00A, 0xE00A, 0xE00A, 0xE00A, 0xE00A, 0xE00A, 0xE00A, 0xE00A, 0xE00A, 0xE00A, 0xE00A, 0xE00A, 0xE00A, 
0xE00A, 0xE00A, 0xE00A, 0xE00A, 0xE00A, 0xE00A, 0xE00A, 0xE00A, 0xE00A, 0xE00A, 0xE00A, 0xE00A, 0xE00A, 0xE00A, 0xE00A, 0xE00A, 
0xE00A, 0xE00A, 0xE00A, 0xE00A, 0xE00A, 0xE00A, 0xE00A, 0xE00A, 0xE00A, 0xE00A, 0xE00A, 0xE00A, 0xE00A, 0xE00A, 0xE00A, 0xE00A, 
0xE00A, 0xE00A, 0xE00A, 0xE00A, 0xE00A, 0xE00A, 0xE00A, 0xE00A, 0xE00A, 0xE00A, 0xE00A, 0xE00A, 0xE00A, 0xE00A, 0xE00A, 0xE00A, 
0xE00A, 0xE00A, 0xE00A, 0xE00A, 0xE00A, 0xE00A, 0xE00A, 0xE00A, 0xE00A, 0xE00A, 0xE00A, 0xE00A, 0xE00A, 0xE00A, 0xE00A, 0xE00A, 
0xE00A, 0xE00A, 0xE00A, 0xE00A, 0xE00A, 0xE00A, 0xE00A, 0xE00A, 0xE00A, 0xE00A, 0xE00A, 0xE00A, 0xE00A, 0xE00A, 0xE02A, 0xE02A, 
0xD809, 0xE009, 0xD809, 0xD809, 0xD809, 0xE009, 0xE009, 0xD809, 0xD809, 0xE009, 0xE009, 0xE009, 0xE009, 0xE009, 0xE009, 0xE009, 
0xE009, 0xD809, 0xD809, 0xD809, 0xD809, 0xD809, 0xD809, 0xD809, 0xD809, 0xD809, 0xD809, 0xE009, 0xE009, 0xE009, 0xE009, 0xE009, 
0xE009, 0xE009, 0xE009, 0xE009, 0xE009, 0xE009, 0xE009, 0xE009, 0xE009, 0xE009, 0xE009, 0xE009, 0xE009, 0xE009, 0xE009, 0xE009, 
0xE009, 0xE009, 0xE009, 0xE009, 0xE009, 0xE009, 0xE009, 0xE009, 0xE009, 0xE009, 0xE009, 0xE009, 0xE009, 0xE009, 0xE009, 0xE009, 
0xE009, 0xE009, 0xE009, 0xE009, 0xE009, 0xE009, 0xE009, 0xE009, 0xE009, 0xE009, 0xE009, 0xE009, 0xE009, 0xE009, 0xE009, 0xE009, 
0xE009, 0xE009, 0xE009, 0xE009, 0xE009, 0xE009, 0xE009, 0xE009, 0xE009, 0xE009, 0xE009, 0xE009, 0xE009, 0xE009, 0xE009, 0xE009, 
0xE009, 0xE009, 0xE009, 0xE009, 0xE009, 0xE009, 0xE009, 0xD029, 0xF59A, 0xFFFF, 0xFFDF, 0xFFFF, 0xFFFF, 0xFFFF, 0xFFFF, 0xFFFF, 
0xFFFF, 0xFFFF, 0xFFFF, 0xFFFF, 0xFFFF, 0xFFDF, 0xFF9F, 0xF5BA, 0xCA4F, 0xC86A, 0xD008, 0xD808, 0xD008, 0xD007, 0xD007, 0xD007, 
0xD007, 0xD007, 0xD008, 0xD008, 0xD007, 0xD007, 0xD007, 0xD007, 0xD007, 0xD007, 0xD007, 0xD007, 0xD007, 0xD007, 0xD007, 0xD007, 
0xD007, 0xD007, 0xD007, 0xD007, 0xD007, 0xD007, 0xD007, 0xD007, 0xD007, 0xD007, 0xD007, 0xD007, 0xD007, 0xD007, 0xD007, 0xD007, 
0xD007, 0xD007, 0xD007, 0xD007, 0xD007, 0xD007, 0xD007, 0xD007, 0xD007, 0xD007, 0xD007, 0xD007, 0xD007, 0xD007, 0xD007, 0xD007, 
0xD007, 0xD007, 0xD007, 0xD007, 0xD007, 0xD007, 0xD007, 0xD007, 0xD007, 0xD007, 0xD007, 0xD007, 0xD007, 0xD007, 0xD007, 0xD007, 
0xD007, 0xD007, 0xD007, 0xD007, 0xD007, 0xD007, 0xD007, 0xD007, 0xD007, 0xD007, 0xD007, 0xD007, 0xD007, 0xD007, 0xD007, 0xD007, 
0xD007, 0xD007, 0xD007, 0xD007, 0xD007, 0xD007, 0xD007, 0xD007, 0xD007, 0xD007, 0xD007, 0xD808, 0xD809, 0xE009, 0xD809, 0xE00A, 
0xE009, 0xD809, 0xD809, 0xD809, 0xD809, 0xE009, 0xE009, 0xE009, 0xE009, 0xE009, 0xE009, 0xE009, 0xE009, 0xE009, 0xE009, 0xE009, 
0xD809, 0xD809, 0xD809, 0xD809, 0xD809, 0xD809, 0xD809, 0xE009, 0xE009, 0xE009, 0xE009, 0xE009, 0xE009, 0xE009, 0xE009, 0xE009, 
0xE009, 0xE009, 0xE009, 0xE009, 0xE009, 0xE009, 0xE009, 0xE009, 0xE009, 0xE009, 0xE009, 0xE009, 0xE009, 0xE009, 0xE009, 0xE009, 
0xE009, 0xE009, 0xE009, 0xE009, 0xE009, 0xE009, 0xE009, 0xE009, 0xE009, 0xE009, 0xE009, 0xE009, 0xE009, 0xE009, 0xE009, 0xE009, 
0xE009, 0xE009, 0xE009, 0xE009, 0xE009, 0xE009, 0xE009, 0xE009, 0xE009, 0xE009, 0xE009, 0xE009, 0xE009, 0xE009, 0xE009, 0xE009, 
0xE009, 0xE009, 0xE009, 0xE009, 0xE009, 0xE009, 0xE009, 0xE009, 0xE009, 0xE009, 0xE009, 0xE009, 0xE009, 0xE009, 0xE009, 0xE009, 
0xE009, 0xE009, 0xE80A, 0xD008, 0xDB93, 0xFFFF, 0xFFDF, 0xFFFF, 0xFFFF, 0xFFFF, 0xFFFF, 0xFFFF, 0xFFFF, 0xFFFF, 0xFFFF, 0xFFFF, 
0xFFFF, 0xFFDF, 0xFFDF, 0xFFFF, 0xFF3E, 0xFD9A, 0xE435, 0xDB93, 0xDB32, 0xDB73, 0xDB73, 0xDB73, 0xDB73, 0xDB73, 0xDB73, 0xDB73, 
0xDB73, 0xDB73, 0xDB73, 0xDB73, 0xDB73, 0xDB73, 0xDB73, 0xDB73, 0xDB73, 0xDB73, 0xDB73, 0xDB73, 0xDB73, 0xDB73, 0xDB73, 0xDB73, 
0xDB73, 0xDB73, 0xDB73, 0xDB73, 0xDB73, 0xDB73, 0xDB73, 0xDB73, 0xDB73, 0xDB73, 0xDB73, 0xDB73, 0xDB73, 0xDB73, 0xDB73, 0xDB73, 
0xDB73, 0xDB73, 0xDB73, 0xDB73, 0xDB73, 0xDB73, 0xDB73, 0xDB73, 0xDB73, 0xDB73, 0xDB73, 0xDB73, 0xDB73, 0xDB73, 0xDB73, 0xDB73, 
0xDB73, 0xDB73, 0xDB73, 0xDB73, 0xDB73, 0xDB73, 0xDB73, 0xDB73, 0xDB73, 0xDB73, 0xDB73, 0xDB73, 0xDB73, 0xDB73, 0xDB73, 0xDB73, 
0xDB73, 0xDB73, 0xDB73, 0xDB73, 0xDB73, 0xDB73, 0xDB73, 0xDB73, 0xDB73, 0xDB73, 0xDB73, 0xDB73, 0xDB73, 0xDB73, 0xDB73, 0xDB73, 
0xDB73, 0xDB73, 0xDB73, 0xDB73, 0xDB73, 0xDB73, 0xDB12, 0xDAB0, 0xD20E, 0xC8EB, 0xC008, 0xD009, 0xD809, 0xE00A, 0xE00A, 0xD809, 
0xD809, 0xE009, 0xD809, 0xD809, 0xE009, 0xE009, 0xE009, 0xE009, 0xE009, 0xE009, 0xE009, 0xE009, 0xD809, 0xD809, 0xD809, 0xD809, 
0xD809, 0xD809, 0xD809, 0xE009, 0xE009, 0xE009, 0xE009, 0xE009, 0xE009, 0xE009, 0xE009, 0xE009, 0xE009, 0xE009, 0xE009, 0xE009, 
0xE009, 0xE009, 0xE009, 0xE009, 0xE009, 0xE009, 0xE009, 0xE009, 0xE009, 0xE009, 0xE009, 0xE009, 0xE009, 0xE009, 0xE009, 0xE009, 
0xE009, 0xE009, 0xE009, 0xE009, 0xE009, 0xE009, 0xE009, 0xE009, 0xE009, 0xE009, 0xE009, 0xE009, 0xE009, 0xE009, 0xE009, 0xE009, 
0xE009, 0xE009, 0xE009, 0xE009, 0xE009, 0xE009, 0xE009, 0xE009, 0xE009, 0xE009, 0xE009, 0xE009, 0xE009, 0xE009, 0xE009, 0xE009, 
0xE009, 0xE009, 0xE009, 0xE009, 0xE009, 0xE009, 0xE009, 0xE009, 0xE009, 0xE009, 0xE009, 0xE009, 0xE009, 0xE009, 0xE80A, 0xD009, 
0xC1AD, 0xFF1E, 0xFFFF, 0xFFFF, 0xFFFF, 0xFFFF, 0xFFFF, 0xFFFF, 0xFFFF, 0xFFFF, 0xFFFF, 0xFFFF, 0xFFFF, 0xFFFF, 0xFFFF, 0xFFFF, 
0xFFFF, 0xFFFF, 0xFFFF, 0xFFFF, 0xFFFF, 0xFFFF, 0xFFFF, 0xFFFF, 0xFFFF, 0xFFFF, 0xFFFF, 0xFFFF, 0xFFFF, 0xFFFF, 0xFFFF, 0xFFFF, 
0xFFFF, 0xFFFF, 0xFFFF, 0xFFFF, 0xFFFF, 0xFFFF, 0xFFFF, 0xFFFF, 0xFFFF, 0xFFFF, 0xFFFF, 0xFFFF, 0xFFFF, 0xFFFF, 0xFFFF, 0xFFFF, 
0xFFFF, 0xFFFF, 0xFFFF, 0xFFFF, 0xFFFF, 0xFFFF, 0xFFFF, 0xFFFF, 0xFFFF, 0xFFFF, 0xFFFF, 0xFFFF, 0xFFFF, 0xFFFF, 0xFFFF, 0xFFFF, 
0xFFFF, 0xFFFF, 0xFFFF, 0xFFFF, 0xFFFF, 0xFFFF, 0xFFFF, 0xFFFF, 0xFFFF, 0xFFFF, 0xFFFF, 0xFFFF, 0xFFFF, 0xFFFF, 0xFFFF, 0xFFFF, 
0xFFFF, 0xFFFF, 0xFFFF, 0xFFFF, 0xFFFF, 0xFFFF, 0xFFFF, 0xFFFF, 0xFFFF, 0xFFFF, 0xFFFF, 0xFFFF, 0xFFFF, 0xFFFF, 0xFFFF, 0xFFFF, 
0xFFFF, 0xFFFF, 0xFFFF, 0xFFFF, 0xFFFF, 0xFFFF, 0xFFFF, 0xFFFF, 0xFFFF, 0xFFFF, 0xFFFF, 0xFFFF, 0xFFFF, 0xFFFF, 0xFFFF, 0xFFFF, 
0xFFFF, 0xFFFF, 0xFFFF, 0xFFBF, 0xFF3E, 0xF67D, 0xF539, 0xE311, 0xC94C, 0xC829, 0xD009, 0xE009, 0xE009, 0xD809, 0xD809, 0xD809, 
0xD809, 0xE009, 0xE009, 0xE009, 0xE009, 0xE009, 0xE009, 0xE009, 0xD809, 0xD809, 0xD809, 0xD809, 0xD809, 0xD809, 0xD809, 0xE009, 
0xE009, 0xE009, 0xE009, 0xE009, 0xE009, 0xE009, 0xE009, 0xE009, 0xE009, 0xE009, 0xE009, 0xE009, 0xE009, 0xE009, 0xE009, 0xE009, 
0xE009, 0xE009, 0xE009, 0xE009, 0xE009, 0xE009, 0xE009, 0xE009, 0xE009, 0xE009, 0xE009, 0xE009, 0xE009, 0xE009, 0xE009, 0xE009, 
0xE009, 0xE009, 0xE009, 0xE009, 0xE009, 0xE009, 0xE009, 0xE009, 0xE009, 0xE009, 0xE009, 0xE009, 0xE009, 0xE009, 0xE009, 0xE009, 
0xE009, 0xE009, 0xE009, 0xE009, 0xE009, 0xE009, 0xE009, 0xE009, 0xE009, 0xE009, 0xE009, 0xE009, 0xE009, 0xE009, 0xE009, 0xE009, 
0xE009, 0xE009, 0xE009, 0xE009, 0xE009, 0xE009, 0xE009, 0xE009, 0xE009, 0xD809, 0xD809, 0xD029, 0xC028, 0xECF8, 0xFFFF, 0xFFDF, 
0xFFFF, 0xFFFF, 0xFFFF, 0xFFFF, 0xFFFF, 0xFFFF, 0xFFFF, 0xFFFF, 0xFFFF, 0xFFFF, 0xFFFF, 0xFFFF, 0xFFFF, 0xFFFF, 0xFFFF, 0xFFFF, 
0xFFFF, 0xFFFF, 0xFFFF, 0xFFFF, 0xFFFF, 0xFFFF, 0xFFFF, 0xFFFF, 0xFFFF, 0xFFFF, 0xFFFF, 0xFFFF, 0xFFFF, 0xFFFF, 0xFFFF, 0xFFFF, 
0xFFFF, 0xFFFF, 0xFFFF, 0xFFFF, 0xFFFF, 0xFFFF, 0xFFFF, 0xFFFF, 0xFFFF, 0xFFFF, 0xFFFF, 0xFFFF, 0xFFFF, 0xFFFF, 0xFFFF, 0xFFFF, 
0xFFFF, 0xFFFF, 0xFFFF, 0xFFFF, 0xFFFF, 0xFFFF, 0xFFFF, 0xFFFF, 0xFFFF, 0xFFFF, 0xFFFF, 0xFFFF, 0xFFFF, 0xFFFF, 0xFFFF, 0xFFFF, 
0xFFFF, 0xFFFF, 0xFFFF, 0xFFFF, 0xFFFF, 0xFFFF, 0xFFFF, 0xFFFF, 0xFFFF, 0xFFFF, 0xFFFF, 0xFFFF, 0xFFFF, 0xFFFF, 0xFFFF, 0xFFFF, 
0xFFFF, 0xFFFF, 0xFFFF, 0xFFFF, 0xFFFF, 0xFFFF, 0xFFFF, 0xFFFF, 0xFFFF, 0xFFFF, 0xFFFF, 0xFFFF, 0xFFFF, 0xFFFF, 0xFFFF, 0xFFFF, 
0xFFFF, 0xFFFF, 0xFFFF, 0xFFFF, 0xFFFF, 0xFFFF, 0xFFFF, 0xFFFF, 0xFFFF, 0xFFDF, 0xFFDF, 0xFFDF, 0xFFDF, 0xFFDF, 0xFFFF, 0xFFFF, 
0xFFFF, 0xFFFF, 0xFFFF, 0xFFFF, 0xFF5E, 0xE4D7, 0xD9EE, 0xD009, 0xD809, 0xE009, 0xE009, 0xE009, 0xD809, 0xD809, 0xE009, 0xE009, 
0xE009, 0xE009, 0xE009, 0xE009, 0xE009, 0xE009, 0xE009, 0xD809, 0xD809, 0xD809, 0xD809, 0xE009, 0xE009, 0xE009, 0xE009, 0xE009, 
0xE009, 0xE009, 0xE009, 0xE009, 0xE009, 0xE009, 0xE009, 0xE009, 0xE009, 0xE009, 0xE009, 0xE009, 0xE009, 0xE009, 0xE009, 0xE009, 
0xE009, 0xE009, 0xE009, 0xE009, 0xE009, 0xE009, 0xE009, 0xE009, 0xE009, 0xE009, 0xE009, 0xE009, 0xE009, 0xE009, 0xE009, 0xE009, 
0xE009, 0xE009, 0xE009, 0xE009, 0xE009, 0xE009, 0xE009, 0xE009, 0xE009, 0xE009, 0xE009, 0xE009, 0xE009, 0xE009, 0xE009, 0xE009, 
0xE009, 0xE009, 0xE009, 0xE009, 0xE009, 0xE009, 0xE009, 0xE009, 0xE009, 0xE009, 0xE009, 0xE009, 0xE009, 0xE009, 0xE009, 0xE009, 
0xE009, 0xE009, 0xE009, 0xE009, 0xE009, 0xD809, 0xD829, 0xD82A, 0xD009, 0xD24F, 0xFF3F, 0xFFDF, 0xFFFF, 0xFFFF, 0xFFFF, 0xFFFF, 
0xFFFF, 0xFFFF, 0xFFFF, 0xFFFF, 0xFFFF, 0xFFFF, 0xFFFF, 0xFFFF, 0xFFFF, 0xFFFF, 0xFFFF, 0xFFFF, 0xFFFF, 0xFFFF, 0xFFFF, 0xFFFF, 
0xFFFF, 0xFFFF, 0xFFFF, 0xFFFF, 0xFFFF, 0xFFFF, 0xFFFF, 0xFFFF, 0xFFFF, 0xFFFF, 0xFFFF, 0xFFFF, 0xFFFF, 0xFFFF, 0xFFFF, 0xFFFF, 
0xFFFF, 0xFFFF, 0xFFFF, 0xFFFF, 0xFFFF, 0xFFFF, 0xFFFF, 0xFFFF, 0xFFFF, 0xFFFF, 0xFFFF, 0xFFFF, 0xFFFF, 0xFFFF, 0xFFFF, 0xFFFF, 
0xFFFF, 0xFFFF, 0xFFFF, 0xFFFF, 0xFFFF, 0xFFFF, 0xFFFF, 0xFFFF, 0xFFFF, 0xFFFF, 0xFFFF, 0xFFFF, 0xFFFF, 0xFFFF, 0xFFFF, 0xFFFF, 
0xFFFF, 0xFFFF, 0xFFFF, 0xFFFF, 0xFFFF, 0xFFFF, 0xFFFF, 0xFFFF, 0xFFFF, 0xFFFF, 0xFFFF, 0xFFFF, 0xFFFF, 0xFFFF, 0xFFFF, 0xFFFF, 
0xFFFF, 0xFFFF, 0xFFFF, 0xFFFF, 0xFFFF, 0xFFFF, 0xFFFF, 0xFFFF, 0xFFFF, 0xFFFF, 0xFFFF, 0xFFFF, 0xFFFF, 0xFFFF, 0xFFFF, 0xFFFF, 
0xFFFF, 0xFFFF, 0xFFFF, 0xFFFF, 0xFFFF, 0xFFFF, 0xFFFF, 0xFFFF, 0xFFFF, 0xFFFF, 0xFFFF, 0xFFFF, 0xFFFF, 0xFFFF, 0xFFFF, 0xFFFF, 
0xFFDF, 0xFFFF, 0xFF3F, 0xEC96, 0xC92C, 0xD809, 0xD809, 0xD809, 0xD809, 0xD809, 0xE009, 0xE009, 0xE009, 0xE009, 0xE009, 0xE009, 
0xE009, 0xE009, 0xE009, 0xD809, 0xD809, 0xD809, 0xD809, 0xE009, 0xE009, 0xE009, 0xE009, 0xE009, 0xE009, 0xE009, 0xE009, 0xE009, 
0xE009, 0xE009, 0xE009, 0xE009, 0xE009, 0xE009, 0xE009, 0xE009, 0xE009, 0xE009, 0xE009, 0xE009, 0xE009, 0xE009, 0xE009, 0xE009, 
0xE009, 0xE009, 0xE009, 0xE009, 0xE009, 0xE009, 0xE009, 0xE009, 0xE009, 0xE009, 0xE009, 0xE009, 0xE009, 0xE009, 0xE009, 0xE009, 
0xE009, 0xE009, 0xE009, 0xE009, 0xE009, 0xE009, 0xE009, 0xE009, 0xE009, 0xE009, 0xE009, 0xE009, 0xE009, 0xE009, 0xE009, 0xE009, 
0xE009, 0xE009, 0xE009, 0xE009, 0xE009, 0xE009, 0xE009, 0xE009, 0xE009, 0xE009, 0xE009, 0xE009, 0xE009, 0xE009, 0xE009, 0xE009, 
0xE009, 0xD809, 0xD809, 0xD809, 0xD809, 0xC808, 0xEC77, 0xFFFF, 0xFFDF, 0xFFDF, 0xFFFF, 0xFFFF, 0xFFFF, 0xFFFF, 0xFFFF, 0xFFFF, 
0xFFFF, 0xFFFF, 0xFFFF, 0xFFFF, 0xFFFF, 0xFFFF, 0xFFFF, 0xFFFF, 0xFFFF, 0xFFFF, 0xFFFF, 0xFFFF, 0xFFFF, 0xFFFF, 0xFFFF, 0xFFFF, 
0xFFFF, 0xFFFF, 0xFFFF, 0xFFFF, 0xFFFF, 0xFFFF, 0xFFFF, 0xFFFF, 0xFFFF, 0xFFFF, 0xFFFF, 0xFFFF, 0xFFFF, 0xFFFF, 0xFFFF, 0xFFFF, 
0xFFFF, 0xFFFF, 0xFFFF, 0xFFFF, 0xFFFF, 0xFFFF, 0xFFFF, 0xFFFF, 0xFFFF, 0xFFFF, 0xFFFF, 0xFFFF, 0xFFFF, 0xFFFF, 0xFFFF, 0xFFFF, 
0xFFFF, 0xFFFF, 0xFFFF, 0xFFFF, 0xFFFF, 0xFFFF, 0xFFFF, 0xFFFF, 0xFFFF, 0xFFFF, 0xFFFF, 0xFFFF, 0xFFFF, 0xFFFF, 0xFFFF, 0xFFFF, 
0xFFFF, 0xFFFF, 0xFFFF, 0xFFFF, 0xFFFF, 0xFFFF, 0xFFFF, 0xFFFF, 0xFFFF, 0xFFFF, 0xFFFF, 0xFFFF, 0xFFFF, 0xFFFF, 0xFFFF, 0xFFFF, 
0xFFFF, 0xFFFF, 0xFFFF, 0xFFFF, 0xFFFF, 0xFFFF, 0xFFFF, 0xFFFF, 0xFFFF, 0xFFFF, 0xFFFF, 0xFFFF, 0xFFFF, 0xFFFF, 0xFFFF, 0xFFFF, 
0xFFFF, 0xFFFF, 0xFFFF, 0xFFFF, 0xFFFF, 0xFFFF, 0xFFFF, 0xFFFF, 0xFFFF, 0xFFFF, 0xFFFF, 0xFFFF, 0xF7FF, 0xF7FF, 0xFFFF, 0xFFFF, 
0xFE7D, 0xDA90, 0xC808, 0xE02A, 0xD809, 0xD809, 0xE009, 0xE009, 0xE009, 0xE009, 0xE009, 0xE009, 0xE009, 0xE009, 0xE009, 0xD809, 
0xD809, 0xD809, 0xD809, 0xE009, 0xE009, 0xE009, 0xE009, 0xE009, 0xE009, 0xE009, 0xE009, 0xE009, 0xE009, 0xE009, 0xE009, 0xE009, 
0xE009, 0xE009, 0xE009, 0xE009, 0xE009, 0xE009, 0xE009, 0xE009, 0xE009, 0xE009, 0xE009, 0xE009, 0xE009, 0xE009, 0xE009, 0xE009, 
0xE009, 0xE009, 0xE009, 0xE009, 0xE009, 0xE009, 0xE009, 0xE009, 0xE009, 0xE009, 0xE009, 0xE009, 0xE009, 0xE009, 0xE009, 0xE009, 
0xE009, 0xE009, 0xE009, 0xE009, 0xE009, 0xE009, 0xE009, 0xE009, 0xE009, 0xE009, 0xE009, 0xE009, 0xE009, 0xE009, 0xE009, 0xE009, 
0xE009, 0xE009, 0xE009, 0xE009, 0xE009, 0xE009, 0xE009, 0xE009, 0xE009, 0xE009, 0xE009, 0xE009, 0xE009, 0xE009, 0xD809, 0xE009, 
0xE00A, 0xD809, 0xD12C, 0xFEDE, 0xFFDF, 0xFF9F, 0xFFDF, 0xFFFF, 0xFFFF, 0xFFFF, 0xFFFF, 0xFFFF, 0xFFFF, 0xFFFF, 0xFFFF, 0xFFFF, 
0xFFFF, 0xFFFF, 0xFFFF, 0xFFFF, 0xFFFF, 0xFFFF, 0xFFFF, 0xFFFF, 0xFFFF, 0xFFFF, 0xFFFF, 0xFFFF, 0xFFFF, 0xFFFF, 0xFFFF, 0xFFFF, 
0xFFFF, 0xFFFF, 0xFFFF, 0xFFFF, 0xFFFF, 0xFFFF, 0xFFFF, 0xFFFF, 0xFFFF, 0xFFFF, 0xFFFF, 0xFFFF, 0xFFFF, 0xFFFF, 0xFFFF, 0xFFFF, 
0xFFFF, 0xFFFF, 0xFFFF, 0xFFFF, 0xFFFF, 0xFFFF, 0xFFFF, 0xFFFF, 0xFFFF, 0xFFFF, 0xFFFF, 0xFFFF, 0xFFFF, 0xFFFF, 0xFFFF, 0xFFFF, 
0xFFFF, 0xFFFF, 0xFFFF, 0xFFFF, 0xFFFF, 0xFFFF, 0xFFFF, 0xFFFF, 0xFFFF, 0xFFFF, 0xFFFF, 0xFFFF, 0xFFFF, 0xFFFF, 0xFFFF, 0xFFFF, 
0xFFFF, 0xFFFF, 0xFFFF, 0xFFFF, 0xFFFF, 0xFFFF, 0xFFFF, 0xFFFF, 0xFFFF, 0xFFFF, 0xFFFF, 0xFFFF, 0xFFFF, 0xFFFF, 0xFFFF, 0xFFFF, 
0xFFFF, 0xFFFF, 0xFFFF, 0xFFFF, 0xFFFF, 0xFFFF, 0xFFFF, 0xFFFF, 0xFFFF, 0xFFFF, 0xFFFF, 0xFFFF, 0xFFFF, 0xFFFF, 0xFFFF, 0xFFFF, 
0xFFFF, 0xFFFF, 0xFFFF, 0xFFFF, 0xFFFF, 0xFFFF, 0xFFFF, 0xFFFF, 0xFFFF, 0xF7FF, 0xF7FF, 0xFFDF, 0xFFFF, 0xFF5F, 0xE373, 0xC829, 
0xE02A, 0xD809, 0xD809, 0xE00A, 0xE009, 0xE009, 0xE009, 0xE009, 0xE009, 0xE009, 0xE009, 0xD809, 0xD809, 0xD809, 0xD809, 0xE009, 
0xE009, 0xE009, 0xE009, 0xE009, 0xE009, 0xE009, 0xE009, 0xE009, 0xE009, 0xE009, 0xE009, 0xE009, 0xE009, 0xE009, 0xE009, 0xE009, 
0xE009, 0xE009, 0xE009, 0xE009, 0xE009, 0xE009, 0xE009, 0xE009, 0xE009, 0xE009, 0xE009, 0xE009, 0xE009, 0xE009, 0xE009, 0xE009, 
0xE009, 0xE009, 0xE009, 0xE009, 0xE009, 0xE009, 0xE009, 0xE009, 0xE009, 0xE009, 0xE009, 0xE009, 0xE009, 0xE009, 0xE009, 0xE009, 
0xE009, 0xE009, 0xE009, 0xE009, 0xE009, 0xE009, 0xE009, 0xE009, 0xE009, 0xE009, 0xE009, 0xE009, 0xE009, 0xE009, 0xE009, 0xE009, 
0xE009, 0xE009, 0xE009, 0xE009, 0xE009, 0xE009, 0xE009, 0xE009, 0xE009, 0xE009, 0xE009, 0xD809, 0xD82A, 0xE02A, 0xD008, 0xDAD1, 
0xFF9F, 0xFFBF, 0xFFDF, 0xFFFF, 0xFFFF, 0xFFFF, 0xFFFF, 0xFFFF, 0xFFFF, 0xFFFF, 0xFFFF, 0xFFFF, 0xFFFF, 0xFFFF, 0xFFFF, 0xFFFF, 
0xFFFF, 0xFFFF, 0xFFFF, 0xFFFF, 0xFFFF, 0xFFFF, 0xFFFF, 0xFFFF, 0xFFFF, 0xFFFF, 0xFFFF, 0xFFFF, 0xFFFF, 0xFFFF, 0xFFFF, 0xFFFF, 
0xFFFF, 0xFFFF, 0xFFFF, 0xFFFF, 0xFFFF, 0xFFFF, 0xFFFF, 0xFFFF, 0xFFFF, 0xFFFF, 0xFFFF, 0xFFFF, 0xFFFF, 0xFFFF, 0xFFFF, 0xFFFF, 
0xFFFF, 0xFFFF, 0xFFFF, 0xFFFF, 0xFFFF, 0xFFFF, 0xFFFF, 0xFFFF, 0xFFFF, 0xFFFF, 0xFFFF, 0xFFFF, 0xFFFF, 0xFFFF, 0xFFFF, 0xFFFF, 
0xFFFF, 0xFFFF, 0xFFFF, 0xFFFF, 0xFFFF, 0xFFFF, 0xFFFF, 0xFFFF, 0xFFFF, 0xFFFF, 0xFFFF, 0xFFFF, 0xFFFF, 0xFFFF, 0xFFFF, 0xFFFF, 
0xFFFF, 0xFFFF, 0xFFFF, 0xFFFF, 0xFFFF, 0xFFFF, 0xFFFF, 0xFFFF, 0xFFFF, 0xFFFF, 0xFFFF, 0xFFFF, 0xFFFF, 0xFFFF, 0xFFFF, 0xFFFF, 
0xFFFF, 0xFFFF, 0xFFFF, 0xFFFF, 0xFFFF, 0xFFFF, 0xFFFF, 0xFFFF, 0xFFFF, 0xFFFF, 0xFFFF, 0xFFFF, 0xFFFF, 0xFFFF, 0xFFFF, 0xFFFF, 
0xFFFF, 0xFFFF, 0xFFFF, 0xFFFF, 0xFFFF, 0xFFDF, 0xFFDF, 0xFFFF, 0xFFBF, 0xFFDF, 0xFFDF, 0xF3B4, 0xD009, 0xD008, 0xE009, 0xE009, 
0xE009, 0xE009, 0xE009, 0xE009, 0xE009, 0xE009, 0xE009, 0xD809, 0xD809, 0xD809, 0xD809, 0xE009, 0xE009, 0xE009, 0xE009, 0xE009, 
0xE009, 0xE009, 0xE009, 0xE009, 0xE009, 0xE009, 0xE009, 0xE009, 0xE009, 0xE009, 0xE009, 0xE009, 0xE009, 0xE009, 0xE009, 0xE009, 
0xE009, 0xE009, 0xE009, 0xE009, 0xE009, 0xE009, 0xE009, 0xE009, 0xE009, 0xE009, 0xE009, 0xE009, 0xE009, 0xE009, 0xE009, 0xE009, 
0xE009, 0xE009, 0xE009, 0xE009, 0xE009, 0xE009, 0xE009, 0xE009, 0xE009, 0xE009, 0xE009, 0xE009, 0xE009, 0xE009, 0xE009, 0xE009, 
0xE009, 0xE009, 0xE009, 0xE009, 0xE009, 0xE009, 0xE009, 0xE009, 0xE009, 0xE009, 0xE009, 0xE009, 0xE009, 0xE009, 0xE009, 0xE009, 
0xE009, 0xE009, 0xE009, 0xE009, 0xE009, 0xE009, 0xE009, 0xD809, 0xE009, 0xE00A, 0xE02A, 0xC829, 0xE3F4, 0xFFBF, 0xFFBF, 0xFFFF, 
0xFFFF, 0xFFFF, 0xFFFF, 0xFFFF, 0xFFFF, 0xFFFF, 0xFFFF, 0xFFFF, 0xFFFF, 0xFFFF, 0xFFFF, 0xFFFF, 0xFFFF, 0xFFFF, 0xFFFF, 0xFFFF, 
0xFFFF, 0xFFFF, 0xFFFF, 0xFFFF, 0xFFFF, 0xFFFF, 0xFFFF, 0xFFFF, 0xFFFF, 0xFFFF, 0xFFFF, 0xFFFF, 0xFFFF, 0xFFFF, 0xFFFF, 0xFFFF, 
0xFFFF, 0xFFFF, 0xFFFF, 0xFFFF, 0xFFFF, 0xFFFF, 0xFFFF, 0xFFFF, 0xFFFF, 0xFFFF, 0xFFFF, 0xFFFF, 0xFFFF, 0xFFFF, 0xFFFF, 0xFFFF, 
0xFFFF, 0xFFFF, 0xFFFF, 0xFFFF, 0xFFFF, 0xFFFF, 0xFFFF, 0xFFFF, 0xFFFF, 0xFFFF, 0xFFFF, 0xFFFF, 0xFFFF, 0xFFFF, 0xFFFF, 0xFFFF, 
0xFFFF, 0xFFFF, 0xFFFF, 0xFFFF, 0xFFFF, 0xFFFF, 0xFFFF, 0xFFFF, 0xFFFF, 0xFFFF, 0xFFFF, 0xFFFF, 0xFFFF, 0xFFFF, 0xFFFF, 0xFFFF, 
0xFFFF, 0xFFFF, 0xFFFF, 0xFFFF, 0xFFFF, 0xFFFF, 0xFFFF, 0xFFFF, 0xFFFF, 0xFFFF, 0xFFFF, 0xFFFF, 0xFFFF, 0xFFFF, 0xFFFF, 0xFFFF, 
0xFFFF, 0xFFFF, 0xFFFF, 0xFFFF, 0xFFFF, 0xFFFF, 0xFFFF, 0xFFFF, 0xFFFF, 0xFFFF, 0xFFFF, 0xFFFF, 0xFFFF, 0xFFFF, 0xFFFF, 0xFFFF, 
0xFFFF, 0xFFFF, 0xFFFF, 0xFFFF, 0xFFFF, 0xFFDF, 0xFFFF, 0xFFBF, 0xDB32, 0xC808, 0xE00A, 0xE009, 0xE009, 0xE009, 0xE009, 0xE009, 
0xD809, 0xD809, 0xD809, 0xD809, 0xD809, 0xD809, 0xD809, 0xE009, 0xE009, 0xE009, 0xE009, 0xE009, 0xE009, 0xE009, 0xE009, 0xE009, 
0xE009, 0xE009, 0xE009, 0xE009, 0xE009, 0xE009, 0xE009, 0xE009, 0xE009, 0xE009, 0xE009, 0xE009, 0xE009, 0xE009, 0xE009, 0xE009, 
0xE009, 0xE009, 0xE009, 0xE009, 0xE009, 0xE009, 0xE009, 0xE009, 0xE009, 0xE009, 0xE009, 0xE009, 0xE009, 0xE009, 0xE009, 0xE009, 
0xE009, 0xE009, 0xE009, 0xE009, 0xE009, 0xE009, 0xE009, 0xE009, 0xE009, 0xE009, 0xE009, 0xE009, 0xE009, 0xE009, 0xE009, 0xE009, 
0xE009, 0xE009, 0xE009, 0xE009, 0xE009, 0xE009, 0xE009, 0xE009, 0xE009, 0xE009, 0xE009, 0xE009, 0xE009, 0xE009, 0xE009, 0xE009, 
0xE009, 0xE009, 0xE009, 0xE009, 0xE009, 0xE009, 0xE00A, 0xD829, 0xC829, 0xF436, 0xFFBF, 0xFFFF, 0xFFFF, 0xFFFF, 0xFFFF, 0xFFFF, 
0xFFFF, 0xFFFF, 0xFFFF, 0xFFFF, 0xFFFF, 0xFFFF, 0xFFFF, 0xFFFF, 0xFFFF, 0xFFFF, 0xFFFF, 0xFFFF, 0xFFFF, 0xFFFF, 0xFFFF, 0xFFFF, 
0xFFFF, 0xFFFF, 0xFFFF, 0xFFFF, 0xFFFF, 0xFFFF, 0xFFFF, 0xFFFF, 0xFFFF, 0xFFFF, 0xFFFF, 0xFFFF, 0xFFFF, 0xFFFF, 0xFFFF, 0xFFFF, 
0xFFFF, 0xFFFF, 0xFFFF, 0xFFFF, 0xFFFF, 0xFFFF, 0xFFFF, 0xFFFF, 0xFFFF, 0xFFFF, 0xFFFF, 0xFFFF, 0xFFFF, 0xFFFF, 0xFFFF, 0xFFFF, 
0xFFFF, 0xFFFF, 0xFFFF, 0xFFFF, 0xFFFF, 0xFFFF, 0xFFFF, 0xFFFF, 0xFFFF, 0xFFFF, 0xFFFF, 0xFFFF, 0xFFFF, 0xFFFF, 0xFFFF, 0xFFFF, 
0xFFFF, 0xFFFF, 0xFFFF, 0xFFFF, 0xFFFF, 0xFFFF, 0xFFFF, 0xFFFF, 0xFFFF, 0xFFFF, 0xFFFF, 0xFFFF, 0xFFFF, 0xFFFF, 0xFFFF, 0xFFFF, 
0xFFFF, 0xFFFF, 0xFFFF, 0xFFFF, 0xFFFF, 0xFFFF, 0xFFFF, 0xFFFF, 0xFFFF, 0xFFFF, 0xFFFF, 0xFFFF, 0xFFFF, 0xFFFF, 0xFFFF, 0xFFFF, 
0xFFFF, 0xFFFF, 0xFFFF, 0xFFFF, 0xFFFF, 0xFFFF, 0xFFFF, 0xFFFF, 0xFFFF, 0xFFFF, 0xFFFF, 0xFFFF, 0xFFFF, 0xFFFF, 0xFFFF, 0xFFFF, 
0xFFFF, 0xFFFF, 0xFFDF, 0xFFFF, 0xFF1E, 0xDA2F, 0xD808, 0xE00A, 0xE009, 0xD809, 0xD809, 0xD809, 0xD809, 0xD809, 0xD809, 0xD809, 
0xD809, 0xD809, 0xD809, 0xE009, 0xE009, 0xE009, 0xE009, 0xE009, 0xE009, 0xE009, 0xE009, 0xE009, 0xE009, 0xE009, 0xE009, 0xE009, 
0xE009, 0xE009, 0xE009, 0xE009, 0xE009, 0xE009, 0xE009, 0xE009, 0xE009, 0xE009, 0xE009, 0xE009, 0xE009, 0xE009, 0xE009, 0xE009, 
0xE009, 0xE009, 0xE009, 0xE009, 0xE009, 0xE009, 0xE009, 0xE009, 0xE009, 0xE009, 0xE009, 0xE009, 0xE009, 0xE009, 0xE009, 0xE009, 
0xE009, 0xE009, 0xE009, 0xE009, 0xE009, 0xE009, 0xE009, 0xE009, 0xE009, 0xE009, 0xE009, 0xE009, 0xE009, 0xE009, 0xE009, 0xE009, 
0xE009, 0xE009, 0xE009, 0xE009, 0xE009, 0xE009, 0xE009, 0xE009, 0xE009, 0xE009, 0xE009, 0xE009, 0xE009, 0xE009, 0xE009, 0xE009, 
0xE009, 0xE009, 0xD809, 0xD809, 0xE009, 0xC849, 0xE3D4, 0xFF7F, 0xFFFF, 0xFFFF, 0xFFFF, 0xFFFF, 0xFFFF, 0xFFFF, 0xFFFF, 0xFFFF, 
0xFFFF, 0xFFFF, 0xFFFF, 0xFFFF, 0xFFFF, 0xFFFF, 0xFFFF, 0xFFFF, 0xFFFF, 0xFFFF, 0xFFFF, 0xFFFF, 0xFFFF, 0xFFFF, 0xFFFF, 0xFFFF, 
0xFFFF, 0xFFFF, 0xFFFF, 0xFFFF, 0xFFFF, 0xFFFF, 0xFFFF, 0xFFFF, 0xFFFF, 0xFFFF, 0xFFFF, 0xFFFF, 0xFFFF, 0xFFFF, 0xFFFF, 0xFFFF, 
0xFFFF, 0xFFFF, 0xFFFF, 0xFFFF, 0xFFFF, 0xFFFF, 0xFFFF, 0xFFFF, 0xFFFF, 0xFFFF, 0xFFFF, 0xFFFF, 0xFFFF, 0xFFFF, 0xFFFF, 0xFFFF, 
0xFFFF, 0xFFFF, 0xFFFF, 0xFFFF, 0xFFFF, 0xFFFF, 0xFFFF, 0xFFFF, 0xFFFF, 0xFFFF, 0xFFFF, 0xFFFF, 0xFFFF, 0xFFFF, 0xFFFF, 0xFFFF, 
0xFFFF, 0xFFFF, 0xFFFF, 0xFFFF, 0xFFFF, 0xFFFF, 0xFFFF, 0xFFFF, 0xFFFF, 0xFFFF, 0xFFFF, 0xFFFF, 0xFFFF, 0xFFFF, 0xFFFF, 0xFFFF, 
0xFFFF, 0xFFFF, 0xFFFF, 0xFFFF, 0xFFFF, 0xFFFF, 0xFFFF, 0xFFFF, 0xFFFF, 0xFFFF, 0xFFFF, 0xFFFF, 0xFFFF, 0xFFFF, 0xFFFF, 0xFFFF, 
0xFFFF, 0xFFFF, 0xFFFF, 0xFFFF, 0xFFFF, 0xFFFF, 0xFFFF, 0xFFFF, 0xFFFF, 0xFFFF, 0xFFFF, 0xFFFF, 0xFFFF, 0xFFFF, 0xFFFF, 0xFFFF, 
0xFFFF, 0xFE1C, 0xD0CB, 0xD809, 0xE00A, 0xD809, 0xD809, 0xD809, 0xD809, 0xD809, 0xD809, 0xD809, 0xD809, 0xD809, 0xD809, 0xE009, 
0xE009, 0xE009, 0xE009, 0xE009, 0xE009, 0xE009, 0xE009, 0xE009, 0xE009, 0xE009, 0xE009, 0xE009, 0xE009, 0xE009, 0xE009, 0xE009, 
0xE009, 0xE009, 0xE009, 0xE009, 0xE009, 0xE009, 0xE009, 0xE009, 0xE009, 0xE009, 0xE009, 0xE009, 0xE009, 0xE009, 0xE009, 0xE009, 
0xE009, 0xE009, 0xE009, 0xE009, 0xE009, 0xE009, 0xE009, 0xE009, 0xE009, 0xE009, 0xE009, 0xE009, 0xE009, 0xE009, 0xE009, 0xE009, 
0xE009, 0xE009, 0xE009, 0xE009, 0xE009, 0xE009, 0xE009, 0xE009, 0xE009, 0xE009, 0xE009, 0xE009, 0xE009, 0xE009, 0xE009, 0xE009, 
0xE009, 0xE009, 0xE009, 0xE009, 0xE009, 0xE009, 0xE009, 0xE009, 0xE009, 0xE009, 0xE009, 0xE009, 0xE009, 0xE009, 0xE009, 0xE009, 
0xE009, 0xD829, 0xC028, 0xD2B0, 0xFE9C, 0xFFFF, 0xFFFF, 0xFFFF, 0xFFFF, 0xFFFF, 0xFFFF, 0xFFFF, 0xFFFF, 0xFFFF, 0xFFFF, 0xFFFF, 
0xFFFF, 0xFFFF, 0xFFFF, 0xFFFF, 0xFFFF, 0xFFFF, 0xFFFF, 0xFFFF, 0xFFFF, 0xFFFF, 0xFFFF, 0xFFFF, 0xFFFF, 0xFFFF, 0xFFFF, 0xFFFF, 
0xFFFF, 0xFFFF, 0xFFFF, 0xFFFF, 0xFFFF, 0xFFFF, 0xFFFF, 0xFFFF, 0xFFFF, 0xFFFF, 0xFFFF, 0xFFFF, 0xFFFF, 0xFFFF, 0xFFFF, 0xFFFF, 
0xFFFF, 0xFFFF, 0xFFFF, 0xFFFF, 0xFFFF, 0xFFFF, 0xFFFF, 0xFFFF, 0xFFFF, 0xFFFF, 0xFFFF, 0xFFFF, 0xFFFF, 0xFFFF, 0xFFFF, 0xFFFF, 
0xFFFF, 0xFFFF, 0xFFFF, 0xFFFF, 0xFFFF, 0xFFFF, 0xFFFF, 0xFFFF, 0xFFFF, 0xFFFF, 0xFFFF, 0xFFFF, 0xFFFF, 0xFFFF, 0xFFFF, 0xFFFF, 
0xFFFF, 0xFFFF, 0xFFFF, 0xFFFF, 0xFFFF, 0xFFFF, 0xFFFF, 0xFFFF, 0xFFFF, 0xFFFF, 0xFFFF, 0xFFFF, 0xFFFF, 0xFFFF, 0xFFFF, 0xFFFF, 
0xFFFF, 0xFFFF, 0xFFFF, 0xFFFF, 0xFFFF, 0xFFFF, 0xFFFF, 0xFFFF, 0xFFFF, 0xFFFF, 0xFFFF, 0xFFFF, 0xFFFF, 0xFFFF, 0xFFFF, 0xFFFF, 
0xFFFF, 0xFFFF, 0xFFFF, 0xFFFF, 0xFFFF, 0xFFFF, 0xFFFF, 0xFFFF, 0xFFFF, 0xFFFF, 0xFFFF, 0xFFFF, 0xFFDF, 0xFFFF, 0xE415, 0xC008, 
0xD809, 0xD809, 0xD809, 0xD809, 0xD809, 0xD809, 0xD809, 0xD809, 0xD809, 0xD809, 0xD809, 0xE009, 0xE009, 0xE009, 0xE009, 0xE009, 
0xE009, 0xE009, 0xE009, 0xE009, 0xE009, 0xE009, 0xE009, 0xE009, 0xE009, 0xE009, 0xE009, 0xE009, 0xE009, 0xE009, 0xE009, 0xE009, 
0xE009, 0xE009, 0xE009, 0xE009, 0xE009, 0xE009, 0xE009, 0xE009, 0xE009, 0xE009, 0xE009, 0xE009, 0xE009, 0xE009, 0xE009, 0xE009, 
0xE009, 0xE009, 0xE009, 0xE009, 0xE009, 0xE009, 0xE009, 0xE009, 0xE009, 0xE009, 0xE009, 0xE009, 0xE009, 0xE009, 0xE009, 0xE009, 
0xE009, 0xE009, 0xE009, 0xE009, 0xE009, 0xE009, 0xE009, 0xE009, 0xE009, 0xE009, 0xE009, 0xE009, 0xE009, 0xE009, 0xE009, 0xE009, 
0xE009, 0xE009, 0xE009, 0xE009, 0xE009, 0xE009, 0xE009, 0xE009, 0xE009, 0xE009, 0xE009, 0xD809, 0xD809, 0xE009, 0xE02A, 0xC808, 
0xC90B, 0xE455, 0xFF3E, 0xFFFF, 0xFFFF, 0xFFFF, 0xFFFF, 0xFFFF, 0xFFFF, 0xFFFF, 0xFFFF, 0xFFFF, 0xFFFF, 0xFFFF, 0xFFFF, 0xFFFF, 
0xFFFF, 0xFFFF, 0xFFFF, 0xFFFF, 0xFFFF, 0xFFFF, 0xFFFF, 0xFFFF, 0xFFFF, 0xFFFF, 0xFFFF, 0xFFFF, 0xFFFF, 0xFFFF, 0xFFFF, 0xFFFF, 
0xFFFF, 0xFFFF, 0xFFFF, 0xFFFF, 0xFFFF, 0xFFFF, 0xFFFF, 0xFFFF, 0xFFFF, 0xFFFF, 0xFFFF, 0xFFFF, 0xFFFF, 0xFFFF, 0xFFFF, 0xFFFF, 
0xFFFF, 0xFFFF, 0xFFFF, 0xFFFF, 0xFFFF, 0xFFFF, 0xFFFF, 0xFFFF, 0xFFFF, 0xFFFF, 0xFFFF, 0xFFFF, 0xFFFF, 0xFFFF, 0xFFFF, 0xFFFF, 
0xFFFF, 0xFFFF, 0xFFFF, 0xFFFF, 0xFFFF, 0xFFFF, 0xFFFF, 0xFFFF, 0xFFFF, 0xFFFF, 0xFFFF, 0xFFFF, 0xFFFF, 0xFFFF, 0xFFFF, 0xFFFF, 
0xFFFF, 0xFFFF, 0xFFFF, 0xFFFF, 0xFFFF, 0xFFFF, 0xFFFF, 0xFFFF, 0xFFFF, 0xFFFF, 0xFFFF, 0xFFFF, 0xFFFF, 0xFFFF, 0xFFFF, 0xFFFF, 
0xFFFF, 0xFFFF, 0xFFFF, 0xFFFF, 0xFFFF, 0xFFFF, 0xFFFF, 0xFFFF, 0xFFFF, 0xFFFF, 0xFFFF, 0xFFFF, 0xFFFF, 0xFFFF, 0xFFFF, 0xFFFF, 
0xFFFF, 0xFFFF, 0xFFFF, 0xFFFF, 0xFFFF, 0xFFFF, 0xFFFF, 0xFFFF, 0xFFFF, 0xFFFF, 0xFEDD, 0xC12B, 0xD809, 0xD809, 0xD809, 0xD809, 
0xD809, 0xD809, 0xD809, 0xD809, 0xD809, 0xD809, 0xD809, 0xE009, 0xE009, 0xE009, 0xE009, 0xE009, 0xE009, 0xE009, 0xE009, 0xE009, 
0xE009, 0xE009, 0xE009, 0xE009, 0xE009, 0xE009, 0xE009, 0xE009, 0xE009, 0xE009, 0xE009, 0xE009, 0xE009, 0xE009, 0xE009, 0xE009, 
0xE009, 0xE009, 0xE009, 0xE009, 0xE009, 0xE009, 0xE009, 0xE009, 0xE009, 0xE009, 0xE009, 0xE009, 0xE009, 0xE009, 0xE009, 0xE009, 
0xE009, 0xE009, 0xE009, 0xE009, 0xE009, 0xE009, 0xE009, 0xE009, 0xE009, 0xE009, 0xE009, 0xE009, 0xE009, 0xE009, 0xE009, 0xE009, 
0xE009, 0xE009, 0xE009, 0xE009, 0xE009, 0xE009, 0xE009, 0xE009, 0xE009, 0xE009, 0xE009, 0xE009, 0xE009, 0xE009, 0xE009, 0xE009, 
0xE009, 0xE009, 0xE009, 0xE009, 0xE009, 0xE009, 0xE009, 0xE009, 0xD809, 0xE009, 0xE009, 0xD82A, 0xD009, 0xC808, 0xD98D, 0xF3F5, 
0xFE9D, 0xFFBF, 0xFFFF, 0xFFFF, 0xFFFF, 0xFFFF, 0xFFFF, 0xFFFF, 0xFFFF, 0xFFFF, 0xFFFF, 0xFFFF, 0xFFFF, 0xFFFF, 0xFFFF, 0xFFFF, 
0xFFFF, 0xFFFF, 0xFFFF, 0xFFFF, 0xFFFF, 0xFFFF, 0xFFFF, 0xFFFF, 0xFFFF, 0xFFFF, 0xFFFF, 0xFFFF, 0xFFFF, 0xFFFF, 0xFFFF, 0xFFFF, 
0xFFFF, 0xFFFF, 0xFFFF, 0xFFFF, 0xFFFF, 0xFFFF, 0xFFFF, 0xFFFF, 0xFFFF, 0xFFFF, 0xFFFF, 0xFFFF, 0xFFFF, 0xFFFF, 0xFFFF, 0xFFFF, 
0xFFFF, 0xFFFF, 0xFFFF, 0xFFFF, 0xFFFF, 0xFFFF, 0xFFFF, 0xFFFF, 0xFFFF, 0xFFFF, 0xFFFF, 0xFFFF, 0xFFFF, 0xFFFF, 0xFFFF, 0xFFFF, 
0xFFFF, 0xFFFF, 0xFFFF, 0xFFFF, 0xFFFF, 0xFFFF, 0xFFFF, 0xFFFF, 0xFFFF, 0xFFFF, 0xFFFF, 0xFFFF, 0xFFFF, 0xFFFF, 0xFFFF, 0xFFFF, 
0xFFFF, 0xFFFF, 0xFFFF, 0xFFFF, 0xFFFF, 0xFFFF, 0xFFFF, 0xFFFF, 0xFFFF, 0xFFFF, 0xFFFF, 0xFFFF, 0xFFFF, 0xFFFF, 0xFFFF, 0xFFFF, 
0xFFFF, 0xFFFF, 0xFFFF, 0xFFFF, 0xFFFF, 0xFFFF, 0xFFDF, 0xFFFF, 0xFFFF, 0xFFFF, 0xFFFF, 0xFFFF, 0xFFFF, 0xFFFF, 0xFFFF, 0xFFFF, 
0xFFFF, 0xFFFF, 0xFFFF, 0xFFFF, 0xFFFF, 0xFFFF, 0xFFFF, 0xE3D4, 0xC808, 0xE02A, 0xD809, 0xD809, 0xD809, 0xD809, 0xD809, 0xD809, 
0xD809, 0xD809, 0xD809, 0xE009, 0xE009, 0xE009, 0xE009, 0xE009, 0xE009, 0xE009, 0xE009, 0xE009, 0xE009, 0xE009, 0xE009, 0xE009, 
0xE009, 0xE009, 0xE009, 0xE009, 0xE009, 0xE009, 0xE009, 0xE009, 0xE009, 0xE009, 0xE009, 0xE009, 0xE009, 0xE009, 0xE009, 0xE009, 
0xE009, 0xE009, 0xE009, 0xE009, 0xE009, 0xE009, 0xE009, 0xE009, 0xE009, 0xE009, 0xE009, 0xE009, 0xE009, 0xE009, 0xE009, 0xE009, 
0xE009, 0xE009, 0xE009, 0xE009, 0xE009, 0xE009, 0xE009, 0xE009, 0xE009, 0xE009, 0xE009, 0xE009, 0xE009, 0xE009, 0xE009, 0xE009, 
0xE009, 0xE009, 0xE009, 0xE009, 0xE009, 0xE009, 0xE009, 0xE009, 0xE009, 0xE009, 0xE009, 0xE009, 0xE009, 0xE009, 0xE009, 0xE009, 
0xE009, 0xE009, 0xE009, 0xE009, 0xE009, 0xE009, 0xD809, 0xD809, 0xD809, 0xE00A, 0xE009, 0xD009, 0xC8EB, 0xDAB0, 0xE435, 0xF579, 
0xFE3C, 0xFEDE, 0xFF5F, 0xFF7F, 0xFF7F, 0xFF5F, 0xFF5F, 0xFF5F, 0xFF5F, 0xFF5F, 0xFF5F, 0xFF5F, 0xFF5F, 0xFF5F, 0xFF5F, 0xFF5F, 
0xFF5F, 0xFF5F, 0xFF5F, 0xFF5F, 0xFF5F, 0xFF5F, 0xFF5F, 0xFF5F, 0xFF5F, 0xFF5F, 0xFF5F, 0xFF5F, 0xFF5F, 0xFF5F, 0xFF5F, 0xFF5F, 
0xFF5F, 0xFF5F, 0xFF5F, 0xFF5F, 0xFF5F, 0xFF5F, 0xFF5F, 0xFF5F, 0xFF5F, 0xFF5F, 0xFF5F, 0xFF5F, 0xFF5F, 0xFF5F, 0xFF5F, 0xFF5F, 
0xFF5F, 0xFF5F, 0xFF5F, 0xFF5F, 0xFF5F, 0xFF5F, 0xFF5F, 0xFF5F, 0xFF5F, 0xFF5F, 0xFF5F, 0xFF5F, 0xFF5F, 0xFF5F, 0xFF5F, 0xFF5F, 
0xFF5F, 0xFF5F, 0xFF5F, 0xFF5F, 0xFF5F, 0xFF5F, 0xFF5F, 0xFF5F, 0xFF5F, 0xFF5F, 0xFF5F, 0xFF5F, 0xFF5F, 0xFF5F, 0xFF5F, 0xFF5F, 
0xFF5F, 0xFF5F, 0xFF5F, 0xFF5F, 0xFF5F, 0xFF5F, 0xFF5F, 0xFF5F, 0xFF5F, 0xFF5F, 0xFF5F, 0xFF5F, 0xFF5F, 0xFF5F, 0xFF5F, 0xFF5F, 
0xFF7F, 0xFF7F, 0xFF9F, 0xFFFF, 0xFFFF, 0xFFFF, 0xFFFF, 0xFFFF, 0xFFFF, 0xFFFF, 0xFFFF, 0xFFFF, 0xFFFF, 0xFFFF, 0xFFFF, 0xFFFF, 
0xFFFF, 0xFFFF, 0xFFFF, 0xFE5C, 0xC0CA, 0xD809, 0xE009, 0xD809, 0xD809, 0xD809, 0xD809, 0xD809, 0xD809, 0xD809, 0xD809, 0xE009, 
0xE009, 0xE009, 0xE009, 0xE009, 0xE009, 0xE009, 0xE009, 0xE009, 0xE009, 0xE009, 0xE009, 0xE009, 0xE009, 0xE009, 0xE009, 0xE009, 
0xE009, 0xE009, 0xE009, 0xE009, 0xE009, 0xE009, 0xE009, 0xE009, 0xE009, 0xE009, 0xE009, 0xE009, 0xE009, 0xE009, 0xE009, 0xE009, 
0xE009, 0xE009, 0xE009, 0xE009, 0xE009, 0xE009, 0xE009, 0xE009, 0xE009, 0xE009, 0xE009, 0xE009, 0xE009, 0xE009, 0xE009, 0xE009, 
0xE009, 0xE009, 0xE009, 0xE009, 0xE009, 0xE009, 0xE009, 0xE009, 0xE009, 0xE009, 0xE009, 0xE009, 0xE009, 0xE009, 0xE009, 0xE009, 
0xE009, 0xE009, 0xE009, 0xE009, 0xE009, 0xE009, 0xE009, 0xE009, 0xE009, 0xE009, 0xE009, 0xE009, 0xE009, 0xE009, 0xE009, 0xE009, 
0xE009, 0xE009, 0xE009, 0xD809, 0xD809, 0xD809, 0xE00A, 0xD809, 0xD808, 0xD008, 0xC807, 0xD049, 0xD0EB, 0xD14C, 0xC1CD, 0xC1ED, 
0xC1ED, 0xC1EE, 0xC1EE, 0xC1EE, 0xC1EE, 0xC1EE, 0xC1CE, 0xC1CE, 0xC1CE, 0xC1CE, 0xC1CE, 0xC1CE, 0xC1CE, 0xC1CE, 0xC1CE, 0xC1CE, 
0xC1EE, 0xC1EE, 0xC1EE, 0xC1EE, 0xC1EE, 0xC1EE, 0xC1EE, 0xC1EE, 0xC1EE, 0xC1EE, 0xC1EE, 0xC1CE, 0xC1CE, 0xC1CE, 0xC1CE, 0xC1CE, 
0xC1CE, 0xC1CE, 0xC1CE, 0xC1CE, 0xC1CE, 0xC1EE, 0xC1EE, 0xC1EE, 0xC1EE, 0xC1EE, 0xC1EE, 0xC1EE, 0xC1EE, 0xC1EE, 0xC1EE, 0xC1EE, 
0xC1CE, 0xC1CE, 0xC1CE, 0xC1CE, 0xC1CE, 0xC1CE, 0xC1CE, 0xC1CE, 0xC1CE, 0xC1CE, 0xC1EE, 0xC1EE, 0xC1EE, 0xC1EE, 0xC1EE, 0xC1EE, 
0xC1EE, 0xC1EE, 0xC1EE, 0xC1EE, 0xC1CE, 0xC1CE, 0xC1CE, 0xC1CE, 0xC1CE, 0xC1CE, 0xC1CE, 0xC1CE, 0xC1CE, 0xC1CE, 0xC1CE, 0xC1EE, 
0xC1EE, 0xC1EE, 0xC1EE, 0xC1EE, 0xC1EE, 0xC1EE, 0xC1EE, 0xC1EE, 0xC1EE, 0xC1CE, 0xC1EE, 0xC20E, 0xC22E, 0xC20E, 0xD290, 0xEC96, 
0xFEDD, 0xFFDF, 0xFFDF, 0xFFFF, 0xFFDF, 0xFFFF, 0xFFFF, 0xFFFF, 0xFFFF, 0xFFFF, 0xFFFF, 0xFFDF, 0xFFDF, 0xFFFF, 0xFFFF, 0xFF7F, 
0xD22F, 0xD008, 0xE009, 0xD809, 0xD809, 0xD809, 0xD809, 0xD809, 0xD809, 0xD809, 0xD809, 0xE009, 0xE009, 0xE009, 0xE009, 0xE009, 
0xE009, 0xE009, 0xE009, 0xE009, 0xE009, 0xE009, 0xE009, 0xE009, 0xE009, 0xE009, 0xE009, 0xE009, 0xE009, 0xE009, 0xE009, 0xE009, 
0xE009, 0xE009, 0xE009, 0xE009, 0xE009, 0xE009, 0xE009, 0xE009, 0xE009, 0xE009, 0xE009, 0xE009, 0xE009, 0xE009, 0xE009, 0xE009, 
0xE009, 0xE009, 0xE009, 0xE009, 0xE009, 0xE009, 0xE009, 0xE009, 0xE009, 0xE009, 0xE009, 0xE009, 0xE009, 0xE009, 0xE009, 0xE009, 
0xE009, 0xE009, 0xE009, 0xE009, 0xE009, 0xE009, 0xE009, 0xE009, 0xE009, 0xE009, 0xE009, 0xE009, 0xE009, 0xE009, 0xE009, 0xE009, 
0xE009, 0xE009, 0xE009, 0xE009, 0xE009, 0xE009, 0xE009, 0xE009, 0xE009, 0xE009, 0xE009, 0xE009, 0xE009, 0xE009, 0xE009, 0xE009, 
0xE009, 0xE009, 0xE009, 0xD809, 0xE009, 0xE00A, 0xE02A, 0xD809, 0xD809, 0xD809, 0xD809, 0xD009, 0xD009, 0xD008, 0xD008, 0xD008, 
0xD008, 0xD008, 0xD008, 0xD008, 0xD008, 0xD008, 0xD008, 0xD008, 0xD008, 0xD008, 0xD008, 0xD008, 0xD008, 0xD008, 0xD008, 0xD008, 
0xD008, 0xD008, 0xD008, 0xD008, 0xD008, 0xD008, 0xD008, 0xD008, 0xD008, 0xD008, 0xD008, 0xD008, 0xD008, 0xD008, 0xD008, 0xD008, 
0xD008, 0xD008, 0xD008, 0xD008, 0xD008, 0xD008, 0xD008, 0xD008, 0xD008, 0xD008, 0xD008, 0xD008, 0xD008, 0xD008, 0xD008, 0xD008, 
0xD008, 0xD008, 0xD008, 0xD008, 0xD008, 0xD008, 0xD008, 0xD008, 0xD008, 0xD008, 0xD008, 0xD008, 0xD008, 0xD008, 0xD008, 0xD008, 
0xD008, 0xD008, 0xD008, 0xD008, 0xD008, 0xD008, 0xD008, 0xD008, 0xD008, 0xD008, 0xD008, 0xD008, 0xD008, 0xD008, 0xD008, 0xD008, 
0xD008, 0xD008, 0xD008, 0xD008, 0xD008, 0xD008, 0xD808, 0xD008, 0xC808, 0xD008, 0xD008, 0xC808, 0xD9AE, 0xF579, 0xFFFF, 0xFFDF, 
0xFFFF, 0xFFFF, 0xFFFF, 0xFFFF, 0xFFFF, 0xFFFF, 0xFFFF, 0xFFFF, 0xFFFF, 0xFFFF, 0xFFFF, 0xFFFF, 0xE3D4, 0xD008, 0xD809, 0xD809, 
0xD809, 0xD809, 0xD809, 0xD809, 0xD809, 0xD809, 0xD809, 0xE009, 0xE009, 0xE009, 0xE009, 0xE009, 0xE009, 0xE009, 0xE009, 0xE009, 
0xE009, 0xE009, 0xE009, 0xE009, 0xE009, 0xE009, 0xE009, 0xE009, 0xE009, 0xE009, 0xE009, 0xE009, 0xE009, 0xE009, 0xE009, 0xE009, 
0xE009, 0xE009, 0xE009, 0xE009, 0xE009, 0xE009, 0xE009, 0xE009, 0xE009, 0xE009, 0xE009, 0xE009, 0xE009, 0xE009, 0xE009, 0xE009, 
0xE009, 0xE009, 0xE009, 0xE009, 0xE009, 0xE009, 0xE009, 0xE009, 0xE009, 0xE009, 0xE009, 0xE009, 0xE009, 0xE009, 0xE009, 0xE009, 
0xE009, 0xE009, 0xE009, 0xE009, 0xE009, 0xE009, 0xE009, 0xE009, 0xE009, 0xE009, 0xE009, 0xE009, 0xE009, 0xE009, 0xE009, 0xE009, 
0xE009, 0xE009, 0xE009, 0xE009, 0xE009, 0xE009, 0xE009, 0xE009, 0xE009, 0xE009, 0xE009, 0xE009, 0xE009, 0xE009, 0xE009, 0xD809, 
0xD809, 0xE009, 0xE009, 0xE00A, 0xE009, 0xE009, 0xE009, 0xE009, 0xE009, 0xE009, 0xE009, 0xE009, 0xE009, 0xE009, 0xE809, 0xE809, 
0xE809, 0xE809, 0xE809, 0xE809, 0xE809, 0xE809, 0xE809, 0xE809, 0xE809, 0xE009, 0xE009, 0xE009, 0xE009, 0xE009, 0xE009, 0xE009, 
0xE009, 0xE009, 0xE009, 0xE809, 0xE809, 0xE809, 0xE809, 0xE809, 0xE809, 0xE809, 0xE809, 0xE809, 0xE809, 0xE009, 0xE009, 0xE009, 
0xE009, 0xE009, 0xE009, 0xE009, 0xE009, 0xE009, 0xE009, 0xE809, 0xE809, 0xE809, 0xE809, 0xE809, 0xE809, 0xE809, 0xE809, 0xE809, 
0xE809, 0xE809, 0xE009, 0xE009, 0xE009, 0xE009, 0xE009, 0xE009, 0xE009, 0xE009, 0xE009, 0xE009, 0xE809, 0xE809, 0xE809, 0xE809, 
0xE809, 0xE809, 0xE809, 0xE809, 0xE809, 0xE809, 0xE809, 0xE009, 0xE009, 0xE009, 0xE009, 0xE009, 0xE009, 0xE009, 0xE009, 0xE009, 
0xE009, 0xE809, 0xE809, 0xE009, 0xE009, 0xE00A, 0xD809, 0xE02A, 0xD008, 0xD0EB, 0xFE3B, 0xFFFF, 0xFFFF, 0xFFFF, 0xFFFF, 0xFFFF, 
0xFFFF, 0xFFFF, 0xFFFF, 0xFFFF, 0xFFFF, 0xFFFF, 0xFFFF, 0xFFFF, 0xFD39, 0xE009, 0xD809, 0xD809, 0xD809, 0xD809, 0xD809, 0xD809, 
0xD809, 0xD809, 0xD809, 0xE009, 0xE009, 0xE009, 0xE009, 0xE009, 0xE009, 0xE009, 0xE009, 0xE009, 0xE009, 0xE009, 0xE009, 0xE009, 
0xE009, 0xE009, 0xE009, 0xE009, 0xE009, 0xE009, 0xE009, 0xE009, 0xE009, 0xE009, 0xE009, 0xE009, 0xE009, 0xE009, 0xE009, 0xE009, 
0xE009, 0xE009, 0xE009, 0xE009, 0xE009, 0xE009, 0xE009, 0xE009, 0xE009, 0xE009, 0xE009, 0xE009, 0xE009, 0xE009, 0xE009, 0xE009, 
0xE009, 0xE009, 0xE009, 0xE009, 0xE009, 0xE009, 0xE009, 0xE009, 0xE009, 0xE009, 0xE009, 0xE009, 0xE009, 0xE009, 0xE009, 0xE009, 
0xE009, 0xE009, 0xE009, 0xE009, 0xE009, 0xE009, 0xE009, 0xE009, 0xE009, 0xE009, 0xE009, 0xE009, 0xE009, 0xE009, 0xE009, 0xE009, 
0xE009, 0xE009, 0xE009, 0xE009, 0xE009, 0xE009, 0xE009, 0xD809, 0xD809, 0xE009, 0xE009, 0xE009, 0xE009, 0xE009, 0xE009, 0xE009, 
0xE009, 0xE009, 0xE009, 0xE009, 0xE009, 0xE009, 0xE009, 0xE009, 0xE009, 0xE009, 0xE009, 0xE009, 0xE009, 0xE009, 0xE009, 0xE009, 
0xE009, 0xE009, 0xE009, 0xE009, 0xE009, 0xE009, 0xE009, 0xE009, 0xE009, 0xE009, 0xE009, 0xE009, 0xE009, 0xE009, 0xE009, 0xE009, 
0xE009, 0xE009, 0xE009, 0xE009, 0xE009, 0xE009, 0xE009, 0xE009, 0xE009, 0xE009, 0xE009, 0xE009, 0xE009, 0xE009, 0xE009, 0xE009, 
0xE009, 0xE009, 0xE009, 0xE009, 0xE009, 0xE009, 0xE009, 0xE009, 0xE009, 0xE009, 0xE009, 0xE009, 0xE009, 0xE009, 0xE009, 0xE009, 
0xE009, 0xE009, 0xE009, 0xE009, 0xE009, 0xE009, 0xE009, 0xE009, 0xE009, 0xE009, 0xE009, 0xE009, 0xE009, 0xE009, 0xE009, 0xE009, 
0xE009, 0xE009, 0xE009, 0xE009, 0xE009, 0xE009, 0xE009, 0xE009, 0xE009, 0xE009, 0xE009, 0xE009, 0xE009, 0xE009, 0xE009, 0xE009, 
0xE009, 0xE009, 0xE009, 0xD809, 0xE00A, 0xD008, 0xCA4F, 0xFF7F, 0xFFFF, 0xFFFF, 0xFFFF, 0xFFFF, 0xFFFF, 0xFFFF, 0xFFFF, 0xFFFF, 
0xFFFF, 0xFFFF, 0xFFFF, 0xFFFF, 0xFE3C, 0xD0AA, 0xD009, 0xE009, 0xD809, 0xD809, 0xD809, 0xD809, 0xD809, 0xD809, 0xD809, 0xE009, 
0xE009, 0xE009, 0xE009, 0xE009, 0xE009, 0xE009, 0xE009, 0xE009, 0xE009, 0xE009, 0xE009, 0xE009, 0xE009, 0xE009, 0xE009, 0xE009, 
0xE009, 0xE009, 0xE009, 0xE009, 0xE009, 0xE009, 0xE009, 0xE009, 0xE009, 0xE009, 0xE009, 0xE009, 0xE009, 0xE009, 0xE009, 0xE009, 
0xE009, 0xE009, 0xE009, 0xE009, 0xE009, 0xE009, 0xE009, 0xE009, 0xE009, 0xE009, 0xE009, 0xE009, 0xE009, 0xE009, 0xE009, 0xE009, 
0xE009, 0xE009, 0xE009, 0xE009, 0xE009, 0xE009, 0xE009, 0xE009, 0xE009, 0xE009, 0xE009, 0xE009, 0xE009, 0xE009, 0xE009, 0xE009, 
0xE009, 0xE009, 0xE009, 0xE009, 0xE009, 0xE009, 0xE009, 0xE009, 0xE009, 0xE009, 0xE009, 0xE009, 0xE009, 0xE009, 0xE009, 0xE009, 
0xE009, 0xE009, 0xE009, 0xE009, 0xE009, 0xE009, 0xE009, 0xE009, 0xE009, 0xE009, 0xE009, 0xE009, 0xE009, 0xE009, 0xE009, 0xE009, 
0xE009, 0xE009, 0xE009, 0xE009, 0xE009, 0xE009, 0xE009, 0xE009, 0xE009, 0xE009, 0xE009, 0xE009, 0xE009, 0xE009, 0xE009, 0xE009, 
0xE009, 0xE009, 0xE009, 0xE009, 0xE009, 0xE009, 0xE009, 0xE009, 0xE009, 0xE009, 0xE009, 0xE009, 0xE009, 0xE009, 0xE009, 0xE009, 
0xE009, 0xE009, 0xE009, 0xE009, 0xE009, 0xE009, 0xE009, 0xE009, 0xE009, 0xE009, 0xE009, 0xE009, 0xE009, 0xE009, 0xE009, 0xE009, 
0xE009, 0xE009, 0xE009, 0xE009, 0xE009, 0xE009, 0xE009, 0xE009, 0xE009, 0xE009, 0xE009, 0xE009, 0xE009, 0xE009, 0xE009, 0xE009, 
0xE009, 0xE009, 0xE009, 0xE009, 0xE009, 0xE009, 0xE009, 0xE009, 0xE009, 0xE009, 0xE009, 0xE009, 0xE009, 0xE009, 0xE009, 0xE009, 
0xE009, 0xE009, 0xE009, 0xE009, 0xE009, 0xE009, 0xE009, 0xE009, 0xE009, 0xE009, 0xE009, 0xE009, 0xE009, 0xE009, 0xE009, 0xE009, 
0xE009, 0xD009, 0xC86A, 0xFDBB, 0xFFFF, 0xFFFF, 0xFFFF, 0xFFFF, 0xFFFF, 0xFFFF, 0xFFFF, 0xFFFF, 0xFFFF, 0xFFFF, 0xFFFF, 0xFFFF, 
0xFEDD, 0xC94C, 0xD008, 0xD809, 0xD809, 0xD809, 0xD809, 0xD809, 0xD809, 0xD809, 0xD809, 0xE009, 0xE009, 0xE009, 0xE009, 0xE009, 
0xE009, 0xE009, 0xE009, 0xE009, 0xE009, 0xE009, 0xE009, 0xE009, 0xE009, 0xE009, 0xE009, 0xE009, 0xE009, 0xE009, 0xE009, 0xE009, 
0xE009, 0xE009, 0xE009, 0xE009, 0xE009, 0xE009, 0xE009, 0xE009, 0xE009, 0xE009, 0xE009, 0xE009, 0xE009, 0xE009, 0xE009, 0xE009, 
0xE009, 0xE009, 0xE009, 0xE009, 0xE009, 0xE009, 0xE009, 0xE009, 0xE009, 0xE009, 0xE009, 0xE009, 0xE009, 0xE009, 0xE009, 0xE009, 
0xE009, 0xE009, 0xE009, 0xE009, 0xE009, 0xE009, 0xE009, 0xE009, 0xE009, 0xE009, 0xE009, 0xE009, 0xE009, 0xE009, 0xE009, 0xE009, 
0xE009, 0xE009, 0xE009, 0xE009, 0xE009, 0xE009, 0xE009, 0xE009, 0xE009, 0xE009, 0xE009, 0xE009, 0xE009, 0xE009, 0xE009, 0xE009, 
0xE009, 0xE009, 0xE009, 0xE009, 0xE009, 0xE009, 0xE009, 0xE009, 0xE009, 0xE009, 0xE009, 0xE009, 0xE009, 0xE009, 0xE009, 0xE009, 
0xE009, 0xE009, 0xE009, 0xE009, 0xE009, 0xE009, 0xE009, 0xE009, 0xE009, 0xE009, 0xE009, 0xE009, 0xE009, 0xE009, 0xE009, 0xE009, 
0xE009, 0xE009, 0xE009, 0xE009, 0xE009, 0xE009, 0xE009, 0xE009, 0xE009, 0xE009, 0xE009, 0xE009, 0xE009, 0xE009, 0xE009, 0xE009, 
0xE009, 0xE009, 0xE009, 0xE009, 0xE009, 0xE009, 0xE009, 0xE009, 0xE009, 0xE009, 0xE009, 0xE009, 0xE009, 0xE009, 0xE009, 0xE009, 
0xE009, 0xE009, 0xE009, 0xE009, 0xE009, 0xE009, 0xE009, 0xE009, 0xE009, 0xE009, 0xE009, 0xE009, 0xE009, 0xE009, 0xE009, 0xE009, 
0xE009, 0xE009, 0xE009, 0xE009, 0xE009, 0xE009, 0xE009, 0xE009, 0xE009, 0xE009, 0xE009, 0xE009, 0xE009, 0xE009, 0xE009, 0xE009, 
0xE009, 0xE009, 0xE009, 0xE009, 0xE009, 0xE009, 0xE009, 0xE009, 0xE009, 0xE009, 0xE009, 0xE009, 0xE009, 0xD829, 0xD009, 0xEC76, 
0xFFFF, 0xFFDF, 0xFFFF, 0xFFFF, 0xFFFF, 0xFFFF, 0xFFFF, 0xFFFF, 0xFFFF, 0xFFFF, 0xFFFF, 0xFFFF, 0xFEFE, 0xC98D, 0xD008, 0xD809, 
0xD809, 0xD809, 0xD809, 0xD809, 0xD809, 0xD809, 0xD809, 0xE009, 0xE009, 0xE009, 0xE009, 0xE009, 0xE009, 0xE009, 0xE009, 0xE009, 
0xE009, 0xE009, 0xE009, 0xE009, 0xE009, 0xE009, 0xE009, 0xE009, 0xE009, 0xE009, 0xE009, 0xE009, 0xE009, 0xE009, 0xE009, 0xE009, 
0xE009, 0xE009, 0xE009, 0xE009, 0xE009, 0xE009, 0xE009, 0xE009, 0xE009, 0xE009, 0xE009, 0xE009, 0xE009, 0xE009, 0xE009, 0xE009, 
0xE009, 0xE009, 0xE009, 0xE009, 0xE009, 0xE009, 0xE009, 0xE009, 0xE009, 0xE009, 0xE009, 0xE009, 0xE009, 0xE009, 0xE009, 0xE009, 
0xE009, 0xE009, 0xE009, 0xE009, 0xE009, 0xE009, 0xE009, 0xE009, 0xE009, 0xE009, 0xE009, 0xE009, 0xE009, 0xE009, 0xE009, 0xE009, 
0xE009, 0xE009, 0xE009, 0xE009, 0xE009, 0xE009, 0xE009, 0xE009, 0xE009, 0xE009, 0xE009, 0xE009, 0xE009, 0xE009, 0xE009, 0xE009, 
0xE009, 0xE009, 0xE009, 0xE009, 0xE009, 0xE009, 0xE009, 0xE009, 0xE009, 0xE009, 0xE009, 0xE009, 0xE009, 0xE009, 0xE009, 0xE009, 
0xE009, 0xE009, 0xE009, 0xE009, 0xE009, 0xE009, 0xE009, 0xE009, 0xE009, 0xE009, 0xE009, 0xE009, 0xE009, 0xE009, 0xE009, 0xE009, 
0xE009, 0xE009, 0xE009, 0xE009, 0xE009, 0xE009, 0xE009, 0xE009, 0xE009, 0xE009, 0xE009, 0xE009, 0xE009, 0xE009, 0xE009, 0xE009, 
0xE009, 0xE009, 0xE009, 0xE009, 0xE009, 0xE009, 0xE009, 0xE009, 0xE009, 0xE009, 0xE009, 0xE009, 0xE009, 0xE009, 0xE009, 0xE009, 
0xE009, 0xE009, 0xE009, 0xE009, 0xE009, 0xE009, 0xE009, 0xE009, 0xE009, 0xE009, 0xE009, 0xE009, 0xE009, 0xE009, 0xE009, 0xE009, 
0xE009, 0xE009, 0xE009, 0xE009, 0xE009, 0xE009, 0xE009, 0xE009, 0xE009, 0xE009, 0xE009, 0xE009, 0xE009, 0xE009, 0xE009, 0xE009, 
0xE009, 0xE009, 0xE009, 0xE009, 0xE009, 0xE009, 0xE009, 0xE009, 0xD809, 0xD829, 0xD009, 0xE415, 0xFFFF, 0xFFDF, 0xFFFF, 0xFFFF, 
0xFFFF, 0xFFFF, 0xFFFF, 0xFFFF, 0xFFFF, 0xFFFF, 0xFFFF, 0xFFFF, 0xFEFE, 0xC98D, 0xD009, 0xD809, 0xD809, 0xD809, 0xD809, 0xD809, 
0xD809, 0xD809, 0xD809, 0xE009, 0xE009, 0xE009, 0xE009, 0xE009, 0xE009, 0xE009, 0xE009, 0xE009, 0xE009, 0xE009, 0xE009, 0xE009, 
0xE009, 0xE009, 0xE009, 0xE009, 0xE009, 0xE009, 0xE009, 0xE009, 0xE009, 0xE009, 0xE009, 0xE009, 0xE009, 0xE009, 0xE009, 0xE009, 
0xE009, 0xE009, 0xE009, 0xE009, 0xE009, 0xE009, 0xE009, 0xE009, 0xE009, 0xE009, 0xE009, 0xE009, 0xE009, 0xE009, 0xE009, 0xE009, 
0xE009, 0xE009, 0xE009, 0xE009, 0xE009, 0xE009, 0xE009, 0xE009, 0xE009, 0xE009, 0xE009, 0xE009, 0xE009, 0xE009, 0xE009, 0xE009, 
0xE009, 0xE009, 0xE009, 0xE009, 0xE009, 0xE009, 0xE009, 0xE009, 0xE009, 0xE009, 0xE009, 0xE009, 0xE009, 0xE009, 0xE009, 0xE009, 
0xE009, 0xE009, 0xE009, 0xE009, 0xE009, 0xE009, 0xE009, 0xE009, 0xE009, 0xE009, 0xE009, 0xE009, 0xE009, 0xE009, 0xE009, 0xE009, 
0xE009, 0xE009, 0xE009, 0xE009, 0xE009, 0xE009, 0xE009, 0xE009, 0xE009, 0xE009, 0xE009, 0xE009, 0xE009, 0xE009, 0xE009, 0xE009, 
0xE009, 0xE009, 0xE009, 0xE009, 0xE009, 0xE009, 0xE009, 0xE009, 0xE009, 0xE009, 0xE009, 0xE009, 0xE009, 0xE009, 0xE009, 0xE009, 
0xE009, 0xE009, 0xE009, 0xE009, 0xE009, 0xE009, 0xE009, 0xE009, 0xE009, 0xE009, 0xE009, 0xE009, 0xE009, 0xE009, 0xE009, 0xE009, 
0xE009, 0xE009, 0xE009, 0xE009, 0xE009, 0xE009, 0xE009, 0xE009, 0xE009, 0xE009, 0xE009, 0xE009, 0xE009, 0xE009, 0xE009, 0xE009, 
0xE009, 0xE009, 0xE009, 0xE009, 0xE009, 0xE009, 0xE009, 0xE009, 0xE009, 0xE009, 0xE009, 0xE009, 0xE009, 0xE009, 0xE009, 0xE009, 
0xE009, 0xE009, 0xE009, 0xE009, 0xE009, 0xE009, 0xE009, 0xE009, 0xE009, 0xE009, 0xE009, 0xE009, 0xE009, 0xE009, 0xE009, 0xE009, 
0xE009, 0xE009, 0xE009, 0xE009, 0xE00A, 0xE04A, 0xC049, 0xECF7, 0xFFFF, 0xFFFF, 0xFFFF, 0xFFFF, 0xFFFF, 0xFFFF, 0xFFFF, 0xFFFF, 
0xFFFF, 0xFFFF, 0xFFFF, 0xFFFF, 0xFF1E, 0xC96D, 0xD009, 0xE009, 0xD809, 0xD809, 0xD809, 0xD809, 0xD809, 0xD809, 0xD809, 0xE009, 
0xE009, 0xE009, 0xE009, 0xE009, 0xE009, 0xE009, 0xE009, 0xE009, 0xE009, 0xE009, 0xE009, 0xE009, 0xE009, 0xE009, 0xE009, 0xE009, 
0xE009, 0xE009, 0xE009, 0xE009, 0xE009, 0xE009, 0xE009, 0xE009, 0xE009, 0xE009, 0xE009, 0xE009, 0xE009, 0xE009, 0xE009, 0xE009, 
0xE009, 0xE009, 0xE009, 0xE009, 0xE009, 0xE009, 0xD809, 0xD809, 0xD809, 0xD809, 0xD809, 0xE009, 0xE009, 0xE009, 0xE009, 0xD809, 
0xD809, 0xD809, 0xD809, 0xD809, 0xD809, 0xD809, 0xE009, 0xE009, 0xE009, 0xD809, 0xD809, 0xD809, 0xD809, 0xD809, 0xD809, 0xD809, 
0xE009, 0xE009, 0xE009, 0xD809, 0xD809, 0xD809, 0xD809, 0xD809, 0xD809, 0xD809, 0xE009, 0xE009, 0xE009, 0xE009, 0xD809, 0xD809, 
0xD809, 0xD809, 0xD809, 0xD809, 0xD809, 0xE009, 0xE009, 0xE009, 0xD809, 0xD809, 0xD809, 0xD809, 0xD809, 0xD809, 0xD809, 0xE009, 
0xE009, 0xE009, 0xE009, 0xD809, 0xD809, 0xD809, 0xD809, 0xD809, 0xD809, 0xD809, 0xE009, 0xE009, 0xE009, 0xD809, 0xD809, 0xD809, 
0xD809, 0xD809, 0xD809, 0xD809, 0xE009, 0xE009, 0xE009, 0xD809, 0xD809, 0xD809, 0xD809, 0xD809, 0xD809, 0xD809, 0xE009, 0xE009, 
0xE009, 0xE009, 0xD809, 0xD809, 0xD809, 0xD809, 0xD809, 0xD809, 0xD809, 0xE009, 0xE009, 0xE009, 0xD809, 0xD809, 0xD809, 0xD809, 
0xD809, 0xD809, 0xD809, 0xE009, 0xE009, 0xE009, 0xE009, 0xD809, 0xD809, 0xD809, 0xD809, 0xD809, 0xD809, 0xE009, 0xE009, 0xE009, 
0xE009, 0xD809, 0xD809, 0xD809, 0xD809, 0xD809, 0xD809, 0xD809, 0xE009, 0xE009, 0xE009, 0xD809, 0xD809, 0xD809, 0xD809, 0xD809, 
0xD809, 0xD809, 0xE009, 0xE009, 0xE009, 0xE009, 0xD809, 0xD809, 0xD809, 0xD809, 0xD809, 0xD809, 0xD809, 0xD809, 0xD809, 0xD809, 
0xE009, 0xD809, 0xC10B, 0xFE7C, 0xFFFF, 0xFFFF, 0xFFFF, 0xFFFF, 0xFFFF, 0xFFFF, 0xFFFF, 0xFFFF, 0xFFFF, 0xFFFF, 0xFFFF, 0xFFFF, 
0xFEFE, 0xC94C, 0xD009, 0xE009, 0xE009, 0xD809, 0xD809, 0xD809, 0xD809, 0xD809, 0xD809, 0xE009, 0xE009, 0xE009, 0xE009, 0xE009, 
0xE009, 0xE009, 0xE009, 0xE009, 0xE009, 0xE009, 0xE009, 0xE009, 0xE009, 0xE009, 0xE009, 0xE009, 0xE009, 0xE009, 0xE009, 0xE009, 
0xE009, 0xE009, 0xE009, 0xE009, 0xE009, 0xE009, 0xE009, 0xE009, 0xE009, 0xE009, 0xE009, 0xE009, 0xE009, 0xE009, 0xE009, 0xE009, 
0xD809, 0xD809, 0xD809, 0xD809, 0xD809, 0xD809, 0xD809, 0xD809, 0xD809, 0xD809, 0xD809, 0xD809, 0xD809, 0xD809, 0xD809, 0xD809, 
0xD809, 0xD809, 0xD809, 0xD809, 0xD809, 0xD809, 0xD809, 0xD809, 0xD809, 0xD809, 0xD809, 0xD809, 0xD809, 0xD809, 0xD809, 0xD809, 
0xD809, 0xD809, 0xD809, 0xD809, 0xD809, 0xD809, 0xD809, 0xD809, 0xD809, 0xD809, 0xD809, 0xD809, 0xD809, 0xD809, 0xD809, 0xD809, 
0xD809, 0xD809, 0xD809, 0xD809, 0xD809, 0xD809, 0xD809, 0xD809, 0xD809, 0xD809, 0xD809, 0xD809, 0xD809, 0xD809, 0xD809, 0xD809, 
0xD809, 0xD809, 0xD809, 0xD809, 0xD809, 0xD809, 0xD809, 0xD809, 0xD809, 0xD809, 0xD809, 0xD809, 0xD809, 0xD809, 0xD809, 0xD809, 
0xD809, 0xD809, 0xD809, 0xD809, 0xD809, 0xD809, 0xD809, 0xD809, 0xD809, 0xD809, 0xD809, 0xD809, 0xD809, 0xD809, 0xD809, 0xD809, 
0xD809, 0xD809, 0xD809, 0xD809, 0xD809, 0xD809, 0xD809, 0xD809, 0xD809, 0xD809, 0xD809, 0xD809, 0xD809, 0xD809, 0xD809, 0xD809, 
0xD809, 0xD809, 0xD809, 0xD809, 0xD809, 0xD809, 0xD809, 0xD809, 0xD809, 0xD809, 0xD809, 0xD809, 0xD809, 0xD809, 0xD809, 0xD809, 
0xD809, 0xD809, 0xD809, 0xD809, 0xD809, 0xD809, 0xD809, 0xD809, 0xD809, 0xD809, 0xD809, 0xD809, 0xD809, 0xD809, 0xD809, 0xD809, 
0xD809, 0xD809, 0xD809, 0xD809, 0xD809, 0xD809, 0xD809, 0xD809, 0xD809, 0xD809, 0xD809, 0xE009, 0xE00A, 0xC807, 0xE393, 0xFFDF, 
0xFFFF, 0xFFFF, 0xFFFF, 0xFFFF, 0xFFFF, 0xFFFF, 0xFFFF, 0xFFFF, 0xFFFF, 0xFFFF, 0xFFFF, 0xFFFF, 0xFE3B, 0xD0CB, 0xD009, 0xE809, 
0xE009, 0xD809, 0xD809, 0xD809, 0xD809, 0xD809, 0xD809, 0xE009, 0xE009, 0xE009, 0xE009, 0xE009, 0xE009, 0xE009, 0xE009, 0xE009, 
0xE009, 0xE009, 0xE009, 0xE009, 0xE009, 0xE009, 0xE009, 0xE009, 0xE009, 0xE009, 0xE009, 0xE009, 0xE009, 0xE009, 0xE009, 0xE009, 
0xE009, 0xE009, 0xE009, 0xE009, 0xE009, 0xE009, 0xE009, 0xE009, 0xD809, 0xD809, 0xD809, 0xD809, 0xD809, 0xD809, 0xD829, 0xD809, 
0xD809, 0xD809, 0xD809, 0xD809, 0xD809, 0xE009, 0xE009, 0xD809, 0xD809, 0xD809, 0xD809, 0xD809, 0xD809, 0xD809, 0xD809, 0xE009, 
0xE009, 0xE009, 0xD809, 0xD809, 0xD809, 0xD809, 0xD809, 0xD809, 0xD809, 0xE009, 0xE009, 0xE009, 0xD809, 0xD809, 0xD809, 0xD809, 
0xD809, 0xD809, 0xD809, 0xD809, 0xE009, 0xE009, 0xD809, 0xD809, 0xD809, 0xD809, 0xD809, 0xD809, 0xD809, 0xD809, 0xE009, 0xE009, 
0xE009, 0xD809, 0xD809, 0xD809, 0xD809, 0xD809, 0xD809, 0xD809, 0xE009, 0xE009, 0xE009, 0xD809, 0xD809, 0xD809, 0xD809, 0xD809, 
0xD809, 0xD809, 0xD809, 0xE009, 0xE009, 0xE009, 0xD809, 0xD809, 0xD809, 0xD809, 0xD809, 0xD809, 0xD809, 0xE009, 0xE009, 0xE009, 
0xD809, 0xD809, 0xD809, 0xD809, 0xD809, 0xD809, 0xD809, 0xD809, 0xE009, 0xE009, 0xD809, 0xD809, 0xD809, 0xD809, 0xD809, 0xD809, 
0xD809, 0xD809, 0xE009, 0xE009, 0xE009, 0xD809, 0xD809, 0xD809, 0xD809, 0xD809, 0xD809, 0xD809, 0xE009, 0xE009, 0xE009, 0xD809, 
0xD809, 0xD809, 0xD809, 0xD809, 0xD809, 0xD809, 0xD809, 0xE009, 0xE009, 0xD809, 0xD809, 0xD809, 0xD809, 0xD809, 0xD809, 0xD809, 
0xD809, 0xE009, 0xE009, 0xE009, 0xD809, 0xD809, 0xD809, 0xD809, 0xD809, 0xD809, 0xD809, 0xD809, 0xE009, 0xE009, 0xD809, 0xD809, 
0xD829, 0xD829, 0xD829, 0xD829, 0xD809, 0xD809, 0xD809, 0xE009, 0xD008, 0xDA70, 0xFF1E, 0xFFFF, 0xFFFF, 0xFFFF, 0xFFFF, 0xFFFF, 
0xFFFF, 0xFFFF, 0xFFFF, 0xFFFF, 0xFFDF, 0xFFFF, 0xFFFF, 0xFFFF, 0xED18, 0xC829, 0xE00A, 0xE809, 0xE009, 0xD809, 0xD809, 0xD809, 
0xD809, 0xD809, 0xD809, 0xE009, 0xE009, 0xE009, 0xE009, 0xE009, 0xE009, 0xE009, 0xE009, 0xE009, 0xE009, 0xE009, 0xE009, 0xE009, 
0xE009, 0xE009, 0xE009, 0xE009, 0xE009, 0xE009, 0xE009, 0xE009, 0xE009, 0xE009, 0xE009, 0xE009, 0xE009, 0xE009, 0xE009, 0xE009, 
0xE009, 0xE009, 0xE009, 0xE009, 0xD009, 0xD009, 0xD809, 0xD008, 0xD008, 0xD008, 0xD008, 0xD008, 0xD008, 0xD008, 0xD008, 0xD008, 
0xD008, 0xD808, 0xD808, 0xD008, 0xD008, 0xD008, 0xD008, 0xD008, 0xD008, 0xD008, 0xD008, 0xD808, 0xD808, 0xD008, 0xD008, 0xD008, 
0xD008, 0xD008, 0xD008, 0xD008, 0xD008, 0xD008, 0xD808, 0xD008, 0xD008, 0xD008, 0xD008, 0xD008, 0xD008, 0xD008, 0xD008, 0xD008, 
0xD808, 0xD808, 0xD008, 0xD008, 0xD008, 0xD008, 0xD008, 0xD008, 0xD008, 0xD008, 0xD808, 0xD808, 0xD008, 0xD008, 0xD008, 0xD008, 
0xD008, 0xD008, 0xD008, 0xD008, 0xD008, 0xD808, 0xD808, 0xD008, 0xD008, 0xD008, 0xD008, 0xD008, 0xD008, 0xD008, 0xD008, 0xD808, 
0xD808, 0xD008, 0xD008, 0xD008, 0xD008, 0xD008, 0xD008, 0xD008, 0xD008, 0xD808, 0xD808, 0xD008, 0xD008, 0xD008, 0xD008, 0xD008, 
0xD008, 0xD008, 0xD008, 0xD008, 0xD808, 0xD808, 0xD008, 0xD008, 0xD008, 0xD008, 0xD008, 0xD008, 0xD008, 0xD008, 0xD808, 0xD808, 
0xD008, 0xD008, 0xD008, 0xD008, 0xD008, 0xD008, 0xD008, 0xD008, 0xD008, 0xD808, 0xD008, 0xD008, 0xD008, 0xD008, 0xD008, 0xD008, 
0xD008, 0xD008, 0xD008, 0xD808, 0xD808, 0xD008, 0xD008, 0xD008, 0xD008, 0xD008, 0xD008, 0xD008, 0xD008, 0xD808, 0xD808, 0xD008, 
0xD008, 0xD008, 0xD008, 0xD008, 0xD008, 0xD008, 0xD008, 0xD008, 0xD808, 0xD808, 0xD008, 0xD008, 0xD008, 0xD008, 0xD008, 0xD008, 
0xD008, 0xD008, 0xD04A, 0xC94C, 0xEBF4, 0xFF3F, 0xFFDF, 0xFFFF, 0xFFFF, 0xFFFF, 0xFFFF, 0xFFFF, 0xFFFF, 0xFFFF, 0xFFFF, 0xFFFF, 
0xFFFF, 0xFFFF, 0xFFFF, 0xFFFF, 0xE3B3, 0xC808, 0xE00A, 0xE009, 0xE009, 0xE009, 0xD809, 0xE009, 0xE009, 0xE009, 0xE009, 0xE009, 
0xE009, 0xE009, 0xE009, 0xE009, 0xE009, 0xE009, 0xE009, 0xE009, 0xE009, 0xE009, 0xE009, 0xE009, 0xE009, 0xE009, 0xE009, 0xE009, 
0xE009, 0xE009, 0xE009, 0xE009, 0xE009, 0xE009, 0xE009, 0xE009, 0xE009, 0xE009, 0xE009, 0xE009, 0xE009, 0xE009, 0xE009, 0xE009, 
0xDB93, 0xEC76, 0xEC56, 0xEC56, 0xEC56, 0xEC56, 0xEC56, 0xEC56, 0xEC56, 0xEC56, 0xEC56, 0xEC56, 0xEC56, 0xEC56, 0xEC56, 0xEC56, 
0xEC56, 0xEC56, 0xEC56, 0xEC56, 0xEC56, 0xEC56, 0xEC56, 0xEC56, 0xEC56, 0xEC56, 0xEC56, 0xEC56, 0xEC56, 0xEC56, 0xEC56, 0xEC56, 
0xEC56, 0xEC56, 0xEC56, 0xEC56, 0xEC56, 0xEC56, 0xEC56, 0xEC56, 0xEC56, 0xEC56, 0xEC56, 0xEC56, 0xEC56, 0xEC56, 0xEC56, 0xEC56, 
0xEC56, 0xEC56, 0xEC56, 0xEC56, 0xEC56, 0xEC56, 0xEC56, 0xEC56, 0xEC56, 0xEC56, 0xEC56, 0xEC56, 0xEC56, 0xEC56, 0xEC56, 0xEC56, 
0xEC56, 0xEC56, 0xEC56, 0xEC56, 0xEC56, 0xEC56, 0xEC56, 0xEC56, 0xEC56, 0xEC56, 0xEC56, 0xEC56, 0xEC56, 0xEC56, 0xEC56, 0xEC56, 
0xEC56, 0xEC56, 0xEC56, 0xEC56, 0xEC56, 0xEC56, 0xEC56, 0xEC56, 0xEC56, 0xEC56, 0xEC56, 0xEC56, 0xEC56, 0xEC56, 0xEC56, 0xEC56, 
0xEC56, 0xEC56, 0xEC56, 0xEC56, 0xEC56, 0xEC56, 0xEC56, 0xEC56, 0xEC56, 0xEC56, 0xEC56, 0xEC56, 0xEC56, 0xEC56, 0xEC56, 0xEC56, 
0xEC56, 0xEC56, 0xEC56, 0xEC56, 0xEC56, 0xEC56, 0xEC56, 0xEC56, 0xEC56, 0xEC56, 0xEC56, 0xEC56, 0xEC56, 0xEC56, 0xEC56, 0xEC56, 
0xEC56, 0xEC56, 0xEC56, 0xEC56, 0xEC56, 0xEC56, 0xEC56, 0xEC56, 0xEC56, 0xEC56, 0xEC56, 0xEC56, 0xEC56, 0xEC56, 0xEC56, 0xEC56, 
0xEC56, 0xEC56, 0xEC56, 0xEC56, 0xEC56, 0xEC56, 0xEC56, 0xEC56, 0xEC56, 0xEC76, 0xEC76, 0xEC55, 0xEC56, 0xF4D7, 0xFDBA, 0xFF1F, 
0xFFDF, 0xFFFF, 0xFFFF, 0xFFFF, 0xFFFF, 0xFFFF, 0xFFFF, 0xFFFF, 0xFFFF, 0xFFFF, 0xFFFF, 0xFFFF, 0xFFFF, 0xFFFF, 0xFFFF, 0xFF5E, 
0xD1EE, 0xD809, 0xE00A, 0xE009, 0xE009, 0xE009, 0xD809, 0xE009, 0xE009, 0xE009, 0xE009, 0xE009, 0xE009, 0xE009, 0xE009, 0xE009, 
0xE009, 0xE009, 0xE009, 0xE009, 0xE009, 0xE009, 0xE009, 0xE009, 0xE009, 0xE009, 0xE009, 0xE009, 0xE009, 0xE009, 0xE009, 0xE009, 
0xE009, 0xE009, 0xE009, 0xE009, 0xE009, 0xE009, 0xE009, 0xE009, 0xE009, 0xE009, 0xE009, 0xE009, 0xE67B, 0xFFFF, 0xFFFF, 0xFFFF, 
0xFFFF, 0xFFFF, 0xFFFF, 0xFFFF, 0xFFFF, 0xFFFF, 0xFFFF, 0xFFFF, 0xFFFF, 0xFFFF, 0xFFFF, 0xFFFF, 0xFFFF, 0xFFFF, 0xFFFF, 0xFFFF, 
0xFFFF, 0xFFFF, 0xFFFF, 0xFFFF, 0xFFFF, 0xFFFF, 0xFFFF, 0xFFFF, 0xFFFF, 0xFFFF, 0xFFFF, 0xFFFF, 0xFFFF, 0xFFFF, 0xFFFF, 0xFFFF, 
0xFFFF, 0xFFFF, 0xFFFF, 0xFFFF, 0xFFFF, 0xFFFF, 0xFFFF, 0xFFFF, 0xFFFF, 0xFFFF, 0xFFFF, 0xFFFF, 0xFFFF, 0xFFFF, 0xFFFF, 0xFFFF, 
0xFFFF, 0xFFFF, 0xFFFF, 0xFFFF, 0xFFFF, 0xFFFF, 0xFFFF, 0xFFFF, 0xFFFF, 0xFFFF, 0xFFFF, 0xFFFF, 0xFFFF, 0xFFFF, 0xFFFF, 0xFFFF, 
0xFFFF, 0xFFFF, 0xFFFF, 0xFFFF, 0xFFFF, 0xFFFF, 0xFFFF, 0xFFFF, 0xFFFF, 0xFFFF, 0xFFFF, 0xFFFF, 0xFFFF, 0xFFFF, 0xFFFF, 0xFFFF, 
0xFFFF, 0xFFFF, 0xFFFF, 0xFFFF, 0xFFFF, 0xFFFF, 0xFFFF, 0xFFFF, 0xFFFF, 0xFFFF, 0xFFFF, 0xFFFF, 0xFFFF, 0xFFFF, 0xFFFF, 0xFFFF, 
0xFFFF, 0xFFFF, 0xFFFF, 0xFFFF, 0xFFFF, 0xFFFF, 0xFFFF, 0xFFFF, 0xFFFF, 0xFFFF, 0xFFFF, 0xFFFF, 0xFFFF, 0xFFFF, 0xFFFF, 0xFFFF, 
0xFFFF, 0xFFFF, 0xFFFF, 0xFFFF, 0xFFFF, 0xFFFF, 0xFFFF, 0xFFFF, 0xFFFF, 0xFFFF, 0xFFFF, 0xFFFF, 0xFFFF, 0xFFFF, 0xFFFF, 0xFFFF, 
0xFFFF, 0xFFFF, 0xFFFF, 0xFFFF, 0xFFFF, 0xFFFF, 0xFFFF, 0xFFFF, 0xFFFF, 0xFFFF, 0xFFFF, 0xFFFF, 0xFFFF, 0xFFFF, 0xFFFF, 0xFFFF, 
0xFFFF, 0xFFFF, 0xFFFF, 0xFFFF, 0xFFFF, 0xFFFF, 0xFFFF, 0xFFFF, 0xFFFF, 0xFFFF, 0xFFFF, 0xFFFF, 0xFFBF, 0xFFFF, 0xF7FF, 0xFFFF, 
0xFFFF, 0xFFFF, 0xFFFF, 0xFFFF, 0xFFFF, 0xFFFF, 0xFFFF, 0xFFFF, 0xFFFF, 0xFFFF, 0xFFFF, 0xF599, 0xC069, 0xE009, 0xE009, 0xE009, 
0xE009, 0xE009, 0xE009, 0xE009, 0xE009, 0xE009, 0xE009, 0xE009, 0xE009, 0xE009, 0xE009, 0xE009, 0xE009, 0xE009, 0xE009, 0xE009, 
0xE009, 0xE009, 0xE009, 0xE009, 0xE009, 0xE009, 0xE009, 0xE009, 0xE009, 0xE009, 0xE009, 0xE009, 0xE009, 0xE009, 0xE009, 0xE009, 
0xE009, 0xE009, 0xE009, 0xE009, 0xE009, 0xE009, 0xE009, 0xE009, 0xE61A, 0xFFDF, 0xFFDF, 0xFFFF, 0xFFFF, 0xFFFF, 0xFFFF, 0xFFFF, 
0xFFDF, 0xFFDF, 0xFFDF, 0xFFDF, 0xFFFF, 0xFFFF, 0xFFFF, 0xFFDF, 0xFFFF, 0xFFFF, 0xFFFF, 0xFFFF, 0xFFFF, 0xFFFF, 0xFFFF, 0xFFFF, 
0xFFFF, 0xFFFF, 0xFFFF, 0xFFFF, 0xFFFF, 0xFFDF, 0xFFDF, 0xFFDF, 0xFFDF, 0xFFFF, 0xFFFF, 0xFFFF, 0xFFDF, 0xFFFF, 0xFFFF, 0xFFFF, 
0xFFDF, 0xFFDF, 0xFFDF, 0xFFDF, 0xFFFF, 0xFFFF, 0xFFDF, 0xFFFF, 0xFFFF, 0xFFFF, 0xFFFF, 0xFFFF, 0xFFFF, 0xFFFF, 0xFFFF, 0xFFFF, 
0xFFFF, 0xFFFF, 0xFFFF, 0xFFFF, 0xFFDF, 0xFFDF, 0xFFDF, 0xFFDF, 0xFFFF, 0xFFFF, 0xFFFF, 0xFFDF, 0xFFFF, 0xFFFF, 0xFFFF, 0xFFFF, 
0xFFFF, 0xFFFF, 0xFFFF, 0xFFFF, 0xFFFF, 0xFFFF, 0xFFFF, 0xFFFF, 0xFFFF, 0xFFDF, 0xFFDF, 0xFFDF, 0xFFDF, 0xFFFF, 0xFFFF, 0xFFFF, 
0xFFDF, 0xFFFF, 0xFFFF, 0xFFFF, 0xFFFF, 0xFFFF, 0xFFFF, 0xFFFF, 0xFFFF, 0xFFFF, 0xFFFF, 0xFFFF, 0xFFFF, 0xFFFF, 0xFFDF, 0xFFDF, 
0xFFDF, 0xFFDF, 0xFFFF, 0xFFFF, 0xFFDF, 0xFFDF, 0xFFFF, 0xFFFF, 0xFFFF, 0xFFFF, 0xFFFF, 0xFFFF, 0xFFFF, 0xFFFF, 0xFFFF, 0xFFFF, 
0xFFFF, 0xFFFF, 0xFFFF, 0xFFDF, 0xFFDF, 0xFFDF, 0xFFDF, 0xFFFF, 0xFFFF, 0xFFDF, 0xFFFF, 0xFFFF, 0xFFFF, 0xFFFF, 0xFFFF, 0xFFFF, 
0xFFFF, 0xFFFF, 0xFFFF, 0xFFFF, 0xFFFF, 0xFFFF, 0xFFFF, 0xFFDF, 0xFFDF, 0xFFDF, 0xFFDF, 0xFFFF, 0xFFFF, 0xFFFF, 0xFFDF, 0xFFFF, 
0xFFFF, 0xFFFF, 0xFFFF, 0xFFFF, 0xFFFF, 0xFFFF, 0xFFFF, 0xFFFF, 0xFFFF, 0xFFFF, 0xFFFF, 0xFFFF, 0xFFFF, 0xFFFF, 0xFFFF, 0xFFFF, 
0xFFFF, 0xFFFF, 0xFFFF, 0xFFFF, 0xFFFF, 0xFFDF, 0xFFDF, 0xE311, 0xD008, 0xE00A, 0xE009, 0xE009, 0xE009, 0xE009, 0xE009, 0xE009, 
0xE009, 0xE009, 0xE009, 0xE009, 0xE009, 0xE009, 0xE009, 0xE009, 0xE009, 0xE009, 0xE009, 0xE009, 0xE009, 0xE009, 0xE009, 0xE009, 
0xE009, 0xE009, 0xE009, 0xE009, 0xE009, 0xE009, 0xE009, 0xE009, 0xE009, 0xE009, 0xE009, 0xE009, 0xE009, 0xE009, 0xE009, 0xE009, 
0xE009, 0xE009, 0xE009, 0xE009, 0xE63A, 0xFFDF, 0xFFFF, 0xFFFF, 0xFFFF, 0xFFFF, 0xFFFF, 0xFFFF, 0xFFFF, 0xFFFF, 0xFFFF, 0xFFFF, 
0xFFFF, 0xFFFF, 0xFFFF, 0xFFFF, 0xFFFF, 0xFFFF, 0xFFFF, 0xFFFF, 0xFFFF, 0xFFFF, 0xFFFF, 0xFFFF, 0xFFFF, 0xFFFF, 0xFFFF, 0xFFFF, 
0xFFFF, 0xFFFF, 0xFFFF, 0xFFFF, 0xFFFF, 0xFFFF, 0xFFFF, 0xFFFF, 0xFFFF, 0xFFFF, 0xFFFF, 0xFFFF, 0xFFFF, 0xFFFF, 0xFFFF, 0xFFFF, 
0xFFFF, 0xFFFF, 0xFFFF, 0xFFFF, 0xFFFF, 0xFFFF, 0xFFFF, 0xFFFF, 0xFFFF, 0xFFFF, 0xFFFF, 0xFFFF, 0xFFFF, 0xFFFF, 0xFFFF, 0xFFFF, 
0xFFFF, 0xFFFF, 0xFFFF, 0xFFFF, 0xFFFF, 0xFFFF, 0xFFFF, 0xFFFF, 0xFFFF, 0xFFFF, 0xFFFF, 0xFFFF, 0xFFFF, 0xFFFF, 0xFFFF, 0xFFFF, 
0xFFFF, 0xFFFF, 0xFFFF, 0xFFFF, 0xFFFF, 0xFFFF, 0xFFFF, 0xFFFF, 0xFFFF, 0xFFFF, 0xFFFF, 0xFFFF, 0xFFFF, 0xFFFF, 0xFFFF, 0xFFFF, 
0xFFFF, 0xFFFF, 0xFFFF, 0xFFFF, 0xFFFF, 0xFFFF, 0xFFFF, 0xFFFF, 0xFFFF, 0xFFFF, 0xFFFF, 0xFFFF, 0xFFFF, 0xFFFF, 0xFFFF, 0xFFFF, 
0xFFFF, 0xFFFF, 0xFFFF, 0xFFFF, 0xFFFF, 0xFFFF, 0xFFFF, 0xFFFF, 0xFFFF, 0xFFFF, 0xFFFF, 0xFFFF, 0xFFFF, 0xFFFF, 0xFFFF, 0xFFFF, 
0xFFFF, 0xFFFF, 0xFFFF, 0xFFFF, 0xFFFF, 0xFFFF, 0xFFFF, 0xFFFF, 0xFFFF, 0xFFFF, 0xFFFF, 0xFFFF, 0xFFFF, 0xFFFF, 0xFFFF, 0xFFFF, 
0xFFFF, 0xFFFF, 0xFFFF, 0xFFFF, 0xFFFF, 0xFFFF, 0xFFFF, 0xFFFF, 0xFFFF, 0xFFFF, 0xFFFF, 0xFFFF, 0xFFFF, 0xFFFF, 0xFFFF, 0xFFFF, 
0xFFFF, 0xFFFF, 0xFFFF, 0xFFFF, 0xFFFF, 0xFFFF, 0xFFFF, 0xFFFF, 0xFFFF, 0xFFFF, 0xFFFF, 0xFFFF, 0xFFFF, 0xFFFF, 0xFFFF, 0xFFFF, 
0xFFFF, 0xFFFF, 0xF5FA, 0xC0A9, 0xD809, 0xD809, 0xE009, 0xE009, 0xE009, 0xE009, 0xE009, 0xE009, 0xE009, 0xE009, 0xE009, 0xE009, 
0xE009, 0xE009, 0xE009, 0xE009, 0xE009, 0xE009, 0xE009, 0xE009, 0xE009, 0xE009, 0xE009, 0xE009, 0xE009, 0xE009, 0xE009, 0xE009, 
0xE009, 0xE009, 0xE009, 0xE009, 0xE009, 0xE009, 0xE009, 0xE009, 0xE009, 0xE009, 0xE009, 0xE009, 0xE009, 0xE009, 0xE009, 0xE009, 
0xE63A, 0xFFDF, 0xFFFF, 0xFFFF, 0xFFFF, 0xFFFF, 0xFFFF, 0xFFFF, 0xFFFF, 0xFFFF, 0xFFFF, 0xFFFF, 0xFFFF, 0xFFFF, 0xFFFF, 0xFFFF, 
0xFFFF, 0xFFFF, 0xFFFF, 0xFFFF, 0xFFFF, 0xFFFF, 0xFFFF, 0xFFFF, 0xFFFF, 0xFFFF, 0xFFFF, 0xFFFF, 0xFFFF, 0xFFFF, 0xFFFF, 0xFFFF, 
0xFFFF, 0xFFFF, 0xFFFF, 0xFFFF, 0xFFFF, 0xFFFF, 0xFFFF, 0xFFFF, 0xFFFF, 0xFFFF, 0xFFFF, 0xFFFF, 0xFFFF, 0xFFFF, 0xFFFF, 0xFFFF, 
0xFFFF, 0xFFFF, 0xFFFF, 0xFFFF, 0xFFFF, 0xFFFF, 0xFFFF, 0xFFFF, 0xFFFF, 0xFFFF, 0xFFFF, 0xFFFF, 0xFFFF, 0xFFFF, 0xFFFF, 0xFFFF, 
0xFFFF, 0xFFFF, 0xFFFF, 0xFFFF, 0xFFFF, 0xFFFF, 0xFFFF, 0xFFFF, 0xFFFF, 0xFFFF, 0xFFFF, 0xFFFF, 0xFFFF, 0xFFFF, 0xFFFF, 0xFFFF, 
0xFFFF, 0xFFFF, 0xFFFF, 0xFFFF, 0xFFFF, 0xFFFF, 0xFFFF, 0xFFFF, 0xFFFF, 0xFFFF, 0xFFFF, 0xFFFF, 0xFFFF, 0xFFFF, 0xFFFF, 0xFFFF, 
0xFFFF, 0xFFFF, 0xFFFF, 0xFFFF, 0xFFFF, 0xFFFF, 0xFFFF, 0xFFFF, 0xFFFF, 0xFFFF, 0xFFFF, 0xFFFF, 0xFFFF, 0xFFFF, 0xFFFF, 0xFFFF, 
0xFFFF, 0xFFFF, 0xFFFF, 0xFFFF, 0xFFFF, 0xFFFF, 0xFFFF, 0xFFFF, 0xFFFF, 0xFFFF, 0xFFFF, 0xFFFF, 0xFFFF, 0xFFFF, 0xFFFF, 0xFFFF, 
0xFFFF, 0xFFFF, 0xFFFF, 0xFFFF, 0xFFFF, 0xFFFF, 0xFFFF, 0xFFFF, 0xFFFF, 0xFFFF, 0xFFFF, 0xFFFF, 0xFFFF, 0xFFFF, 0xFFFF, 0xFFFF, 
0xFFFF, 0xFFFF, 0xFFFF, 0xFFFF, 0xFFFF, 0xFFFF, 0xFFFF, 0xFFFF, 0xFFFF, 0xFFFF, 0xFFFF, 0xFFFF, 0xFFFF, 0xFFFF, 0xFFFF, 0xFFFF, 
0xFFFF, 0xFFFF, 0xFFFF, 0xFFFF, 0xFFFF, 0xFFFF, 0xFFFF, 0xFFFF, 0xFFFF, 0xFFFF, 0xFFFF, 0xFFFF, 0xFFDF, 0xFF9F, 0xD26F, 0xC808, 
0xE02A, 0xD809, 0xE009, 0xE009, 0xE009, 0xE009, 0xE009, 0xE009, 0xE009, 0xE009, 0xE009, 0xE009, 0xE009, 0xE009, 0xE009, 0xE009, 
0xE009, 0xE009, 0xE009, 0xE009, 0xE009, 0xE009, 0xE009, 0xE009, 0xE009, 0xE009, 0xE009, 0xE009, 0xE009, 0xE009, 0xE009, 0xE009, 
0xE009, 0xE009, 0xE009, 0xE009, 0xE009, 0xE009, 0xE009, 0xE009, 0xE009, 0xE009, 0xE009, 0xE009, 0xE63A, 0xFFDF, 0xFFFF, 0xFFFF, 
0xFFFF, 0xFFFF, 0xFFFF, 0xFFFF, 0xFFFF, 0xFFFF, 0xFFFF, 0xFFFF, 0xFFFF, 0xFFFF, 0xFFFF, 0xFFFF, 0xFFFF, 0xFFFF, 0xFFFF, 0xFFFF, 
0xFFFF, 0xFFFF, 0xFFFF, 0xFFFF, 0xFFFF, 0xFFFF, 0xFFFF, 0xFFFF, 0xFFFF, 0xFFFF, 0xFFFF, 0xFFFF, 0xFFFF, 0xFFFF, 0xFFFF, 0xFFFF, 
0xFFFF, 0xFFFF, 0xFFFF, 0xFFFF, 0xFFFF, 0xFFFF, 0xFFFF, 0xFFFF, 0xFFFF, 0xFFFF, 0xFFFF, 0xFFFF, 0xFFFF, 0xFFFF, 0xFFFF, 0xFFFF, 
0xFFFF, 0xFFFF, 0xFFFF, 0xFFFF, 0xFFFF, 0xFFFF, 0xFFFF, 0xFFFF, 0xFFFF, 0xFFFF, 0xFFFF, 0xFFFF, 0xFFFF, 0xFFFF, 0xFFFF, 0xFFFF, 
0xFFFF, 0xFFFF, 0xFFFF, 0xFFFF, 0xFFFF, 0xFFFF, 0xFFFF, 0xFFFF, 0xFFFF, 0xFFFF, 0xFFFF, 0xFFFF, 0xFFFF, 0xFFFF, 0xFFFF, 0xFFFF, 
0xFFFF, 0xFFFF, 0xFFFF, 0xFFFF, 0xFFFF, 0xFFFF, 0xFFFF, 0xFFFF, 0xFFFF, 0xFFFF, 0xFFFF, 0xFFFF, 0xFFFF, 0xFFFF, 0xFFFF, 0xFFFF, 
0xFFFF, 0xFFFF, 0xFFFF, 0xFFFF, 0xFFFF, 0xFFFF, 0xFFFF, 0xFFFF, 0xFFFF, 0xFFFF, 0xFFFF, 0xFFFF, 0xFFFF, 0xFFFF, 0xFFFF, 0xFFFF, 
0xFFFF, 0xFFFF, 0xFFFF, 0xFFFF, 0xFFFF, 0xFFFF, 0xFFFF, 0xFFFF, 0xFFFF, 0xFFFF, 0xFFFF, 0xFFFF, 0xFFFF, 0xFFFF, 0xFFFF, 0xFFFF, 
0xFFFF, 0xFFFF, 0xFFFF, 0xFFFF, 0xFFFF, 0xFFFF, 0xFFFF, 0xFFFF, 0xFFFF, 0xFFFF, 0xFFFF, 0xFFFF, 0xFFFF, 0xFFFF, 0xFFFF, 0xFFFF, 
0xFFFF, 0xFFFF, 0xFFFF, 0xFFFF, 0xFFFF, 0xFFFF, 0xFFFF, 0xFFFF, 0xFFFF, 0xFFFF, 0xFFFF, 0xFFFF, 0xFFFF, 0xFFFF, 0xFFFF, 0xFFFF, 
0xFFFF, 0xFFFF, 0xFFFF, 0xFFFF, 0xFFFF, 0xFFFF, 0xFFFF, 0xFFFF, 0xFFFF, 0xECB6, 0xC808, 0xD829, 0xD829, 0xD809, 0xD809, 0xE009, 
0xE009, 0xE009, 0xE009, 0xE009, 0xE009, 0xE009, 0xE009, 0xE009, 0xE009, 0xE009, 0xE009, 0xE009, 0xE009, 0xE009, 0xE009, 0xE009, 
0xE009, 0xE009, 0xE009, 0xE009, 0xE009, 0xE009, 0xE009, 0xE009, 0xE009, 0xE009, 0xE009, 0xE009, 0xE009, 0xE009, 0xE009, 0xE009, 
0xE009, 0xE009, 0xE009, 0xE009, 0xE009, 0xE009, 0xE009, 0xE009, 0xE63A, 0xFFDF, 0xFFFF, 0xFFFF, 0xFFFF, 0xFFFF, 0xFFFF, 0xFFFF, 
0xFFFF, 0xFFFF, 0xFFFF, 0xFFFF, 0xFFFF, 0xFFFF, 0xFFFF, 0xFFFF, 0xFFFF, 0xFFFF, 0xFFFF, 0xFFFF, 0xFFFF, 0xFFFF, 0xFFFF, 0xFFFF, 
0xFFFF, 0xFFFF, 0xFFFF, 0xFFFF, 0xFFFF, 0xFFFF, 0xFFFF, 0xFFFF, 0xFFFF, 0xFFFF, 0xFFFF, 0xFFFF, 0xFFFF, 0xFFFF, 0xFFFF, 0xFFFF, 
0xFFFF, 0xFFFF, 0xFFFF, 0xFFFF, 0xFFFF, 0xFFFF, 0xFFFF, 0xFFFF, 0xFFFF, 0xFFFF, 0xFFFF, 0xFFFF, 0xFFFF, 0xFFFF, 0xFFFF, 0xFFFF, 
0xFFFF, 0xFFFF, 0xFFFF, 0xFFFF, 0xFFFF, 0xFFFF, 0xFFFF, 0xFFFF, 0xFFFF, 0xFFFF, 0xFFFF, 0xFFFF, 0xFFFF, 0xFFFF, 0xFFFF, 0xFFFF, 
0xFFFF, 0xFFFF, 0xFFFF, 0xFFFF, 0xFFFF, 0xFFFF, 0xFFFF, 0xFFFF, 0xFFFF, 0xFFFF, 0xFFFF, 0xFFFF, 0xFFFF, 0xFFFF, 0xFFFF, 0xFFFF, 
0xFFFF, 0xFFFF, 0xFFFF, 0xFFFF, 0xFFFF, 0xFFFF, 0xFFFF, 0xFFFF, 0xFFFF, 0xFFFF, 0xFFFF, 0xFFFF, 0xFFFF, 0xFFFF, 0xFFFF, 0xFFFF, 
0xFFFF, 0xFFFF, 0xFFFF, 0xFFFF, 0xFFFF, 0xFFFF, 0xFFFF, 0xFFFF, 0xFFFF, 0xFFFF, 0xFFFF, 0xFFFF, 0xFFFF, 0xFFFF, 0xFFFF, 0xFFFF, 
0xFFFF, 0xFFFF, 0xFFFF, 0xFFFF, 0xFFFF, 0xFFFF, 0xFFFF, 0xFFFF, 0xFFFF, 0xFFFF, 0xFFFF, 0xFFFF, 0xFFFF, 0xFFFF, 0xFFFF, 0xFFFF, 
0xFFFF, 0xFFFF, 0xFFFF, 0xFFFF, 0xFFFF, 0xFFFF, 0xFFFF, 0xFFFF, 0xFFFF, 0xFFFF, 0xFFFF, 0xFFFF, 0xFFFF, 0xFFFF, 0xFFFF, 0xFFFF, 
0xFFFF, 0xFFFF, 0xFFFF, 0xFFFF, 0xFFFF, 0xFFFF, 0xFFFF, 0xFFFF, 0xFFFF, 0xFFFF, 0xFFFF, 0xFFFF, 0xFFFF, 0xFFFF, 0xFFFF, 0xFFFF, 
0xFFFF, 0xFFFF, 0xFFDF, 0xFFFF, 0xF61B, 0xC0EB, 0xD829, 0xD829, 0xD829, 0xD809, 0xD809, 0xE009, 0xE009, 0xE009, 0xE009, 0xE009, 
0xE009, 0xE009, 0xE009, 0xE009, 0xE009, 0xE009, 0xE009, 0xE009, 0xE009, 0xE009, 0xE009, 0xE009, 0xE009, 0xE009, 0xE009, 0xE009, 
0xE009, 0xE009, 0xE009, 0xE009, 0xE009, 0xE009, 0xE009, 0xE009, 0xE009, 0xE009, 0xE009, 0xE009, 0xE009, 0xE009, 0xE009, 0xE009, 
0xE009, 0xE009, 0xE009, 0xE009, 0xE63A, 0xFFDF, 0xFFFF, 0xFFFF, 0xFFFF, 0xFFFF, 0xFFFF, 0xFFFF, 0xFFFF, 0xFFFF, 0xFFFF, 0xFFFF, 
0xFFFF, 0xFFFF, 0xFFFF, 0xFFFF, 0xFFFF, 0xFFFF, 0xFFFF, 0xFFFF, 0xFFFF, 0xFFFF, 0xFFFF, 0xFFFF, 0xFFFF, 0xFFFF, 0xFFFF, 0xFFFF, 
0xFFFF, 0xFFFF, 0xFFFF, 0xFFFF, 0xFFFF, 0xFFFF, 0xFFFF, 0xFFFF, 0xFFFF, 0xFFFF, 0xFFFF, 0xFFFF, 0xFFFF, 0xFFFF, 0xFFFF, 0xFFFF, 
0xFFFF, 0xFFFF, 0xFFFF, 0xFFFF, 0xFFFF, 0xFFFF, 0xFFFF, 0xFFFF, 0xFFFF, 0xFFFF, 0xFFFF, 0xFFFF, 0xFFFF, 0xFFFF, 0xFFFF, 0xFFFF, 
0xFFFF, 0xFFFF, 0xFFFF, 0xFFFF, 0xFFFF, 0xFFFF, 0xFFFF, 0xFFFF, 0xFFFF, 0xFFFF, 0xFFFF, 0xFFFF, 0xFFFF, 0xFFFF, 0xFFFF, 0xFFFF, 
0xFFFF, 0xFFFF, 0xFFFF, 0xFFFF, 0xFFFF, 0xFFFF, 0xFFFF, 0xFFFF, 0xFFFF, 0xFFFF, 0xFFFF, 0xFFFF, 0xFFFF, 0xFFFF, 0xFFFF, 0xFFFF, 
0xFFFF, 0xFFFF, 0xFFFF, 0xFFFF, 0xFFFF, 0xFFFF, 0xFFFF, 0xFFFF, 0xFFFF, 0xFFFF, 0xFFFF, 0xFFFF, 0xFFFF, 0xFFFF, 0xFFFF, 0xFFFF, 
0xFFFF, 0xFFFF, 0xFFFF, 0xFFFF, 0xFFFF, 0xFFFF, 0xFFFF, 0xFFFF, 0xFFFF, 0xFFFF, 0xFFFF, 0xFFFF, 0xFFFF, 0xFFFF, 0xFFFF, 0xFFFF, 
0xFFFF, 0xFFFF, 0xFFFF, 0xFFFF, 0xFFFF, 0xFFFF, 0xFFFF, 0xFFFF, 0xFFFF, 0xFFFF, 0xFFFF, 0xFFFF, 0xFFFF, 0xFFFF, 0xFFFF, 0xFFFF, 
0xFFFF, 0xFFFF, 0xFFFF, 0xFFFF, 0xFFFF, 0xFFFF, 0xFFFF, 0xFFFF, 0xFFFF, 0xFFFF, 0xFFFF, 0xFFFF, 0xFFFF, 0xFFFF, 0xFFFF, 0xFFFF, 
0xFFFF, 0xFFFF, 0xFFFF, 0xFFFF, 0xFFFF, 0xFFFF, 0xFFFF, 0xFFFF, 0xFFFF, 0xFFFF, 0xFFFF, 0xFFFF, 0xFFFF, 0xFFBF, 0xFFFF, 0xFE7C, 
0xC16C, 0xC808, 0xE009, 0xD809, 0xD809, 0xE009, 0xE009, 0xE009, 0xE009, 0xE009, 0xE009, 0xE009, 0xE009, 0xE009, 0xE009, 0xE009, 
0xE009, 0xE009, 0xE009, 0xE009, 0xE009, 0xE009, 0xE009, 0xE009, 0xE009, 0xE009, 0xE009, 0xE009, 0xE009, 0xE009, 0xE009, 0xE009, 
0xE009, 0xE009, 0xE009, 0xE009, 0xE009, 0xE009, 0xE009, 0xE009, 0xE009, 0xE009, 0xE009, 0xE009, 0xE009, 0xE009, 0xE009, 0xE009, 
0xE63A, 0xFFDF, 0xFFFF, 0xFFFF, 0xFFFF, 0xFFFF, 0xFFFF, 0xFFFF, 0xFFFF, 0xFFFF, 0xFFFF, 0xFFFF, 0xFFFF, 0xFFFF, 0xFFFF, 0xFFFF, 
0xFFFF, 0xFFFF, 0xFFFF, 0xFFFF, 0xFFFF, 0xFFFF, 0xFFFF, 0xFFFF, 0xFFFF, 0xFFFF, 0xFFFF, 0xFFFF, 0xFFFF, 0xFFFF, 0xFFFF, 0xFFFF, 
0xFFFF, 0xFFFF, 0xFFFF, 0xFFFF, 0xFFFF, 0xFFFF, 0xFFFF, 0xFFFF, 0xFFFF, 0xFFFF, 0xFFFF, 0xFFFF, 0xFFFF, 0xFFFF, 0xFFFF, 0xFFFF, 
0xFFFF, 0xFFFF, 0xFFFF, 0xFFFF, 0xFFFF, 0xFFFF, 0xFFFF, 0xFFFF, 0xFFFF, 0xFFFF, 0xFFFF, 0xFFFF, 0xFFFF, 0xFFFF, 0xFFFF, 0xFFFF, 
0xFFFF, 0xFFFF, 0xFFFF, 0xFFFF, 0xFFFF, 0xFFFF, 0xFFFF, 0xFFFF, 0xFFFF, 0xFFFF, 0xFFFF, 0xFFFF, 0xFFFF, 0xFFFF, 0xFFFF, 0xFFFF, 
0xFFFF, 0xFFFF, 0xFFFF, 0xFFFF, 0xFFFF, 0xFFFF, 0xFFFF, 0xFFFF, 0xFFFF, 0xFFFF, 0xFFFF, 0xFFFF, 0xFFFF, 0xFFFF, 0xFFFF, 0xFFFF, 
0xFFFF, 0xFFFF, 0xFFFF, 0xFFFF, 0xFFFF, 0xFFFF, 0xFFFF, 0xFFFF, 0xFFFF, 0xFFFF, 0xFFFF, 0xFFFF, 0xFFFF, 0xFFFF, 0xFFFF, 0xFFFF, 
0xFFFF, 0xFFFF, 0xFFFF, 0xFFFF, 0xFFFF, 0xFFFF, 0xFFFF, 0xFFFF, 0xFFFF, 0xFFFF, 0xFFFF, 0xFFFF, 0xFFFF, 0xFFFF, 0xFFFF, 0xFFFF, 
0xFFFF, 0xFFFF, 0xFFFF, 0xFFFF, 0xFFFF, 0xFFFF, 0xFFFF, 0xFFFF, 0xFFFF, 0xFFFF, 0xFFFF, 0xFFFF, 0xFFFF, 0xFFFF, 0xFFFF, 0xFFFF, 
0xFFFF, 0xFFFF, 0xFFFF, 0xFFFF, 0xFFFF, 0xFFFF, 0xFFFF, 0xFFFF, 0xFFFF, 0xFFFF, 0xFFFF, 0xFFFF, 0xFFFF, 0xFFFF, 0xFFFF, 0xFFFF, 
0xFFFF, 0xFFFF, 0xFFFF, 0xFFFF, 0xFFFF, 0xFFFF, 0xFFFF, 0xFFFF, 0xFFDF, 0xFFFF, 0xFE9C, 0xD22E, 0xC829, 0xD829, 0xE009, 0xD809, 
0xD809, 0xE009, 0xE009, 0xE009, 0xE009, 0xE009, 0xE009, 0xE009, 0xE009, 0xE009, 0xE009, 0xE009, 0xE009, 0xE009, 0xE009, 0xE009, 
0xE009, 0xE009, 0xE009, 0xE009, 0xE009, 0xE009, 0xE009, 0xE009, 0xE009, 0xE009, 0xE009, 0xE009, 0xE009, 0xE009, 0xE009, 0xE009, 
0xE009, 0xE009, 0xE009, 0xE009, 0xE009, 0xE009, 0xE009, 0xE009, 0xE009, 0xE009, 0xE009, 0xE009, 0xE63A, 0xFFDF, 0xFFFF, 0xFFFF, 
0xFFFF, 0xFFFF, 0xFFFF, 0xFFFF, 0xFFFF, 0xFFFF, 0xFFFF, 0xFFFF, 0xFFFF, 0xFFFF, 0xFFFF, 0xFFFF, 0xFFFF, 0xFFFF, 0xFFFF, 0xFFFF, 
0xFFFF, 0xFFFF, 0xFFFF, 0xFFFF, 0xFFFF, 0xFFFF, 0xFFFF, 0xFFFF, 0xFFFF, 0xFFFF, 0xFFFF, 0xFFFF, 0xFFFF, 0xFFFF, 0xFFFF, 0xFFFF, 
0xFFFF, 0xFFFF, 0xFFFF, 0xFFFF, 0xFFFF, 0xFFFF, 0xFFFF, 0xFFFF, 0xFFFF, 0xFFFF, 0xFFFF, 0xFFFF, 0xFFFF, 0xFFFF, 0xFFFF, 0xFFFF, 
0xFFFF, 0xFFFF, 0xFFFF, 0xFFFF, 0xFFFF, 0xFFFF, 0xFFFF, 0xFFFF, 0xFFFF, 0xFFFF, 0xFFFF, 0xFFFF, 0xFFFF, 0xFFFF, 0xFFFF, 0xFFFF, 
0xFFFF, 0xFFFF, 0xFFFF, 0xFFFF, 0xFFFF, 0xFFFF, 0xFFFF, 0xFFFF, 0xFFFF, 0xFFFF, 0xFFFF, 0xFFFF, 0xFFFF, 0xFFFF, 0xFFFF, 0xFFFF, 
0xFFFF, 0xFFFF, 0xFFFF, 0xFFFF, 0xFFFF, 0xFFFF, 0xFFFF, 0xFFFF, 0xFFFF, 0xFFFF, 0xFFFF, 0xFFFF, 0xFFFF, 0xFFFF, 0xFFFF, 0xFFFF, 
0xFFFF, 0xFFFF, 0xFFFF, 0xFFFF, 0xFFFF, 0xFFFF, 0xFFFF, 0xFFFF, 0xFFFF, 0xFFFF, 0xFFFF, 0xFFFF, 0xFFFF, 0xFFFF, 0xFFFF, 0xFFFF, 
0xFFFF, 0xFFFF, 0xFFFF, 0xFFFF, 0xFFFF, 0xFFFF, 0xFFFF, 0xFFFF, 0xFFFF, 0xFFFF, 0xFFFF, 0xFFFF, 0xFFFF, 0xFFFF, 0xFFFF, 0xFFFF, 
0xFFFF, 0xFFFF, 0xFFFF, 0xFFFF, 0xFFFF, 0xFFFF, 0xFFFF, 0xFFFF, 0xFFFF, 0xFFFF, 0xFFFF, 0xFFFF, 0xFFFF, 0xFFFF, 0xFFFF, 0xFFFF, 
0xFFFF, 0xFFFF, 0xFFFF, 0xFFFF, 0xFFFF, 0xFFFF, 0xFFFF, 0xFFFF, 0xFFFF, 0xFFFF, 0xFFFF, 0xFFFF, 0xFFFF, 0xFFFF, 0xFFFF, 0xFFFF, 
0xFFFF, 0xFFFF, 0xFFDF, 0xFFFF, 0xFFFF, 0xF5DB, 0xD14C, 0xD008, 0xE02A, 0xE009, 0xD809, 0xD809, 0xE009, 0xE009, 0xE009, 0xE009, 
0xE009, 0xE009, 0xE009, 0xE009, 0xE009, 0xE009, 0xE009, 0xE009, 0xE009, 0xE009, 0xE009, 0xE009, 0xE009, 0xE009, 0xE009, 0xE009, 
0xE009, 0xE009, 0xE009, 0xE009, 0xE009, 0xE009, 0xE009, 0xE009, 0xE009, 0xE009, 0xE009, 0xE009, 0xE009, 0xE009, 0xE009, 0xE009, 
0xE009, 0xE009, 0xE009, 0xE009, 0xE009, 0xE009, 0xE009, 0xE009, 0xE63A, 0xFFDF, 0xFFFF, 0xFFFF, 0xFFFF, 0xFFFF, 0xFFFF, 0xFFFF, 
0xFFFF, 0xFFFF, 0xFFFF, 0xFFFF, 0xFFFF, 0xFFFF, 0xFFFF, 0xFFFF, 0xFFFF, 0xFFFF, 0xFFFF, 0xFFFF, 0xFFFF, 0xFFFF, 0xFFFF, 0xFFFF, 
0xFFFF, 0xFFFF, 0xFFFF, 0xFFFF, 0xFFFF, 0xFFFF, 0xFFFF, 0xFFFF, 0xFFFF, 0xFFFF, 0xFFFF, 0xFFFF, 0xFFFF, 0xFFFF, 0xFFFF, 0xFFFF, 
0xFFFF, 0xFFFF, 0xFFFF, 0xFFFF, 0xFFFF, 0xFFFF, 0xFFFF, 0xFFFF, 0xFFFF, 0xFFFF, 0xFFFF, 0xFFFF, 0xFFFF, 0xFFFF, 0xFFFF, 0xFFFF, 
0xFFFF, 0xFFFF, 0xFFFF, 0xFFFF, 0xFFFF, 0xFFFF, 0xFFFF, 0xFFFF, 0xFFFF, 0xFFFF, 0xFFFF, 0xFFFF, 0xFFFF, 0xFFFF, 0xFFFF, 0xFFFF, 
0xFFFF, 0xFFFF, 0xFFFF, 0xFFFF, 0xFFFF, 0xFFFF, 0xFFFF, 0xFFFF, 0xFFFF, 0xFFFF, 0xFFFF, 0xFFFF, 0xFFFF, 0xFFFF, 0xFFFF, 0xFFFF, 
0xFFFF, 0xFFFF, 0xFFFF, 0xFFFF, 0xFFFF, 0xFFFF, 0xFFFF, 0xFFFF, 0xFFFF, 0xFFFF, 0xFFFF, 0xFFFF, 0xFFFF, 0xFFFF, 0xFFFF, 0xFFFF, 
0xFFFF, 0xFFFF, 0xFFFF, 0xFFFF, 0xFFFF, 0xFFFF, 0xFFFF, 0xFFFF, 0xFFFF, 0xFFFF, 0xFFFF, 0xFFFF, 0xFFFF, 0xFFFF, 0xFFFF, 0xFFFF, 
0xFFFF, 0xFFFF, 0xFFFF, 0xFFFF, 0xFFFF, 0xFFFF, 0xFFFF, 0xFFFF, 0xFFFF, 0xFFFF, 0xFFFF, 0xFFFF, 0xFFFF, 0xFFFF, 0xFFFF, 0xFFFF, 
0xFFFF, 0xFFFF, 0xFFFF, 0xFFFF, 0xFFFF, 0xFFFF, 0xFFFF, 0xFFFF, 0xFFFF, 0xFFFF, 0xFFFF, 0xFFFF, 0xFFFF, 0xFFFF, 0xFFFF, 0xFFFF, 
0xFFFF, 0xFFFF, 0xFFFF, 0xFFFF, 0xFFFF, 0xFFFF, 0xFFFF, 0xFFFF, 0xFFFF, 0xFFFF, 0xFFFF, 0xFFFF, 0xFFFF, 0xFFDF, 0xFFFF, 0xFF7F, 
0xEC76, 0xC0AA, 0xD008, 0xE009, 0xE00A, 0xE009, 0xD809, 0xE009, 0xE009, 0xE009, 0xE009, 0xE009, 0xE009, 0xE009, 0xE009, 0xE009, 
0xE009, 0xE009, 0xE009, 0xE009, 0xE009, 0xE009, 0xE009, 0xE009, 0xE009, 0xE009, 0xE009, 0xE009, 0xE009, 0xE009, 0xE009, 0xE009, 
0xE009, 0xE009, 0xE009, 0xE009, 0xE009, 0xE009, 0xE009, 0xE009, 0xE009, 0xE009, 0xE009, 0xE009, 0xE009, 0xE009, 0xE009, 0xE009, 
0xE009, 0xE009, 0xE009, 0xE009, 0xE63A, 0xFFDF, 0xFFDF, 0xFFFF, 0xFFFF, 0xFFFF, 0xFFFF, 0xFFFF, 0xFFFF, 0xFFFF, 0xFFFF, 0xFFFF, 
0xFFFF, 0xFFFF, 0xFFFF, 0xFFFF, 0xFFFF, 0xFFFF, 0xFFFF, 0xFFFF, 0xFFFF, 0xFFFF, 0xFFFF, 0xFFFF, 0xFFFF, 0xFFFF, 0xFFFF, 0xFFFF, 
0xFFFF, 0xFFFF, 0xFFFF, 0xFFFF, 0xFFFF, 0xFFFF, 0xFFFF, 0xFFFF, 0xFFFF, 0xFFFF, 0xFFFF, 0xFFFF, 0xFFFF, 0xFFFF, 0xFFFF, 0xFFFF, 
0xFFFF, 0xFFFF, 0xFFFF, 0xFFFF, 0xFFFF, 0xFFFF, 0xFFFF, 0xFFFF, 0xFFFF, 0xFFFF, 0xFFFF, 0xFFFF, 0xFFFF, 0xFFFF, 0xFFFF, 0xFFFF, 
0xFFFF, 0xFFFF, 0xFFFF, 0xFFFF, 0xFFFF, 0xFFFF, 0xFFFF, 0xFFFF, 0xFFFF, 0xFFFF, 0xFFFF, 0xFFFF, 0xFFFF, 0xFFFF, 0xFFFF, 0xFFFF, 
0xFFFF, 0xFFFF, 0xFFFF, 0xFFFF, 0xFFFF, 0xFFFF, 0xFFFF, 0xFFFF, 0xFFFF, 0xFFFF, 0xFFFF, 0xFFFF, 0xFFFF, 0xFFFF, 0xFFFF, 0xFFFF, 
0xFFFF, 0xFFFF, 0xFFFF, 0xFFFF, 0xFFFF, 0xFFFF, 0xFFFF, 0xFFFF, 0xFFFF, 0xFFFF, 0xFFFF, 0xFFFF, 0xFFFF, 0xFFFF, 0xFFFF, 0xFFFF, 
0xFFFF, 0xFFFF, 0xFFFF, 0xFFFF, 0xFFFF, 0xFFFF, 0xFFFF, 0xFFFF, 0xFFFF, 0xFFFF, 0xFFFF, 0xFFFF, 0xFFFF, 0xFFFF, 0xFFFF, 0xFFFF, 
0xFFFF, 0xFFFF, 0xFFFF, 0xFFFF, 0xFFFF, 0xFFFF, 0xFFFF, 0xFFFF, 0xFFFF, 0xFFFF, 0xFFFF, 0xFFFF, 0xFFFF, 0xFFFF, 0xFFFF, 0xFFFF, 
0xFFFF, 0xFFFF, 0xFFFF, 0xFFFF, 0xFFFF, 0xFFFF, 0xFFFF, 0xFFFF, 0xFFFF, 0xFFFF, 0xFFFF, 0xFFFF, 0xFFFF, 0xFFFF, 0xFFFF, 0xFFFF, 
0xFFFF, 0xFFFF, 0xFFFF, 0xFFFF, 0xFFFF, 0xFFFF, 0xFFFF, 0xFFFF, 0xFFFF, 0xFFFF, 0xEDBA, 0xDA70, 0xC808, 0xD809, 0xD829, 0xD029, 
0xD829, 0xE009, 0xE009, 0xE009, 0xE009, 0xE009, 0xE009, 0xE009, 0xE009, 0xE009, 0xE009, 0xE009, 0xE009, 0xE009, 0xE009, 0xE009, 
0xE009, 0xE009, 0xE009, 0xE009, 0xE009, 0xE009, 0xE009, 0xE009, 0xE009, 0xE009, 0xE009, 0xE009, 0xE009, 0xE009, 0xE009, 0xE009, 
0xE009, 0xE009, 0xE009, 0xE009, 0xE009, 0xE009, 0xE009, 0xE009, 0xE009, 0xE009, 0xE009, 0xE009, 0xE009, 0xE009, 0xE009, 0xE009, 
0xEE7B, 0xFFFF, 0xFFFF, 0xFFFF, 0xFFFF, 0xFFFF, 0xFFFF, 0xFFFF, 0xFFFF, 0xFFFF, 0xFFFF, 0xFFFF, 0xFFFF, 0xFFFF, 0xFFFF, 0xFFFF, 
0xFFFF, 0xFFFF, 0xFFFF, 0xFFFF, 0xFFFF, 0xFFFF, 0xFFFF, 0xFFFF, 0xFFFF, 0xFFFF, 0xFFFF, 0xFFFF, 0xFFFF, 0xFFFF, 0xFFFF, 0xFFFF, 
0xFFFF, 0xFFFF, 0xFFFF, 0xFFFF, 0xFFFF, 0xFFFF, 0xFFFF, 0xFFFF, 0xFFFF, 0xFFFF, 0xFFFF, 0xFFFF, 0xFFFF, 0xFFFF, 0xFFFF, 0xFFFF, 
0xFFFF, 0xFFFF, 0xFFFF, 0xFFFF, 0xFFFF, 0xFFFF, 0xFFFF, 0xFFFF, 0xFFFF, 0xFFFF, 0xFFFF, 0xFFFF, 0xFFFF, 0xFFFF, 0xFFFF, 0xFFFF, 
0xFFFF, 0xFFFF, 0xFFFF, 0xFFFF, 0xFFFF, 0xFFFF, 0xFFFF, 0xFFFF, 0xFFFF, 0xFFFF, 0xFFFF, 0xFFFF, 0xFFFF, 0xFFFF, 0xFFFF, 0xFFFF, 
0xFFFF, 0xFFFF, 0xFFFF, 0xFFFF, 0xFFFF, 0xFFFF, 0xFFFF, 0xFFFF, 0xFFFF, 0xFFFF, 0xFFFF, 0xFFFF, 0xFFFF, 0xFFFF, 0xFFFF, 0xFFFF, 
0xFFFF, 0xFFFF, 0xFFFF, 0xFFFF, 0xFFFF, 0xFFFF, 0xFFFF, 0xFFFF, 0xFFFF, 0xFFFF, 0xFFFF, 0xFFFF, 0xFFFF, 0xFFFF, 0xFFFF, 0xFFFF, 
0xFFFF, 0xFFFF, 0xFFFF, 0xFFFF, 0xFFFF, 0xFFFF, 0xFFFF, 0xFFFF, 0xFFFF, 0xFFFF, 0xFFFF, 0xFFFF, 0xFFFF, 0xFFFF, 0xFFFF, 0xFFFF, 
0xFFFF, 0xFFFF, 0xFFFF, 0xFFFF, 0xFFFF, 0xFFFF, 0xFFFF, 0xFFFF, 0xFFFF, 0xFFFF, 0xFFFF, 0xFFFF, 0xFFFF, 0xFFFF, 0xFFFF, 0xFFFF, 
0xFFFF, 0xFFFF, 0xFFFF, 0xFFFF, 0xFFFF, 0xFFFF, 0xFFFF, 0xFFFF, 0xFFFF, 0xFFFF, 0xFFFF, 0xFFFF, 0xFFFF, 0xFFFF, 0xFFFF, 0xFFFF, 
0xFFFF, 0xFFFF, 0xFFDF, 0xFEDD, 0xF518, 0xDAD0, 0xC0AA, 0xC808, 0xD829, 0xE00A, 0xD809, 0xD809, 0xD809, 0xE009, 0xE00A, 0xE00A, 
0xE00A, 0xE009, 0xE009, 0xE009, 0xE009, 0xE009, 0xE009, 0xE009, 0xE009, 0xE009, 0xE009, 0xE009, 0xE009, 0xE009, 0xE009, 0xE009, 
0xE009, 0xE009, 0xE009, 0xE009, 0xE009, 0xE009, 0xE009, 0xE009, 0xE009, 0xE009, 0xE009, 0xE009, 0xE009, 0xE009, 0xE009, 0xE009, 
0xE009, 0xE009, 0xE009, 0xE009, 0xE009, 0xE009, 0xE009, 0xE009, 0xE009, 0xE009, 0xE009, 0xE009, 0xFCB7, 0xFE1C, 0xFE1B, 0xFE3B, 
0xFE3B, 0xFE3B, 0xFE1B, 0xFE1B, 0xFE1C, 0xFE1C, 0xFE1C, 0xFE1C, 0xFE1C, 0xFE1C, 0xFE1C, 0xFE1C, 0xFE1C, 0xFE3C, 0xFE3C, 0xFE3C, 
0xFE3C, 0xFE1B, 0xFE1B, 0xFE1B, 0xFE1B, 0xFE1B, 0xFE1B, 0xFE1B, 0xFE1C, 0xFE1C, 0xFE1C, 0xFE1C, 0xFE1C, 0xFE1C, 0xFE1C, 0xFE1C, 
0xFE1C, 0xFE1C, 0xFE3C, 0xFE3C, 0xFE3C, 0xFE3C, 0xFE3B, 0xFE3B, 0xFE3B, 0xFE3B, 0xFE3B, 0xFE1B, 0xFE1B, 0xFE1B, 0xFE1B, 0xFE1B, 
0xFE3C, 0xFE3C, 0xFE3C, 0xFE3C, 0xFE3C, 0xFE3C, 0xFE3C, 0xFE3C, 0xFE3C, 0xFE3C, 0xFE1B, 0xFE1B, 0xFE1B, 0xFE1B, 0xFE1B, 0xFE1B, 
0xFE1B, 0xFE1B, 0xFE1B, 0xFE1B, 0xFE1B, 0xFE3C, 0xFE3C, 0xFE3C, 0xFE3C, 0xFE3C, 0xFE3C, 0xFE3C, 0xFE3C, 0xFE3C, 0xFE3C, 0xFE1B, 
0xFE1B, 0xFE1B, 0xFE1B, 0xFE1B, 0xFE1B, 0xFE1B, 0xFE1B, 0xFE1B, 0xFE1B, 0xFE3C, 0xFE3C, 0xFE3C, 0xFE3C, 0xFE3C, 0xFE3C, 0xFE3C, 
0xFE3C, 0xFE3C, 0xFE3C, 0xFE3C, 0xFE1B, 0xFE1B, 0xFE1B, 0xFE1B, 0xFE1B, 0xFE1B, 0xFE1B, 0xFE1B, 0xFE1B, 0xFE1B, 0xFE3C, 0xFE3C, 
0xFE3C, 0xFE3C, 0xFE3C, 0xFE3C, 0xFE3C, 0xFE3C, 0xFE3C, 0xFE3C, 0xFE3C, 0xFE1B, 0xFE1B, 0xFE1B, 0xFE1B, 0xFE1B, 0xFE1B, 0xFE1B, 
0xFE1B, 0xFE1B, 0xFE1B, 0xFE3C, 0xFE3C, 0xFE3C, 0xFE3C, 0xFE3C, 0xFE3C, 0xFE3C, 0xFE3C, 0xFE3C, 0xFE3C, 0xFE1B, 0xFE1B, 0xFE1B, 
0xFE1B, 0xFE1B, 0xFE1B, 0xFE3B, 0xFE3B, 0xFE3B, 0xFE3B, 0xFE3B, 0xFE1B, 0xFE1B, 0xFE3C, 0xFDFB, 0xFD79, 0xEC96, 0xDB11, 0xC96C, 
0xC048, 0xD008, 0xE009, 0xE02A, 0xE009, 0xE009, 0xE009, 0xE009, 0xE009, 0xE009, 0xE00A, 0xE00A, 0xE00A, 0xE009, 0xE009, 0xE009, 
0xE009, 0xE009, 0xE009, 0xE009, 0xE009, 0xE009, 0xE009, 0xE009, 0xE009, 0xE009, 0xE009, 0xE009, 0xE009, 0xE009, 0xE009, 0xE009, 
0xE009, 0xE009, 0xE009, 0xE009, 0xE009, 0xE009, 0xE009, 0xE009, 0xE009, 0xE009, 0xE009, 0xE009, 0xE009, 0xE009, 0xE009, 0xE009, 
0xE009, 0xE009, 0xE009, 0xE009, 0xE009, 0xE009, 0xE009, 0xE009, 0xD08A, 0xD08A, 0xC88A, 0xC8CA, 0xC8CA, 0xC8AA, 0xC8AA, 0xC8AA, 
0xC88A, 0xC88A, 0xD0AA, 0xD0AB, 0xD0AB, 0xD0AB, 0xD0AB, 0xD0AB, 0xD0AA, 0xD0AA, 0xD0AA, 0xD0AA, 0xD0AA, 0xC8AA, 0xC8AA, 0xC8AA, 
0xC8AA, 0xC8AA, 0xC8AA, 0xC8AA, 0xC8AA, 0xC88A, 0xC88A, 0xD0AB, 0xD0AB, 0xD0AB, 0xD0AB, 0xD0AB, 0xD0AB, 0xD0AA, 0xC8AA, 0xC8AA, 
0xC8AA, 0xC8AA, 0xC8AA, 0xC8AA, 0xC8AA, 0xC8AA, 0xC8AA, 0xC8AA, 0xC8AA, 0xC8AA, 0xC8AA, 0xC8AA, 0xD0AA, 0xD0AA, 0xD0AA, 0xD0AA, 
0xD0AA, 0xD0AA, 0xD0AA, 0xD0AA, 0xD0AA, 0xD0AA, 0xC8AA, 0xC8AA, 0xC8AA, 0xC8AA, 0xC8AA, 0xC8AA, 0xC8AA, 0xC8AA, 0xC8AA, 0xC8AA, 
0xC8AA, 0xD0AA, 0xD0AA, 0xD0AA, 0xD0AA, 0xD0AA, 0xD0AA, 0xD0AA, 0xD0AA, 0xD0AA, 0xD0AA, 0xC8AA, 0xC8AA, 0xC8AA, 0xC8AA, 0xC8AA, 
0xC8AA, 0xC8AA, 0xC8AA, 0xC8AA, 0xC8AA, 0xD0AA, 0xD0AA, 0xD0AA, 0xD0AA, 0xD0AA, 0xD0AA, 0xD0AA, 0xD0AA, 0xD0AA, 0xD0AA, 0xD0AA, 
0xC8AA, 0xC8AA, 0xC8AA, 0xC8AA, 0xC8AA, 0xC8AA, 0xC8AA, 0xC8AA, 0xC8AA, 0xC8AA, 0xD0AA, 0xD0AA, 0xD0AA, 0xD0AA, 0xD0AA, 0xD0AA, 
0xD0AA, 0xD0AA, 0xD0AA, 0xD0AA, 0xD0AA, 0xC8AA, 0xC8AA, 0xC8AA, 0xC8AA, 0xC8AA, 0xC8AA, 0xC8AA, 0xC8AA, 0xC8AA, 0xC8AA, 0xD0AA, 
0xD0AA, 0xD0AA, 0xD0AA, 0xD0AA, 0xD0AA, 0xD0AA, 0xD0AA, 0xD0AA, 0xD0AA, 0xC8AA, 0xC8AA, 0xC8AA, 0xC8AA, 0xC8AA, 0xC8AA, 0xC8AA, 
0xC8AA, 0xC8AA, 0xC8AA, 0xC8AA, 0xC8AA, 0xC8AA, 0xC8AA, 0xD0AA, 0xD08A, 0xD809, 0xD808, 0xD808, 0xE029, 0xE02A, 0xE009, 0xE009, 
0xE009, 0xE009, 0xE009, 0xE009, 0xE009, 0xE009, 0xE00A, 0xE00A, 0xE00A, 0xE009, 0xE009, 0xE009, 0xE009, 0xE009, 0xE009, 0xE009, 
0xE009, 0xE009, 0xE009, 0xE009, 0xE009, 0xE009, 0xE009, 0xE009, 0xE009, 0xE009, 0xE009, 0xE009, 0xE009, 0xE009, 0xE009, 0xE009, 
0xE009, 0xE009, 0xE009, 0xE009, 0xE009, 0xE009, 0xE009, 0xE009, 0xE009, 0xE009, 0xE009, 0xE009, 0xE009, 0xE009, 0xE009, 0xE009, 
0xE009, 0xE009, 0xE009, 0xE009, 0xE009, 0xD809, 0xD809, 0xD809, 0xD809, 0xD809, 0xD809, 0xD809, 0xD809, 0xD809, 0xD809, 0xD809, 
0xD809, 0xD809, 0xD809, 0xD809, 0xD809, 0xD809, 0xD809, 0xD809, 0xD809, 0xD809, 0xD809, 0xD809, 0xD809, 0xD809, 0xD809, 0xD809, 
0xD809, 0xD809, 0xD809, 0xD809, 0xD809, 0xD809, 0xD809, 0xD809, 0xD809, 0xD809, 0xD809, 0xD809, 0xD809, 0xD809, 0xD809, 0xD809, 
0xD809, 0xD809, 0xD809, 0xD809, 0xD809, 0xD809, 0xD809, 0xD809, 0xD809, 0xD809, 0xD809, 0xD809, 0xD809, 0xD809, 0xD809, 0xD809, 
0xD809, 0xD809, 0xD809, 0xD809, 0xD809, 0xD809, 0xD809, 0xD809, 0xD809, 0xD809, 0xD809, 0xD809, 0xD809, 0xD809, 0xD809, 0xD809, 
0xD809, 0xD809, 0xD809, 0xD809, 0xD809, 0xD809, 0xD809, 0xD809, 0xD809, 0xD809, 0xD809, 0xD809, 0xD809, 0xD809, 0xD809, 0xD809, 
0xD809, 0xD809, 0xD809, 0xD809, 0xD809, 0xD809, 0xD809, 0xD809, 0xD809, 0xD809, 0xD809, 0xD809, 0xD809, 0xD809, 0xD809, 0xD809, 
0xD809, 0xD809, 0xD809, 0xD809, 0xD809, 0xD809, 0xD809, 0xD809, 0xD809, 0xD809, 0xD809, 0xD809, 0xD809, 0xD809, 0xD809, 0xD809, 
0xD809, 0xD809, 0xD809, 0xD809, 0xD809, 0xD809, 0xD809, 0xD809, 0xD809, 0xD809, 0xD809, 0xD809, 0xD809, 0xD809, 0xD809, 0xD809, 
0xD809, 0xD809, 0xD809, 0xD809, 0xD809, 0xD809, 0xD809, 0xD809, 0xD809, 0xD809, 0xD809, 0xD809, 0xD809, 0xD809, 0xD809, 0xD809, 
0xD809, 0xD809, 0xD809, 0xD809, 0xD809, 0xE009, 0xE009, 0xE009, 0xD809, 0xD809, 0xD809, 0xE009, 0xE009, 0xE009, 0xE009, 0xE00A, 
0xE00A, 0xE00A, 0xE00A, 0xE00A, 0xE00A, 0xE00A, 0xE00A, 0xE009, 0xE009, 0xE009, 0xE009, 0xE009, 0xE009, 0xE009, 0xE009, 0xE009, 
0xE009, 0xE009, 0xE009, 0xE009, 0xE009, 0xE009, 0xE009, 0xE009, 0xE009, 0xE009, 0xE009, 0xE009, 0xE009, 0xE009, 0xE009, 0xE009, 
0xE009, 0xE009, 0xE009, 0xE009, 0xE009, 0xE009, 0xE009, 0xE009, 0xE009, 0xE009, 0xE009, 0xE009, 0xE009, 0xE009, 0xE009, 0xE009, 
0xE009, 0xE00A, 0xE00A, 0xE009, 0xE009, 0xD809, 0xD809, 0xD809, 0xD809, 0xD809, 0xD80A, 0xD80A, 0xD80A, 0xD80A, 0xD80A, 0xD80A, 
0xD809, 0xD809, 0xD809, 0xD809, 0xD809, 0xD809, 0xD809, 0xD809, 0xD809, 0xD809, 0xD809, 0xD809, 0xD809, 0xD809, 0xD809, 0xD80A, 
0xD80A, 0xD80A, 0xD80A, 0xD80A, 0xD80A, 0xD809, 0xD809, 0xD809, 0xD829, 0xD809, 0xD809, 0xD809, 0xD809, 0xD809, 0xD809, 0xD809, 
0xD809, 0xD809, 0xD809, 0xD809, 0xD809, 0xD809, 0xD809, 0xD809, 0xD809, 0xD809, 0xD809, 0xD809, 0xD809, 0xD809, 0xD809, 0xD809, 
0xD809, 0xD809, 0xD809, 0xD809, 0xD809, 0xD809, 0xD809, 0xD809, 0xD809, 0xD809, 0xD809, 0xD809, 0xD809, 0xD809, 0xD809, 0xD809, 
0xD809, 0xD809, 0xD809, 0xD809, 0xD809, 0xD809, 0xD809, 0xD809, 0xD809, 0xD809, 0xD809, 0xD809, 0xD809, 0xD809, 0xD809, 0xD809, 
0xD809, 0xD809, 0xD809, 0xD809, 0xD809, 0xD809, 0xD809, 0xD809, 0xD809, 0xD809, 0xD809, 0xD809, 0xD809, 0xD809, 0xD809, 0xD809, 
0xD809, 0xD809, 0xD809, 0xD809, 0xD809, 0xD809, 0xD809, 0xD809, 0xD809, 0xD809, 0xD809, 0xD809, 0xD809, 0xD809, 0xD809, 0xD809, 
0xD809, 0xD809, 0xD809, 0xD809, 0xD809, 0xD809, 0xD809, 0xD809, 0xD809, 0xD809, 0xD809, 0xD809, 0xD809, 0xD809, 0xD809, 0xD809, 
0xD809, 0xD809, 0xD809, 0xD809, 0xD809, 0xD809, 0xD809, 0xD809, 0xD809, 0xD809, 0xD809, 0xD809, 0xD809, 0xD829, 0xD809, 0xD809, 
0xE009, 0xE009, 0xD809, 0xD809, 0xD809, 0xD809, 0xD809, 0xE009, 0xE009, 0xE009, 0xE009, 0xE00A, 0xE00A, 0xE00A, 0xE00A, 0xE00A, 
0xE00A, 0xE00A, 0xE00A, 0xE009, 0xE009, 0xE009, 0xE009, 0xE009, 0xE009, 0xE009, 0xE009, 0xE009, 0xE009, 0xE009, 0xE009, 0xE009, 
0xE009, 0xE009, 0xE009, 0xE009, 0xE009, 0xE009, 0xE009, 0xE009, 0xE009, 0xE009, 0xE009, 0xE009, 0xE009, 0xE009, 0xE009, 0xE009, 
0xE009, 0xE009, 0xE009, 0xE009, 0xE009, 0xE009, 0xE009, 0xE009, 0xE009, 0xE009, 0xE009, 0xE009, 0xE009, 0xE009, 0xE009, 0xE009, 
0xE009, 0xD809, 0xD809, 0xD809, 0xD809, 0xD809, 0xD809, 0xD809, 0xD809, 0xD80A, 0xD809, 0xD809, 0xD809, 0xD809, 0xD809, 0xD809, 
0xD809, 0xD809, 0xD809, 0xD809, 0xD809, 0xD809, 0xD809, 0xD809, 0xD809, 0xD809, 0xD809, 0xD809, 0xD809, 0xD809, 0xD80A, 0xD809, 
0xD809, 0xD809, 0xD809, 0xD809, 0xD809, 0xD809, 0xD809, 0xD809, 0xD809, 0xD809, 0xD809, 0xD809, 0xD809, 0xD809, 0xD809, 0xD809, 
0xD809, 0xD809, 0xD809, 0xD809, 0xD809, 0xD809, 0xD809, 0xD809, 0xD809, 0xD809, 0xD809, 0xD809, 0xD809, 0xD809, 0xD809, 0xD809, 
0xD809, 0xD809, 0xD809, 0xD809, 0xD809, 0xD809, 0xD809, 0xD809, 0xD809, 0xD809, 0xD809, 0xD809, 0xD809, 0xD809, 0xD809, 0xD809, 
0xD809, 0xD809, 0xD809, 0xD809, 0xD809, 0xD809, 0xD809, 0xD809, 0xD809, 0xD809, 0xD809, 0xD809, 0xD809, 0xD809, 0xD809, 0xD809, 
0xD809, 0xD809, 0xD809, 0xD809, 0xD809, 0xD809, 0xD809, 0xD809, 0xD809, 0xD809, 0xD809, 0xD809, 0xD809, 0xD809, 0xD809, 0xD809, 
0xD809, 0xD809, 0xD809, 0xD809, 0xD809, 0xD809, 0xD809, 0xD809, 0xD809, 0xD809, 0xD809, 0xD809, 0xD809, 0xD809, 0xD809, 0xD809, 
0xD809, 0xD809, 0xD809, 0xD809, 0xD809, 0xD809, 0xD809, 0xD809, 0xD809, 0xD809, 0xD809, 0xD809, 0xD809, 0xD809, 0xD809, 0xD809, 
0xD809, 0xD809, 0xD809, 0xD809, 0xD809, 0xD809, 0xD809, 0xD809, 0xD809, 0xD809, 0xD809, 0xD809, 0xD809, 0xD809, 0xD809, 0xD809, 
0xD809, 0xD809, 0xD809, 0xE009, 0xE009, 0xE009, 0xE009, 0xE009, 0xE009, 0xE009, 0xE009, 0xE009, 0xE009, 0xE009, 0xE009, 0xE009, 
0xE009, 0xE009, 0xE009, 0xE009, 0xE009, 0xE009, 0xE009, 0xE009, 0xE009, 0xE009, 0xE009, 0xE009, 0xE009, 0xE009, 0xE009, 0xE009, 
0xE009, 0xE009, 0xE009, 0xE009, 0xE009, 0xE009, 0xE009, 0xE009, 0xE009, 0xE009, 0xE009, 0xE009, 0xE009, 0xE009, 0xE009, 0xE009, 
0xE009, 0xE009, 0xE009, 0xE009, 0xE009, 0xE009, 0xE009, 0xE009, 0xE009, 0xE009, 0xE009, 0xE009, 0xE009, 0xE009, 0xE009, 0xE009, 
0xE009, 0xE009, 0xD809, 0xD809, 0xD809, 0xD80A, 0xD809, 0xD809, 0xD809, 0xD809, 0xD809, 0xD809, 0xD809, 0xD809, 0xD809, 0xE009, 
0xE009, 0xE009, 0xE009, 0xE009, 0xE009, 0xE009, 0xE009, 0xE009, 0xE009, 0xE009, 0xD80A, 0xD809, 0xD809, 0xD809, 0xD809, 0xE009, 
0xE009, 0xE009, 0xE009, 0xE009, 0xE009, 0xE009, 0xE009, 0xE009, 0xD809, 0xD809, 0xD809, 0xD809, 0xD809, 0xD809, 0xD809, 0xE009, 
0xE009, 0xE009, 0xE009, 0xE009, 0xE009, 0xE009, 0xE009, 0xE009, 0xE009, 0xD809, 0xD809, 0xD809, 0xD809, 0xD809, 0xD809, 0xD809, 
0xD809, 0xE009, 0xE009, 0xE009, 0xE009, 0xE009, 0xE009, 0xE009, 0xE009, 0xE009, 0xE009, 0xE009, 0xE009, 0xE009, 0xE009, 0xE009, 
0xE009, 0xE009, 0xE009, 0xE009, 0xE009, 0xE009, 0xE009, 0xE009, 0xE009, 0xE009, 0xE009, 0xE009, 0xE009, 0xE009, 0xE009, 0xE009, 
0xE009, 0xE009, 0xE009, 0xE009, 0xE009, 0xE009, 0xE009, 0xE009, 0xE009, 0xE009, 0xE009, 0xE009, 0xE009, 0xE009, 0xE009, 0xE009, 
0xE009, 0xE009, 0xE009, 0xE009, 0xE009, 0xE009, 0xE009, 0xE009, 0xE009, 0xE009, 0xE009, 0xE009, 0xE009, 0xE009, 0xE009, 0xE009, 
0xE009, 0xE009, 0xE009, 0xE009, 0xE009, 0xE009, 0xE009, 0xD809, 0xD809, 0xD809, 0xD809, 0xD809, 0xD809, 0xD809, 0xD809, 0xD809, 
0xD809, 0xE009, 0xE009, 0xE009, 0xE009, 0xE009, 0xE009, 0xE009, 0xE009, 0xE009, 0xE009, 0xE009, 0xE009, 0xE009, 0xD809, 0xE009, 
0xE009, 0xE009, 0xE009, 0xE009, 0xE009, 0xE009, 0xE009, 0xE009, 0xE009, 0xE009, 0xE009, 0xE009, 0xE009, 0xE009, 0xE009, 0xE009, 
0xE009, 0xE009, 0xE009, 0xE009, 0xE009, 0xE009, 0xE009, 0xE009, 0xE009, 0xE009, 0xE009, 0xE009, 0xE009, 0xE009, 0xE009, 0xE009, 
0xE009, 0xE009, 0xE009, 0xE009, 0xE009, 0xE009, 0xE009, 0xE009, 0xE009, 0xE009, 0xE009, 0xE009, 0xE009, 0xE009, 0xE009, 0xE009, 
0xE009, 0xE009, 0xE009, 0xE009, 0xE009, 0xE009, 0xE009, 0xE009, 0xE009, 0xE009, 0xE009, 0xE009, 0xE009, 0xE009, 0xD809, 0xD809, 
0xD809, 0xD80A, 0xD809, 0xD809, 0xD809, 0xD809, 0xD809, 0xD809, 0xD809, 0xD809, 0xD809, 0xE009, 0xE009, 0xE009, 0xE009, 0xE009, 
0xE009, 0xE009, 0xE009, 0xE009, 0xE009, 0xE009, 0xD80A, 0xD809, 0xD809, 0xD809, 0xD809, 0xE009, 0xE009, 0xE009, 0xE009, 0xE009, 
0xE009, 0xE009, 0xE009, 0xE009, 0xD809, 0xD809, 0xD809, 0xD809, 0xD809, 0xD809, 0xD809, 0xE009, 0xE009, 0xE009, 0xE009, 0xE009, 
0xE009, 0xE009, 0xE009, 0xE009, 0xE009, 0xD809, 0xD809, 0xD809, 0xD809, 0xD809, 0xD809, 0xD809, 0xD809, 0xE009, 0xE009, 0xE009, 
0xE009, 0xE009, 0xE009, 0xE009, 0xE009, 0xE009, 0xE009, 0xE009, 0xE009, 0xE009, 0xE009, 0xE009, 0xE009, 0xE009, 0xE009, 0xE009, 
0xE009, 0xE009, 0xE009, 0xE009, 0xE009, 0xE009, 0xE009, 0xE009, 0xE009, 0xE009, 0xE009, 0xE009, 0xE009, 0xE009, 0xE009, 0xE009, 
0xE009, 0xE009, 0xE009, 0xE009, 0xE009, 0xE009, 0xE009, 0xE009, 0xE009, 0xE009, 0xE009, 0xE009, 0xE009, 0xE009, 0xE009, 0xE009, 
0xE009, 0xE009, 0xE009, 0xE009, 0xE009, 0xE009, 0xE009, 0xE009, 0xE009, 0xE009, 0xE009, 0xE009, 0xE009, 0xE009, 0xE009, 0xE009, 
0xE009, 0xE009, 0xE009, 0xD809, 0xD809, 0xD809, 0xD809, 0xD809, 0xD809, 0xD809, 0xD809, 0xD809, 0xD809, 0xE009, 0xE009, 0xE009, 
0xE009, 0xE009, 0xE009, 0xE009, 0xE009, 0xE009, 0xE009, 0xE009, 0xE009, 0xE009, 0xE009, 0xE009, 0xE009, 0xE009, 0xE009, 0xE009, 
0xE009, 0xE009, 0xE009, 0xE009, 0xE009, 0xE009, 0xE009, 0xE009, 0xE009, 0xE009, 0xE009, 0xE009, 0xE009, 0xE009, 0xE009, 0xE009, 
0xE009, 0xE009, 0xE009, 0xE009, 0xE009, 0xE009, 0xE009, 0xE009, 0xE009, 0xE009, 0xE009, 0xE009, 0xE009, 0xE009, 0xE009, 0xE009, 
0xE009, 0xE009, 0xE009, 0xE009, 0xE009, 0xE009, 0xE009, 0xE009, 0xE009, 0xE009, 0xE009, 0xE009, 0xE009, 0xE009, 0xE009, 0xE009, 
0xE00A, 0xE00A, 0xE00A, 0xE00A, 0xE009, 0xE009, 0xE009, 0xE009, 0xE009, 0xE009, 0xD809, 0xD809, 0xD809, 0xD809, 0xD809, 0xD809, 
0xD809, 0xD809, 0xE009, 0xE009, 0xE009, 0xD809, 0xD809, 0xE009, 0xE009, 0xE009, 0xE009, 0xE009, 0xE009, 0xE009, 0xE009, 0xE009, 
0xE009, 0xE009, 0xE009, 0xD809, 0xD809, 0xD809, 0xD809, 0xE009, 0xE009, 0xE009, 0xE009, 0xE009, 0xE009, 0xE009, 0xE009, 0xE009, 
0xD809, 0xE009, 0xE009, 0xE009, 0xD809, 0xD809, 0xD809, 0xE009, 0xE009, 0xE009, 0xE009, 0xE009, 0xE009, 0xE009, 0xE009, 0xE009, 
0xE009, 0xE009, 0xD809, 0xD809, 0xD809, 0xD809, 0xD809, 0xD809, 0xD809, 0xE009, 0xE009, 0xE009, 0xE009, 0xE009, 0xE009, 0xE009, 
0xE009, 0xE009, 0xE009, 0xE009, 0xE009, 0xE009, 0xE009, 0xE009, 0xE009, 0xE009, 0xE009, 0xE009, 0xE009, 0xE009, 0xE009, 0xE009, 
0xE009, 0xE009, 0xE009, 0xE009, 0xE009, 0xE009, 0xE009, 0xE009, 0xE009, 0xE009, 0xE009, 0xE009, 0xE009, 0xE009, 0xE009, 0xE009, 
0xE009, 0xE009, 0xE009, 0xE009, 0xE009, 0xE009, 0xE009, 0xE009, 0xE009, 0xE009, 0xE009, 0xE009, 0xE009, 0xE009, 0xE009, 0xE009, 
0xE009, 0xE009, 0xE009, 0xE009, 0xE009, 0xE009, 0xE009, 0xE009, 0xE009, 0xE009, 0xE009, 0xE009, 0xE009, 0xE009, 0xE009, 0xD809, 
0xD809, 0xD809, 0xD809, 0xD809, 0xD809, 0xD809, 0xD809, 0xD809, 0xD809, 0xE009, 0xE009, 0xE009, 0xE009, 0xE009, 0xE009, 0xE009, 
0xE009, 0xE009, 0xE009, 0xE009, 0xE009, 0xE009, 0xE009, 0xE009, 0xE009, 0xE009, 0xE009, 0xE009, 0xE009, 0xE009, 0xE009, 0xE009, 
0xE009, 0xE009, 0xE009, 0xE009, 0xE009, 0xE009, 0xE009, 0xE009, 0xE009, 0xE009, 0xE009, 0xE009, 0xE009, 0xE009, 0xE009, 0xE009, 
0xE009, 0xE009, 0xE009, 0xE009, 0xE009, 0xE009, 0xE009, 0xE009, 0xE009, 0xE009, 0xE009, 0xE009, 0xE009, 0xE009, 0xE009, 0xE009, 
0xE009, 0xE009, 0xE009, 0xE009, 0xE009, 0xE009, 0xE009, 0xE009, 0xE009, 0xE009, 0xE009, 0xE009, 0xE009, 0xE009, 0xE009, 0xE00A, 
0xE009, 0xE009, 0xE009, 0xE009, 0xE009, 0xE009, 0xD809, 0xD809, 0xD809, 0xD809, 0xD809, 0xD809, 0xD809, 0xD809, 0xE009, 0xE009, 
0xE009, 0xD809, 0xD809, 0xE009, 0xE009, 0xE009, 0xE009, 0xE009, 0xE009, 0xE009, 0xE009, 0xE009, 0xE009, 0xE009, 0xE009, 0xD809, 
0xD809, 0xD809, 0xD809, 0xE009, 0xE009, 0xE009, 0xE009, 0xE009, 0xE009, 0xE009, 0xE009, 0xE009, 0xD809, 0xE009, 0xE009, 0xE009, 
0xD809, 0xD809, 0xD809, 0xE009, 0xE009, 0xE009, 0xE009, 0xE009, 0xE009, 0xE009, 0xE009, 0xE009, 0xE009, 0xE009, 0xD809, 0xD809, 
0xD809, 0xD809, 0xD809, 0xD809, 0xD809, 0xE009, 0xE009, 0xE009, 0xE009, 0xE009, 0xE009, 0xE009, 0xE009, 0xE009, 0xE009, 0xE009, 
0xE009, 0xE009, 0xE009, 0xE009, 0xE009, 0xE009, 0xE009, 0xE009, 0xE009, 0xE009, 0xE009, 0xE009, 0xE009, 0xE009, 0xE009, 0xE009, 
0xE009, 0xE009, 0xE009, 0xE009, 0xE009, 0xE009, 0xE009, 0xE009, 0xE009, 0xE009, 0xE009, 0xE009, 0xE009, 0xE009, 0xE009, 0xE009, 
0xE009, 0xE009, 0xE009, 0xE009, 0xE009, 0xE009, 0xE009, 0xE009, 0xE009, 0xE009, 0xE009, 0xE009, 0xE009, 0xE009, 0xE009, 0xE009, 
0xE009, 0xE009, 0xE009, 0xE009, 0xE009, 0xE009, 0xE009, 0xE009, 0xE009, 0xE009, 0xE009, 0xD809, 0xD809, 0xD809, 0xD809, 0xD809, 
0xD809, 0xD809, 0xD809, 0xD809, 0xD809, 0xE009, 0xE009, 0xE009, 0xE009, 0xE009, 0xE009, 0xE009, 0xE009, 0xE009, 0xE009, 0xE009, 
0xE009, 0xE009, 0xE009, 0xE009, 0xE009, 0xE009, 0xE009, 0xE009, 0xE009, 0xE009, 0xE009, 0xE009, 0xE009, 0xE009, 0xE009, 0xE009, 
0xE009, 0xE009, 0xE009, 0xE009, 0xE009, 0xE009, 0xE009, 0xE009, 0xE009, 0xE009, 0xE009, 0xE009, 0xE009, 0xE009, 0xE009, 0xE009, 
0xE009, 0xE009, 0xE009, 0xE009, 0xE009, 0xE009, 0xE009, 0xE009, 0xE009, 0xE009, 0xE009, 0xE009, 0xE009, 0xE009, 0xE009, 0xE009, 
0xE009, 0xE009, 0xE009, 0xE009, 0xE009, 0xE009, 0xE009, 0xE009, 0xE009, 0xE009, 0xE009, 0xE009, 0xE009, 0xE009, 0xE009, 0xE009, 
0xE009, 0xE009, 0xD809, 0xD809, 0xD809, 0xD809, 0xD809, 0xD809, 0xD809, 0xD809, 0xE009, 0xE009, 0xE009, 0xD809, 0xD809, 0xE009, 
0xE009, 0xE009, 0xE009, 0xE009, 0xE009, 0xE009, 0xE009, 0xE009, 0xE009, 0xE009, 0xE009, 0xD809, 0xD809, 0xD809, 0xD809, 0xE009, 
0xE009, 0xE009, 0xE009, 0xE009, 0xE009, 0xE009, 0xE009, 0xE009, 0xD809, 0xE009, 0xE009, 0xE009, 0xD809, 0xD809, 0xD809, 0xE009, 
0xE009, 0xE009, 0xE009, 0xE009, 0xE009, 0xE009, 0xE009, 0xE009, 0xE009, 0xE009, 0xD809, 0xD809, 0xD809, 0xD809, 0xD809, 0xD809, 
0xD809, 0xE009, 0xE009, 0xE009, 0xE009, 0xE009, 0xE009, 0xE009, 0xE009, 0xE009, 0xE009, 0xE009, 0xE009, 0xE009, 0xE009, 0xE009, 
0xE009, 0xE009, 0xE009, 0xE009, 0xE009, 0xE009, 0xE009, 0xE009, 0xE009, 0xE009, 0xE009, 0xE009, 0xE009, 0xE009, 0xE009, 0xE009, 
0xE009, 0xE009, 0xE009, 0xE009, 0xE009, 0xE009, 0xE009, 0xE009, 0xE009, 0xE009, 0xE009, 0xE009, 0xE009, 0xE009, 0xE009, 0xE009, 
0xE009, 0xE009, 0xE009, 0xE009, 0xE009, 0xE009, 0xE009, 0xE009, 0xE009, 0xE009, 0xE009, 0xE009, 0xE009, 0xE009, 0xE009, 0xE009, 
0xE009, 0xE009, 0xE009, 0xE009, 0xE009, 0xE009, 0xE009, 0xD809, 0xD809, 0xD809, 0xD809, 0xD809, 0xD809, 0xD809, 0xD809, 0xD809, 
0xD809, 0xE009, 0xE009, 0xE009, 0xE009, 0xE009, 0xE009, 0xE009, 0xE009, 0xE009, 0xE009, 0xE009, 0xE009, 0xE009, 0xE009, 0xE009, 
0xE009, 0xE009, 0xE009, 0xE009, 0xE009, 0xE009, 0xE009, 0xE009, 0xE009, 0xE009, 0xE009, 0xE009, 0xE009, 0xE009, 0xE009, 0xE009, 
0xE009, 0xE009, 0xE009, 0xE009, 0xE009, 0xE009, 0xE009, 0xE009, 0xE009, 0xE009, 0xE009, 0xE009, 0xE009, 0xE009, 0xE009, 0xE009, 
0xE009, 0xE009, 0xE009, 0xE009, 0xE009, 0xE009, 0xE009, 0xE009, 0xE009, 0xE009, 0xE009, 0xE009, 0xE009, 0xE009, 0xE009, 0xE009, 
0xE009, 0xE009, 0xE009, 0xE009, 0xE009, 0xE009, 0xE009, 0xE009, 0xE009, 0xE009, 0xE009, 0xE009, 0xE009, 0xE009, 0xD809, 0xD809, 
0xD809, 0xE009, 0xE009, 0xE009, 0xE009, 0xE009, 0xE009, 0xE009, 0xE009, 0xD809, 0xD809, 0xD809, 0xD809, 0xD809, 0xD809, 0xD809, 
0xD809, 0xE009, 0xE009, 0xE009, 0xE009, 0xE009, 0xE009, 0xE009, 0xE009, 0xE009, 0xD809, 0xD809, 0xD809, 0xD809, 0xD809, 0xD809, 
0xE009, 0xE009, 0xE009, 0xE009, 0xE009, 0xE009, 0xE009, 0xE009, 0xD809, 0xD809, 0xD809, 0xD809, 0xD809, 0xD809, 0xD809, 0xD809, 
0xE009, 0xE009, 0xE009, 0xE009, 0xE009, 0xE009, 0xE009, 0xE009, 0xE009, 0xD809, 0xD809, 0xD809, 0xD809, 0xE009, 0xE009, 0xE009, 
0xE009, 0xE009, 0xE009, 0xE009, 0xE009, 0xE009, 0xE009, 0xE009, 0xE009, 0xE009, 0xE009, 0xE009, 0xE009, 0xE009, 0xE009, 0xE009, 
0xE009, 0xE009, 0xE009, 0xE009, 0xE009, 0xE009, 0xE009, 0xE009, 0xE009, 0xE009, 0xE009, 0xE009, 0xE009, 0xE009, 0xE009, 0xE009, 
0xE009, 0xE009, 0xE009, 0xE009, 0xE009, 0xE009, 0xE009, 0xE009, 0xE009, 0xE009, 0xE009, 0xE009, 0xE009, 0xE009, 0xE009, 0xE009, 
0xE009, 0xE009, 0xE009, 0xE009, 0xE009, 0xE009, 0xE009, 0xE009, 0xE009, 0xE009, 0xE009, 0xE009, 0xE009, 0xE009, 0xE009, 0xE009, 
0xE009, 0xE009, 0xE009, 0xE009, 0xE009, 0xE009, 0xE009, 0xE009, 0xE009, 0xE009, 0xE009, 0xE009, 0xE009, 0xE009, 0xE009, 0xE009, 
0xE009, 0xE009, 0xE009, 0xE009, 0xE009, 0xE009, 0xE009, 0xE009, 0xE009, 0xE009, 0xE009, 0xE009, 0xE009, 0xE009, 0xE009, 0xE009, 
0xE009, 0xE009, 0xE009, 0xE009, 0xE009, 0xE009, 0xE009, 0xE009, 0xE009, 0xE009, 0xE009, 0xE009, 0xE009, 0xE009, 0xE009, 0xE009, 
0xE009, 0xE009, 0xE009, 0xE009, 0xE009, 0xE009, 0xE009, 0xE009, 0xE009, 0xE009, 0xE009, 0xE009, 0xE009, 0xE009, 0xE009, 0xE009, 
0xE009, 0xE009, 0xE009, 0xE009, 0xE009, 0xE009, 0xE009, 0xE009, 0xE009, 0xE009, 0xE009, 0xE009, 0xE009, 0xE009, 0xE009, 0xE009, 
0xE009, 0xE009, 0xE009, 0xE009, 0xE009, 0xE009, 0xE009, 0xE009, 0xE009, 0xE009, 0xD809, 0xD809, 0xD809, 0xE009, 0xE009, 0xE009, 
0xE009, 0xE009, 0xE009, 0xE009, 0xE009, 0xD809, 0xD809, 0xD809, 0xD809, 0xD809, 0xD809, 0xD809, 0xD809, 0xE009, 0xE009, 0xE009, 
0xE009, 0xE009, 0xE009, 0xE009, 0xE009, 0xE009, 0xD809, 0xD809, 0xD809, 0xD809, 0xD809, 0xD809, 0xE009, 0xE009, 0xE009, 0xE009, 
0xE009, 0xE009, 0xE009, 0xE009, 0xD809, 0xD809, 0xD809, 0xD809, 0xD809, 0xD809, 0xD809, 0xD809, 0xE009, 0xE009, 0xE009, 0xE009, 
0xE009, 0xE009, 0xE009, 0xE009, 0xE009, 0xD809, 0xD809, 0xD809, 0xD809, 0xE009, 0xE009, 0xE009, 0xE009, 0xE009, 0xE009, 0xE009, 
0xE009, 0xE009, 0xE009, 0xE009, 0xE009, 0xE009, 0xE009, 0xE009, 0xE009, 0xE009, 0xE009, 0xE009, 0xE009, 0xE009, 0xE009, 0xE009, 
0xE009, 0xE009, 0xE009, 0xE009, 0xE009, 0xE009, 0xE009, 0xE009, 0xE009, 0xE009, 0xE009, 0xE009, 0xE009, 0xE009, 0xE009, 0xE009, 
0xE009, 0xE009, 0xE009, 0xE009, 0xE009, 0xE009, 0xE009, 0xE009, 0xE009, 0xE009, 0xE009, 0xE009, 0xE009, 0xE009, 0xE009, 0xE009, 
0xE009, 0xE009, 0xE009, 0xE009, 0xE009, 0xE009, 0xE009, 0xE009, 0xE009, 0xE009, 0xE009, 0xE009, 0xE009, 0xE009, 0xE009, 0xE009, 
0xE009, 0xE009, 0xE009, 0xE009, 0xE009, 0xE009, 0xE009, 0xE009, 0xE009, 0xE009, 0xE009, 0xE009, 0xE009, 0xE009, 0xE009, 0xE009, 
0xE009, 0xE009, 0xE009, 0xE009, 0xE009, 0xE009, 0xE009, 0xE009, 0xE009, 0xE009, 0xE009, 0xE009, 0xE009, 0xE009, 0xE009, 0xE009, 
0xE009, 0xE009, 0xE009, 0xE009, 0xE009, 0xE009, 0xE009, 0xE009, 0xE009, 0xE009, 0xE009, 0xE009, 0xE009, 0xE009, 0xE009, 0xE009, 
0xE009, 0xE009, 0xE009, 0xE009, 0xE009, 0xE009, 0xE009, 0xE009, 0xE009, 0xE009, 0xE009, 0xE009, 0xE009, 0xE009, 0xE009, 0xE009, 
0xE009, 0xE009, 0xE009, 0xE009, 0xE009, 0xE009, 0xE009, 0xE009, 0xE009, 0xE009, 0xE009, 0xE009, 0xE009, 0xE009, 0xE009, 0xE009, 
0xE009, 0xE009, 0xE009, 0xE009, 0xE00A, 0xE00A, 0xD809, 0xD809, 0xD809, 0xE009, 0xE009, 0xE009, 0xE009, 0xE009, 0xE009, 0xE009, 
0xE009, 0xE009, 0xE009, 0xD809, 0xD809, 0xD809, 0xD809, 0xD809, 0xD809, 0xE009, 0xE009, 0xE009, 0xE009, 0xE009, 0xE009, 0xE009, 
0xE009, 0xE009, 0xD809, 0xD809, 0xD809, 0xD809, 0xD809, 0xD809, 0xE009, 0xE009, 0xE009, 0xE009, 0xE009, 0xE009, 0xE009, 0xE009, 
0xE009, 0xE009, 0xE009, 0xD809, 0xD809, 0xD809, 0xD809, 0xD809, 0xE009, 0xE009, 0xE009, 0xE009, 0xE009, 0xE009, 0xE009, 0xE009, 
0xE009, 0xD809, 0xD809, 0xD809, 0xD809, 0xE009, 0xE009, 0xE009, 0xE009, 0xE009, 0xE009, 0xE009, 0xE009, 0xE009, 0xE009, 0xE009, 
0xE009, 0xE009, 0xE009, 0xE009, 0xE009, 0xE009, 0xE009, 0xE009, 0xE009, 0xE009, 0xE009, 0xE009, 0xE009, 0xE009, 0xE009, 0xE009, 
0xE009, 0xE009, 0xE009, 0xE009, 0xE009, 0xE009, 0xE009, 0xE009, 0xE009, 0xE009, 0xE009, 0xE009, 0xE009, 0xE009, 0xE009, 0xE009, 
0xE009, 0xE009, 0xE009, 0xE009, 0xE009, 0xE009, 0xE009, 0xE009, 0xE009, 0xE009, 0xE009, 0xE009, 0xE009, 0xE009, 0xE009, 0xE009, 
0xE009, 0xE009, 0xE009, 0xE009, 0xE009, 0xE009, 0xE009, 0xE009, 0xE009, 0xE009, 0xE009, 0xE009, 0xE009, 0xE009, 0xE009, 0xE009, 
0xE009, 0xE009, 0xE009, 0xE009, 0xE009, 0xE009, 0xE009, 0xE009, 0xE009, 0xE009, 0xE009, 0xE009, 0xE009, 0xE009, 0xE009, 0xE009, 
0xE009, 0xE009, 0xE009, 0xE009, 0xE009, 0xE009, 0xE009, 0xE009, 0xE009, 0xE009, 0xE009, 0xE009, 0xE009, 0xE009, 0xE009, 0xE009, 
0xE009, 0xE009, 0xE009, 0xE009, 0xE009, 0xE009, 0xE009, 0xE009, 0xE009, 0xE009, 0xE009, 0xE009, 0xE009, 0xE009, 0xE009, 0xE009, 
0xE009, 0xE009, 0xE009, 0xE009, 0xE009, 0xE009, 0xE009, 0xE009, 0xE009, 0xE009, 0xE009, 0xE009, 0xE009, 0xE009, 0xE009, 0xE009, 
0xE009, 0xE009, 0xE009, 0xE009, 0xE009, 0xE009, 0xE009, 0xE009, 0xE009, 0xE009, 0xE009, 0xE009, 0xE009, 0xE009, 0xE009, 0xE009, 
0xE00A, 0xE00A, 0xD809, 0xD809, 0xD809, 0xE009, 0xE009, 0xE009, 0xE009, 0xE009, 0xE009, 0xE009, 0xE009, 0xE009, 0xE009, 0xD809, 
0xD809, 0xD809, 0xD809, 0xD809, 0xD809, 0xE009, 0xE009, 0xE009, 0xE009, 0xE009, 0xE009, 0xE009, 0xE009, 0xE009, 0xD809, 0xD809, 
0xD809, 0xD809, 0xD809, 0xD809, 0xE009, 0xE009, 0xE009, 0xE009, 0xE009, 0xE009, 0xE009, 0xE009, 0xE009, 0xE009, 0xE009, 0xD809, 
0xD809, 0xD809, 0xD809, 0xD809, 0xE009, 0xE009, 0xE009, 0xE009, 0xE009, 0xE009, 0xE009, 0xE009, 0xE009, 0xD809, 0xD809, 0xD809, 
0xD809, 0xE009, 0xE009, 0xE009, 0xE009, 0xE009, 0xE009, 0xE009, 0xE009, 0xE009, 0xE009, 0xE009, 0xE009, 0xE009, 0xE009, 0xE009, 
0xE009, 0xE009, 0xE009, 0xE009, 0xE009, 0xE009, 0xE009, 0xE009, 0xE009, 0xE009, 0xE009, 0xE009, 0xE009, 0xE009, 0xE009, 0xE009, 
0xE009, 0xE009, 0xE009, 0xE009, 0xE009, 0xE009, 0xE009, 0xE009, 0xE009, 0xE009, 0xE009, 0xE009, 0xE009, 0xE009, 0xE009, 0xE009, 
0xE009, 0xE009, 0xE009, 0xE009, 0xE009, 0xE009, 0xE009, 0xE009, 0xE009, 0xE009, 0xE009, 0xE009, 0xE009, 0xE009, 0xE009, 0xE009, 
0xE009, 0xE009, 0xE009, 0xE009, 0xE009, 0xE009, 0xE009, 0xE009, 0xE009, 0xE009, 0xE009, 0xE009, 0xE009, 0xE009, 0xE009, 0xE009, 
0xE009, 0xE009, 0xE009, 0xE009, 0xE009, 0xE009, 0xE009, 0xE009, 0xE009, 0xE009, 0xE009, 0xE009, 0xE009, 0xE009, 0xE009, 0xE009, 
0xE009, 0xE009, 0xE009, 0xE009, 0xE009, 0xE009, 0xE009, 0xE009, 0xE009, 0xE009, 0xE009, 0xE009, 0xE009, 0xE009, 0xE009, 0xE009, 
0xE009, 0xE009, 0xE009, 0xE009, 0xE009, 0xE009, 0xE009, 0xE009, 0xE009, 0xE009, 0xE009, 0xE009, 0xE009, 0xE009, 0xE009, 0xE009, 
0xE009, 0xE009, 0xE009, 0xE009, 0xE009, 0xE009, 0xE009, 0xE009, 0xE009, 0xE009, 0xE009, 0xE009, 0xE009, 0xE009, 0xE009, 0xE009, 
0xE009, 0xE009, 0xE009, 0xE009, 0xE009, 0xE009, 0xE009, 0xE009, 0xE009, 0xE009, 0xE009, 0xE009, 0xE00A, 0xE00A, 0xD809, 0xD809, 
0xD809, 0xE009, 0xE009, 0xE009, 0xE009, 0xE009, 0xE009, 0xE009, 0xE009, 0xE009, 0xE009, 0xD809, 0xD809, 0xD809, 0xD809, 0xD809, 
0xD809, 0xE009, 0xE009, 0xE009, 0xE009, 0xE009, 0xE009, 0xE009, 0xE009, 0xE009, 0xD809, 0xD809, 0xD809, 0xD809, 0xD809, 0xD809, 
0xE009, 0xE009, 0xE009, 0xE009, 0xE009, 0xE009, 0xE009, 0xE009, 0xE009, 0xE009, 0xE009, 0xD809, 0xD809, 0xD809, 0xD809, 0xD809, 
0xE009, 0xE009, 0xE009, 0xE009, 0xE009, 0xE009, 0xE009, 0xE009, 0xE009, 0xD809, 0xD809, 0xD809, 0xD809, 0xE009, 0xE009, 0xE009, 
0xE009, 0xE009, 0xE009, 0xE009, 0xE009, 0xE009, 0xE009, 0xE009, 0xE009, 0xE009, 0xE009, 0xE009, 0xE009, 0xE009, 0xE009, 0xE009, 
0xE009, 0xE009, 0xE009, 0xE009, 0xE009, 0xE009, 0xE009, 0xE009, 0xE009, 0xE009, 0xE009, 0xE009, 0xE009, 0xE009, 0xE009, 0xE009, 
0xE009, 0xE009, 0xE009, 0xE009, 0xE009, 0xE009, 0xE009, 0xE009, 0xE009, 0xE009, 0xE009, 0xE009, 0xE009, 0xE009, 0xE009, 0xE009, 
0xE009, 0xE009, 0xE009, 0xE009, 0xE009, 0xE009, 0xE009, 0xE009, 0xE009, 0xE009, 0xE009, 0xE009, 0xE009, 0xE009, 0xE009, 0xE009, 
0xE009, 0xE009, 0xE009, 0xE009, 0xE009, 0xE009, 0xE009, 0xE009, 0xE009, 0xE009, 0xE009, 0xE009, 0xE009, 0xE009, 0xE009, 0xE009, 
0xE009, 0xE009, 0xE009, 0xE009, 0xE009, 0xE009, 0xE009, 0xE009, 0xE009, 0xE009, 0xE009, 0xE009, 0xE009, 0xE009, 0xE009, 0xE009, 
0xE009, 0xE009, 0xE009, 0xE009, 0xE009, 0xE009, 0xE009, 0xE009, 0xE009, 0xE009, 0xE009, 0xE009, 0xE009, 0xE009, 0xE009, 0xE009, 
0xE009, 0xE009, 0xE009, 0xE009, 0xE009, 0xE009, 0xE009, 0xE009, 0xE009, 0xE009, 0xE009, 0xE009, 0xE009, 0xE009, 0xE009, 0xE009, 
0xE009, 0xE009, 0xE009, 0xE009, 0xE009, 0xE009, 0xE009, 0xE009, 0xE009, 0xE009, 0xE009, 0xE009, 0xE009, 0xE009, 0xE009, 0xE009, 
0xE009, 0xE009, 0xE009, 0xE009, 0xE009, 0xE009, 0xE009, 0xE009, 0xE009, 0xE009, 0xE009, 0xE009, 0xE009, 0xE009, 0xE009, 0xE009, 
0xE009, 0xE009, 0xE009, 0xE009, 0xE009, 0xE009, 0xE009, 0xE009, 0xE009, 0xE009, 0xE009, 0xE009, 0xE009, 0xE009, 0xE009, 0xE009, 
0xE009, 0xE009, 0xE009, 0xE009, 0xE009, 0xE009, 0xE009, 0xE009, 0xE009, 0xE009, 0xE009, 0xE009, 0xE009, 0xE009, 0xE009, 0xE009, 
0xE009, 0xE009, 0xE009, 0xE009, 0xE009, 0xE009, 0xE009, 0xE009, 0xE009, 0xE009, 0xE009, 0xE009, 0xE009, 0xE009, 0xE009, 0xE009, 
0xE009, 0xE009, 0xE009, 0xE009, 0xE009, 0xE009, 0xE009, 0xE009, 0xE009, 0xE009, 0xE009, 0xE009, 0xE009, 0xE009, 0xE009, 0xE009, 
0xE009, 0xE009, 0xE009, 0xE009, 0xE009, 0xE009, 0xE009, 0xE009, 0xE009, 0xE009, 0xE009, 0xE009, 0xE009, 0xE009, 0xE009, 0xE009, 
0xE009, 0xE009, 0xE009, 0xE009, 0xE009, 0xE009, 0xE009, 0xE009, 0xE009, 0xE009, 0xE009, 0xE009, 0xE009, 0xE009, 0xE009, 0xE009, 
0xE009, 0xE009, 0xE009, 0xE009, 0xE009, 0xE009, 0xE009, 0xE009, 0xE009, 0xE009, 0xE009, 0xE009, 0xE009, 0xE009, 0xE009, 0xE009, 
0xE009, 0xE009, 0xE009, 0xE009, 0xE009, 0xE009, 0xE009, 0xE009, 0xE009, 0xE009, 0xE009, 0xE009, 0xE009, 0xE009, 0xE009, 0xE009, 
0xE009, 0xE009, 0xE009, 0xE009, 0xE009, 0xE009, 0xE009, 0xE009, 0xE009, 0xE009, 0xE009, 0xE009, 0xE009, 0xE009, 0xE009, 0xE009, 
0xE009, 0xE009, 0xE009, 0xE009, 0xE009, 0xE009, 0xE009, 0xE009, 0xE009, 0xE009, 0xE009, 0xE009, 0xE009, 0xE009, 0xE009, 0xE009, 
0xE009, 0xE009, 0xE009, 0xE009, 0xE009, 0xE009, 0xE009, 0xE009, 0xE009, 0xE009, 0xE009, 0xE009, 0xE009, 0xE009, 0xE009, 0xE009, 
0xE009, 0xE009, 0xE009, 0xE009, 0xE009, 0xE009, 0xE009, 0xE009, 0xE009, 0xE009, 0xE009, 0xE009, 0xE009, 0xE009, 0xE009, 0xE009, 
0xE009, 0xE009, 0xE009, 0xE009, 0xE009, 0xE009, 0xE009, 0xE009, 0xE009, 0xE009, 0xE009, 0xE009, 0xE009, 0xE009, 0xE009, 0xE009, 
0xE009, 0xE009, 0xE009, 0xE009, 0xE009, 0xE009, 0xE009, 0xE009, 0xE009, 0xE009, 0xE009, 0xE009, 0xE009, 0xE009, 0xE009, 0xE009, 
0xE009, 0xE009, 0xE009, 0xE009, 0xE009, 0xE009, 0xE009, 0xE009, 0xE009, 0xE009, 0xE009, 0xE009, 0xE009, 0xE009, 0xE009, 0xE009, 
0xE009, 0xE009, 0xE009, 0xE009, 0xE009, 0xE009, 0xE009, 0xE009, 0xE009, 0xE009, 0xE009, 0xE009, 0xE009, 0xE009, 0xE009, 0xE009, 
0xE009, 0xE009, 0xE009, 0xE009, 0xE009, 0xE009, 0xE009, 0xE009, 0xE009, 0xE009, 0xE009, 0xE009, 0xE009, 0xE009, 0xE009, 0xE009, 
0xE009, 0xE009, 0xE009, 0xE009, 0xE009, 0xE009, 0xE009, 0xE009, 0xE009, 0xE009, 0xE009, 0xE009, 0xE009, 0xE009, 0xE009, 0xE009, 
0xE009, 0xE009, 0xE009, 0xE009, 0xE009, 0xE009, 0xE009, 0xE009, 0xE009, 0xE009, 0xE009, 0xE009, 0xE009, 0xE009, 0xE009, 0xE009, 
0xE009, 0xE009, 0xE009, 0xE009, 0xE009, 0xE009, 0xE009, 0xE009, 0xE009, 0xE009, 0xE009, 0xE009, 0xE009, 0xE009, 0xE009, 0xE009, 
0xE009, 0xE009, 0xE009, 0xE009, 0xE009, 0xE009, 0xE009, 0xE009, 0xE009, 0xE009, 0xE009, 0xE009, 0xE009, 0xE009, 0xE009, 0xE009, 
0xE009, 0xE009, 0xE009, 0xE009, 0xE009, 0xE009, 0xE009, 0xE009, 0xE009, 0xE009, 0xE009, 0xE009, 0xE009, 0xE009, 0xE009, 0xE009, 
0xE009, 0xE009, 0xE009, 0xE009, 0xE009, 0xE009, 0xE009, 0xE009, 0xE009, 0xE009, 0xE009, 0xE009, 0xE009, 0xE009, 0xE009, 0xE009, 
0xE009, 0xE009, 0xE009, 0xE009, 0xE009, 0xE009, 0xE009, 0xE009, 0xE009, 0xE009, 0xE009, 0xE009, 0xE009, 0xE009, 0xE009, 0xE009, 
0xE009, 0xE009, 0xE009, 0xE009, 0xE009, 0xE009, 0xE009, 0xE009, 0xE009, 0xE009, 0xE009, 0xE009, 0xE009, 0xE009, 0xE009, 0xE009, 
0xE009, 0xE009, 0xE009, 0xE009, 0xE009, 0xE009, 0xE009, 0xE009, 0xE009, 0xE009, 0xE009, 0xE009, 0xE009, 0xE009, 0xE009, 0xE009, 
0xE009, 0xE009, 0xE009, 0xE009, 0xE009, 0xE009, 0xE009, 0xE009, 0xE009, 0xE009, 0xE009, 0xE009, 0xE009, 0xE009, 0xE009, 0xE009, 
0xE009, 0xE009, 0xE009, 0xE009, 0xE009, 0xE009, 0xE009, 0xE009, 0xE009, 0xE009, 0xE009, 0xE009, 0xE009, 0xE009, 0xE009, 0xE009, 
0xE009, 0xE009, 0xE009, 0xE009, 0xE009, 0xE009, 0xE009, 0xE009, 0xE009, 0xE009, 0xE009, 0xE009, 0xE009, 0xE009, 0xE009, 0xE009, 
0xE009, 0xE009, 0xE009, 0xE009, 0xE009, 0xE009, 0xE009, 0xE009, 0xE009, 0xE009, 0xE009, 0xE009, 0xE009, 0xE009, 0xE009, 0xE009, 
0xE009, 0xE009, 0xE009, 0xE009, 0xE009, 0xE009, 0xE009, 0xE009, 0xE009, 0xE009, 0xE009, 0xE009, 0xE009, 0xE009, 0xE009, 0xE009, 
0xE009, 0xE009, 0xE009, 0xE009, 0xE009, 0xE009, 0xE009, 0xE009, 0xE009, 0xE009, 0xE009, 0xE009, 0xE009, 0xE009, 0xE009, 0xE009, 
0xE009, 0xE009, 0xE009, 0xE009, 0xE009, 0xE009, 0xE009, 0xE009, 0xE009, 0xE009, 0xE009, 0xE009, 0xE009, 0xE009, 0xE009, 0xE009, 
0xE009, 0xE009, 0xE009, 0xE009, 0xE009, 0xE009, 0xE009, 0xE009, 0xE009, 0xE009, 0xE009, 0xE009, 0xE009, 0xE009, 0xE009, 0xE009, 
0xE009, 0xE009, 0xE009, 0xE009, 0xE009, 0xE009, 0xE009, 0xE009, 0xE009, 0xE009, 0xE009, 0xE009, 0xE009, 0xE009, 0xE009, 0xE009, 
0xE009, 0xE009, 0xE009, 0xE009, 0xE009, 0xE009, 0xE009, 0xE009, 0xE009, 0xE009, 0xE009, 0xE009, 0xE009, 0xE009, 0xE009, 0xE009, 
0xE009, 0xE009, 0xE009, 0xE009, 0xE009, 0xE009, 0xE009, 0xE009, 0xE009, 0xE009, 0xE009, 0xE009, 0xE009, 0xE009, 0xE009, 0xE009, 
0xE009, 0xE009, 0xE009, 0xE009, 0xE009, 0xE009, 0xE009, 0xE009, 0xE009, 0xE009, 0xE009, 0xE009, 0xE009, 0xE009, 0xE009, 0xE009, 
0xE009, 0xE009, 0xE009, 0xE009, 0xE009, 0xE009, 0xE009, 0xE009, 0xE009, 0xE009, 0xE009, 0xE009, 0xE009, 0xE009, 0xE009, 0xE009, 
0xE009, 0xE009, 0xE009, 0xE009, 0xE009, 0xE009, 0xE009, 0xE009, 0xE009, 0xE009, 0xE009, 0xE009, 0xE009, 0xE009, 0xE009, 0xE009, 
0xE009, 0xE009, 0xE009, 0xE009, 0xE009, 0xE009, 0xE009, 0xE009, 0xE009, 0xE009, 0xE009, 0xE009, 0xE009, 0xE009, 0xE009, 0xE009, 
0xE009, 0xE009, 0xE009, 0xE009, 0xE009, 0xE009, 0xE009, 0xE009, 0xE009, 0xE009, 0xE009, 0xE009, 0xE009, 0xE009, 0xE009, 0xE009, 
0xE009, 0xE009, 0xE009, 0xE009, 0xE009, 0xE009, 0xE009, 0xE009, 0xE009, 0xE009, 0xE009, 0xE009, 0xE009, 0xE009, 0xE009, 0xE009, 
0xE009, 0xE009, 0xE009, 0xE009, 0xE009, 0xE009, 0xE009, 0xE009, 0xE009, 0xE009, 0xE009, 0xE009, 0xE009, 0xE009, 0xE009, 0xE009, 
0xE009, 0xE009, 0xE009, 0xE009, 0xE009, 0xE009, 0xE009, 0xE009, 0xE009, 0xE009, 0xE009, 0xE009, 0xE009, 0xE009, 0xE009, 0xE009, 
0xE009, 0xE009, 0xE009, 0xE009, 0xE009, 0xE009, 0xE009, 0xE009, 0xE009, 0xE009, 0xE009, 0xE009, 0xE009, 0xE009, 0xE009, 0xE009, 
0xE009, 0xE009, 0xE009, 0xE009, 0xE009, 0xE009, 0xE009, 0xE009, 0xE009, 0xE009, 0xE009, 0xE009, 0xE009, 0xE009, 0xE009, 0xE009, 
0xE009, 0xE009, 0xE009, 0xE009, 0xE009, 0xE009, 0xE009, 0xE009, 0xE009, 0xE009, 0xE009, 0xE009, 0xE009, 0xE009, 0xE009, 0xE009, 
0xE009, 0xE009, 0xE009, 0xE009, 0xE009, 0xE009, 0xE009, 0xE009, 0xE009, 0xE009, 0xE009, 0xE009, 0xE009, 0xE009, 0xE009, 0xE009, 
0xE009, 0xE009, 0xE009, 0xE009, 0xE009, 0xE009, 0xE009, 0xE009, 0xE009, 0xE009, 0xE009, 0xE009, 0xE009, 0xE009, 0xE009, 0xE009, 
0xE009, 0xE009, 0xE009, 0xE009, 0xE009, 0xE009, 0xE009, 0xE009, 0xE009, 0xE009, 0xE009, 0xE009, 0xE009, 0xE009, 0xE009, 0xE009, 
0xE009, 0xE009, 0xE009, 0xE009, 0xE009, 0xE009, 0xE009, 0xE009, 0xE009, 0xE009, 0xE009, 0xE009, 0xE009, 0xE009, 0xE009, 0xE009, 
0xE009, 0xE009, 0xE009, 0xE009, 0xE009, 0xE009, 0xE009, 0xE009, 0xE009, 0xE009, 0xE009, 0xE009, 0xE009, 0xE009, 0xE009, 0xE009, 
0xE009, 0xE009, 0xE009, 0xE009, 0xE009, 0xE009, 0xE009, 0xE009, 0xE009, 0xE009, 0xE009, 0xE009, 0xE009, 0xE009, 0xE009, 0xE009, 
0xE009, 0xE009, 0xE009, 0xE009, 0xE009, 0xE009, 0xE009, 0xE009, 0xE009, 0xE009, 0xE009, 0xE009, 0xE009, 0xE009, 0xE009, 0xE009, 
0xE009, 0xE009, 0xE009, 0xE009, 0xE009, 0xE009, 0xE009, 0xE009, 0xE009, 0xE009, 0xE009, 0xE009, 0xE009, 0xE009, 0xE009, 0xE009, 
0xE009, 0xE009, 0xE009, 0xE009, 0xE009, 0xE009, 0xE009, 0xE009, 0xE009, 0xE009, 0xE009, 0xE009, 0xE009, 0xE009, 0xE009, 0xE009, 
0xE009, 0xE009, 0xE009, 0xE009, 0xE009, 0xE009, 0xE009, 0xE009, 0xE009, 0xE009, 0xE009, 0xE009, 0xE009, 0xE009, 0xE009, 0xE009, 
0xE009, 0xE009, 0xE009, 0xE009, 0xE009, 0xE009, 0xE009, 0xE009, 0xE009, 0xE009, 0xE009, 0xE009, 0xE009, 0xE009, 0xE009, 0xE009, 
0xE009, 0xE009, 0xE009, 0xE009, 0xE009, 0xE009, 0xE009, 0xE009, 0xE009, 0xE009, 0xE009, 0xE009, 0xE009, 0xE009, 0xE009, 0xE009, 
0xE009, 0xE009, 0xE009, 0xE009, 0xE009, 0xE009, 0xE009, 0xE009, 0xE009, 0xE009, 0xE009, 0xE009, 0xE009, 0xE009, 0xE009, 0xE009, 
0xE009, 0xE009, 0xE009, 0xE009, 0xE009, 0xE009, 0xE009, 0xE009, 0xE009, 0xE009, 0xE009, 0xE009, 0xE009, 0xE009, 0xE009, 0xE009, 
0xE009, 0xE009, 0xE009, 0xE009, 0xE009, 0xE009, 0xE009, 0xE009, 0xE009, 0xE009, 0xE009, 0xE009, 0xE009, 0xE009, 0xE009, 0xE009, 
0xE009, 0xE009, 0xE009, 0xE009, 0xE009, 0xE009, 0xE009, 0xE009, 0xE009, 0xE009, 0xE009, 0xE009, 0xE009, 0xE009, 0xE009, 0xE009, 
0xE009, 0xE009, 0xE009, 0xE009, 0xE009, 0xE009, 0xE009, 0xE009, 0xE009, 0xE009, 0xE009, 0xE009, 0xE009, 0xE009, 0xE009, 0xE009, 
0xE009, 0xE009, 0xE009, 0xE009, 0xE009, 0xE009, 0xE009, 0xE009, 0xE009, 0xE009, 0xE009, 0xE009, 0xE009, 0xE009, 0xE009, 0xE009, 
0xE009, 0xE009, 0xE009, 0xE009, 0xE009, 0xE009, 0xE009, 0xE009, 0xE009, 0xE009, 0xE009, 0xE009, 0xE009, 0xE009, 0xE009, 0xE009, 
0xE009, 0xE009, 0xE009, 0xE009, 0xE009, 0xE009, 0xE009, 0xE009, 0xE009, 0xE009, 0xE009, 0xE009, 0xE009, 0xE009, 0xE009, 0xE009, 
0xE009, 0xE009, 0xE009, 0xE009, 0xE009, 0xE009, 0xE009, 0xE009, 0xE009, 0xE009, 0xE009, 0xE009, 0xE009, 0xE009, 0xE009, 0xE009, 
0xE009, 0xE009, 0xE009, 0xE009, 0xE009, 0xE009, 0xE009, 0xE009, 0xE009, 0xE009, 0xE009, 0xE009, 0xE009, 0xE009, 0xE009, 0xE009, 
0xE009, 0xE009, 0xE009, 0xE009, 0xE009, 0xE009, 0xE009, 0xE009, 0xE009, 0xE009, 0xE009, 0xE009, 0xE009, 0xE009, 0xE009, 0xE009, 
0xE009, 0xE009, 0xE009, 0xE009, 0xE009, 0xE009, 0xE009, 0xE009, 0xE009, 0xE009, 0xE009, 0xE009, 0xE009, 0xE009, 0xE009, 0xE009, 
0xE009, 0xE009, 0xE009, 0xE009, 0xE009, 0xE009, 0xE009, 0xE009, 0xE009, 0xE009, 0xE009, 0xE009, 0xE009, 0xE009, 0xE009, 0xE009, 
0xE009, 0xE009, 0xE009, 0xE009, 0xE009, 0xE009, 0xE009, 0xE009, 0xE009, 0xE009, 0xE009, 0xE009, 0xE009, 0xE009, 0xE009, 0xE009, 
0xE009, 0xE009, 0xE009, 0xE009, 0xE009, 0xE009, 0xE009, 0xE009, 0xE009, 0xE009, 0xE009, 0xE009, 0xE009, 0xE009, 0xE009, 0xE009, 
0xE009, 0xE009, 0xE009, 0xE009, 0xE009, 0xE009, 0xE009, 0xE009, 0xE009, 0xE009, 0xE009, 0xE009, 0xE009, 0xE009, 0xE009, 0xE009, 
0xE009, 0xE009, 0xE009, 0xE009, 0xE009, 0xE009, 0xE009, 0xE009, 0xE009, 0xE009, 0xE009, 0xE009, 0xE009, 0xE009, 0xE009, 0xE009, 
0xE009, 0xE009, 0xE009, 0xE009, 0xE009, 0xE009, 0xE009, 0xE009, 0xE009, 0xE009, 0xE009, 0xE009, 0xE009, 0xE009, 0xE009, 0xE009, 
0xE009, 0xE009, 0xE009, 0xE009, 0xE009, 0xE009, 0xE009, 0xE009, 0xE009, 0xE009, 0xE009, 0xE009, 0xE009, 0xE009, 0xE009, 0xE009, 
0xE009, 0xE009, 0xE009, 0xE009, 0xE009, 0xE009, 0xE009, 0xE009, 0xE009, 0xE009, 0xE009, 0xE009, 0xE009, 0xE009, 0xE009, 0xE009, 
0xE009, 0xE009, 0xE009, 0xE009, 0xE009, 0xE009, 0xE009, 0xE009, 0xE009, 0xE009, 0xE009, 0xE009, 0xE009, 0xE009, 0xE009, 0xE009, 
0xE009, 0xE009, 0xE009, 0xE009, 0xE009, 0xE009, 0xE009, 0xE009, 0xE009, 0xE009, 0xE009, 0xE009, 0xE009, 0xE009, 0xE009, 0xE009, 
0xE009, 0xE009, 0xE009, 0xE009, 0xE009, 0xE009, 0xE009, 0xE009, 0xE009, 0xE009, 0xE009, 0xE009, 0xE009, 0xE009, 0xE009, 0xE009, 
0xE009, 0xE009, 0xE009, 0xE009, 0xE009, 0xE009, 0xE009, 0xE009, 0xE009, 0xE009, 0xE009, 0xE009, 0xE009, 0xE009, 0xE009, 0xE009, 
0xE009, 0xE009, 0xE009, 0xE009, 0xE009, 0xE009, 0xE009, 0xE009, 0xE009, 0xE009, 0xE009, 0xE009, 0xE009, 0xE009, 0xE009, 0xE009, 
0xE009, 0xE009, 0xE009, 0xE009, 0xE009, 0xE009, 0xE009, 0xE009, 0xE009, 0xE009, 0xE009, 0xE009, 0xE009, 0xE009, 0xE009, 0xE009, 
0xE009, 0xE009, 0xE009, 0xE009, 0xE009, 0xE009, 0xE009, 0xE009, 0xE009, 0xE009, 0xE009, 0xE009, 0xE009, 0xE009, 0xE009, 0xE009, 
0xE009, 0xE009, 0xE009, 0xE009, 0xE009, 0xE009, 0xE009, 0xE009, 0xE009, 0xE009, 0xE009, 0xE009, 0xE009, 0xE009, 0xE009, 0xE009, 
0xE009, 0xE009, 0xE009, 0xE009, 0xE009, 0xE009, 0xE009, 0xE009, 0xE009, 0xE009, 0xE009, 0xE009, 0xE009, 0xE009, 0xE009, 0xE009, 
0xE009, 0xE009, 0xE009, 0xE009, 0xE009, 0xE009, 0xE009, 0xE009, 0xE009, 0xE009, 0xE009, 0xE009, 0xE009, 0xE009, 0xE009, 0xE009, 
0xE009, 0xE009, 0xE009, 0xE009, 0xE009, 0xE009, 0xE009, 0xE009, 0xE009, 0xE009, 0xE009, 0xE009, 0xE009, 0xE009, 0xE009, 0xE009, 
0xE009, 0xE009, 0xE009, 0xE009, 0xE009, 0xE009, 0xE009, 0xE009, 0xE009, 0xE009, 0xE009, 0xE009, 0xE009, 0xE009, 0xE009, 0xE009, 
0xE009, 0xE009, 0xE009, 0xE009, 0xE009, 0xE009, 0xE009, 0xE009, 0xE009, 0xE009, 0xE009, 0xE009, 0xE009, 0xE009, 0xE009, 0xE009, 
0xE009, 0xE009, 0xE009, 0xE009, 0xE009, 0xE009, 0xE009, 0xE009, 0xE009, 0xE009, 0xE009, 0xE009, 0xE009, 0xE009, 0xE009, 0xE009, 
0xE009, 0xE009, 0xE009, 0xE009, 0xE009, 0xE009, 0xE009, 0xE009, 0xE009, 0xE009, 0xE009, 0xE009, 0xE009, 0xE009, 0xE009, 0xE009, 
0xE009, 0xE009, 0xE009, 0xE009, 0xE009, 0xE009, 0xE009, 0xE009, 0xE009, 0xE009, 0xE009, 0xE009, 0xE009, 0xE009, 0xE009, 0xE009, 
0xE009, 0xE009, 0xE009, 0xE009, 0xE009, 0xE009, 0xE009, 0xE009, 0xE009, 0xE009, 0xE009, 0xE009, 0xE009, 0xE009, 0xE009, 0xE009, 
0xE009, 0xE009, 0xE009, 0xE009, 0xE009, 0xE009, 0xE009, 0xE009, 0xE009, 0xE009, 0xE009, 0xE009, 0xE009, 0xE009, 0xE009, 0xE009, 
0xE009, 0xE009, 0xE009, 0xE009, 0xE009, 0xE009, 0xE009, 0xE009, 0xE009, 0xE009, 0xE009, 0xE009, 0xE009, 0xE009, 0xE009, 0xE009, 
0xE009, 0xE009, 0xE009, 0xE009, 0xE009, 0xE009, 0xE009, 0xE009, 0xE009, 0xE009, 0xE009, 0xE009, 0xE009, 0xE009, 0xE009, 0xE009, 
0xE009, 0xE009, 0xE009, 0xE009, 0xE009, 0xE009, 0xE009, 0xE009, 0xE009, 0xE009, 0xE009, 0xE009, 0xE009, 0xE009, 0xE009, 0xE009, 
0xE009, 0xE009, 0xE009, 0xE009, 0xE009, 0xE009, 0xE009, 0xE009, 0xE009, 0xE009, 0xE009, 0xE009, 0xE009, 0xE009, 0xE009, 0xE009, 
0xE009, 0xE009, 0xE009, 0xE009, 0xE009, 0xE009, 0xE009, 0xE009, 0xE009, 0xE009, 0xE009, 0xE009, 0xE009, 0xE009, 0xE009, 0xE009, 
0xE009, 0xE009, 0xE009, 0xE009, 0xE009, 0xE009, 0xE009, 0xE009, 0xE009, 0xE009, 0xE009, 0xE009, 0xE009, 0xE009, 0xE009, 0xE009, 
0xE009, 0xE009, 0xE009, 0xE009, 0xE009, 0xE009, 0xE009, 0xE009, 0xE009, 0xE009, 0xE009, 0xE009, 0xE009, 0xE009, 0xE009, 0xE009, 
0xE009, 0xE009, 0xE009, 0xE009, 0xE009, 0xE009, 0xE009, 0xE009, 0xE009, 0xE009, 0xE009, 0xE009, 0xE009, 0xE009, 0xE009, 0xE009, 
0xE009, 0xE009, 0xE009, 0xE009, 0xE009, 0xE009, 0xE009, 0xE009, 0xE009, 0xE009, 0xE009, 0xE009, 0xE009, 0xE009, 0xE009, 0xE009, 
0xE009, 0xE009, 0xE009, 0xE009, 0xE009, 0xE009, 0xE009, 0xE009, 0xE009, 0xE009, 0xE009, 0xE009, 0xE009, 0xE009, 0xE009, 0xE009, 
0xE009, 0xE009, 0xE009, 0xE009, 0xE009, 0xE009, 0xE009, 0xE009, 0xE009, 0xE009, 0xE009, 0xE009, 0xE009, 0xE009, 0xE009, 0xE009, 
0xE009, 0xE009, 0xE009, 0xE009, 0xE009, 0xE009, 0xE009, 0xE009, 0xE009, 0xE009, 0xE009, 0xE009, 0xE009, 0xE009, 0xE009, 0xE009, 
0xE009, 0xE009, 0xE009, 0xE009, 0xE009, 0xE009, 0xE009, 0xE009, 0xE009, 0xE009, 0xE009, 0xE009, 0xE009, 0xE009, 0xE009, 0xE009, 
0xE009, 0xE009, 0xE009, 0xE009, 0xE009, 0xE009, 0xE009, 0xE009, 0xE009, 0xE009, 0xE009, 0xE009, 0xE009, 0xE009, 0xE009, 0xE009, 
0xE009, 0xE009, 0xE009, 0xE009, 0xE009, 0xE009, 0xE009, 0xE009, 0xE009, 0xE009, 0xE009, 0xE009, 0xE009, 0xE009, 0xE009, 0xE009, 
0xE009, 0xE009, 0xE009, 0xE009, 0xE009, 0xE009, 0xE009, 0xE009, 0xE009, 0xE009, 0xE009, 0xE009, 0xE009, 0xE009, 0xE009, 0xE009, 
0xE009, 0xE009, 0xE009, 0xE009, 0xE009, 0xE009, 0xE009, 0xE009, 0xE009, 0xE009, 0xE009, 0xE009, 0xE009, 0xE009, 0xE009, 0xE009, 
0xE009, 0xE009, 0xE009, 0xE009, 0xE009, 0xE009, 0xE009, 0xE009, 0xE009, 0xE009, 0xE009, 0xE009, 0xE009, 0xE009, 0xE009, 0xE009, 
0xE009, 0xE009, 0xE009, 0xE009, 0xE009, 0xE009, 0xE009, 0xE009, 0xE009, 0xE009, 0xE009, 0xE009, 0xE009, 0xE009, 0xE009, 0xE009, 
0xE009, 0xE009, 0xE009, 0xE009, 0xE009, 0xE009, 0xE009, 0xE009, 0xE009, 0xE009, 0xE009, 0xE009, 0xE009, 0xE009, 0xE009, 0xE009, 
0xE009, 0xE009, 0xE009, 0xE009, 0xE009, 0xE009, 0xE009, 0xE009, 0xE009, 0xE009, 0xE009, 0xE009, 0xE009, 0xE009, 0xE009, 0xE009, 
0xE009, 0xE009, 0xE009, 0xE009, 0xE009, 0xE009, 0xE009, 0xE009, 0xE009, 0xE009, 0xE009, 0xE009, 0xE009, 0xE009, 0xE009, 0xE009, 
0xE009, 0xE009, 0xE009, 0xE009, 0xE009, 0xE009, 0xE009, 0xE009, 0xE009, 0xE009, 0xE009, 0xE009, 0xE009, 0xE009, 0xE009, 0xE009, 
0xE009, 0xE009, 0xE009, 0xE009, 0xE009, 0xE009, 0xE009, 0xE009, 0xE009, 0xE009, 0xE009, 0xE009, 0xE009, 0xE009, 0xE009, 0xE009, 
0xE009, 0xE009, 0xE009, 0xE009, 0xE009, 0xE009, 0xE009, 0xE009, 0xE009, 0xE009, 0xE009, 0xE009, 0xE009, 0xE009, 0xE009, 0xE009, 
0xE009, 0xE009, 0xE009, 0xE009, 0xE009, 0xE009, 0xE009, 0xE009, 0xE009, 0xE009, 0xE009, 0xE009, 0xE009, 0xE009, 0xE009, 0xE009, 
0xE009, 0xE009, 0xE009, 0xE009, 0xE009, 0xE009, 0xE009, 0xE009, 0xE009, 0xE009, 0xE009, 0xE009, 0xE009, 0xE009, 0xE009, 0xE009, 
0xE009, 0xE009, 0xE009, 0xE009, 0xE009, 0xE009, 0xE009, 0xE009, 0xE009, 0xE009, 0xE009, 0xE009, 0xE009, 0xE009, 0xE009, 0xE009, 
0xE009, 0xE009, 0xE009, 0xE009, 0xE009, 0xE009, 0xE009, 0xE009, 0xE009, 0xE009, 0xE009, 0xE009, 0xE009, 0xE009, 0xE009, 0xE009, 
0xE009, 0xE009, 0xE009, 0xE009, 0xE009, 0xE009, 0xE009, 0xE009, 0xE009, 0xE009, 0xE009, 0xE009, 0xE009, 0xE009, 0xE009, 0xE009, 
0xE009, 0xE009, 0xE009, 0xE009, 0xE009, 0xE009, 0xE009, 0xE009, 0xE009, 0xE009, 0xE009, 0xE009, 0xE009, 0xE009, 0xE009, 0xE009, 
0xE009, 0xE009, 0xE009, 0xE009, 0xE009, 0xE009, 0xE009, 0xE009, 0xE009, 0xE009, 0xE009, 0xE009, 0xE009, 0xE009, 0xE009, 0xE009, 
0xE009, 0xE009, 0xE009, 0xE009, 0xE009, 0xE009, 0xE009, 0xE009, 0xE009, 0xE009, 0xE009, 0xE009, 0xE009, 0xE009, 0xE009, 0xE009, 
0xE009, 0xE009, 0xE009, 0xE009, 0xE009, 0xE009, 0xE009, 0xE009, 0xE009, 0xE009, 0xE009, 0xE009, 0xE009, 0xE009, 0xE009, 0xE009, 
0xE009, 0xE009, 0xE009, 0xE009, 0xE009, 0xE009, 0xE009, 0xE009, 0xE009, 0xE009, 0xE009, 0xE009, 0xE009, 0xE009, 0xE009, 0xE009, 
0xE009, 0xE009, 0xE009, 0xE009, 0xE009, 0xE009, 0xE009, 0xE009, 0xE009, 0xE009, 0xE009, 0xE009, 0xE009, 0xE009, 0xE009, 0xE009, 
0xE009, 0xE009, 0xE009, 0xE009, 0xE009, 0xE009, 0xE009, 0xE009, 0xE009, 0xE009, 0xE009, 0xE009, 0xE009, 0xE009, 0xE009, 0xE009, 
0xE009, 0xE009, 0xE009, 0xE009, 0xE009, 0xE009, 0xE009, 0xE009, 0xE009, 0xE009, 0xE009, 0xE009, 0xE009, 0xE009, 0xE009, 0xE009, 
0xE009, 0xE009, 0xE009, 0xE009, 0xE009, 0xE009, 0xE009, 0xE009, 0xE009, 0xE009, 0xE009, 0xE009, 0xE009, 0xE009, 0xE009, 0xE009, 
0xE009, 0xE009, 0xE009, 0xE009, 0xE009, 0xE009, 0xE009, 0xE009, 0xE009, 0xE009, 0xE009, 0xE009, 0xE009, 0xE009, 0xE009, 0xE009, 
0xE009, 0xE009, 0xE009, 0xE009, 0xE009, 0xE009, 0xE009, 0xE009, 0xE009, 0xE009, 0xE009, 0xE009, 0xE009, 0xE009, 0xE009, 0xE009, 
0xE009, 0xE009, 0xE009, 0xE009, 0xE009, 0xE009, 0xE009, 0xE009, 0xE009, 0xE009, 0xE009, 0xE009, 0xE009, 0xE009, 0xE009, 0xE009, 
0xE009, 0xE009, 0xE009, 0xE009, 0xE009, 0xE009, 0xE009, 0xE009, 0xE009, 0xE009, 0xE009, 0xE009, 0xE009, 0xE009, 0xE009, 0xE009, 
0xE009, 0xE009, 0xE009, 0xE009, 0xE009, 0xE009, 0xE009, 0xE009, 0xE009, 0xE009, 0xE009, 0xE009, 0xE009, 0xE009, 0xE009, 0xE009, 
0xE009, 0xE009, 0xE009, 0xE009, 0xE009, 0xE009, 0xE009, 0xE009, 0xE009, 0xE009, 0xE009, 0xE009, 0xE009, 0xE009, 0xE009, 0xE009, 
0xE009, 0xE009, 0xE009, 0xE009, 0xE009, 0xE009, 0xE009, 0xE009, 0xE009, 0xE009, 0xE009, 0xE009, 0xE009, 0xE009, 0xE009, 0xE009, 
0xE009, 0xE009, 0xE009, 0xE009, 0xE009, 0xE009, 0xE009, 0xE009, 0xE009, 0xE009, 0xE009, 0xE009, 0xE009, 0xE009, 0xE009, 0xE009, 
0xE009, 0xE009, 0xE009, 0xE009, 0xE009, 0xE009, 0xE009, 0xE009, 0xE009, 0xE009, 0xE009, 0xE009, 0xE009, 0xE009, 0xE009, 0xE009, 
0xE009, 0xE009, 0xE009, 0xE009, 0xE009, 0xE009, 0xE009, 0xE009, 0xE009, 0xE009, 0xE009, 0xE009, 0xE009, 0xE009, 0xE009, 0xE009, 
0xE009, 0xE009, 0xE009, 0xE009, 0xE009, 0xE009, 0xE009, 0xE009, 0xE009, 0xE009, 0xE009, 0xE009, 0xE009, 0xE009, 0xE009, 0xE009, 
0xE009, 0xE009, 0xE009, 0xE009, 0xE009, 0xE009, 0xE009, 0xE009, 0xE009, 0xE009, 0xE009, 0xE009, 0xE009, 0xE009, 0xE009, 0xE009, 
0xE009, 0xE009, 0xE009, 0xE009, 0xE009, 0xE009, 0xE009, 0xE009, 0xE009, 0xE009, 0xE009, 0xE009, 0xE009, 0xE009, 0xE009, 0xE009, 
0xE009, 0xE009, 0xE009, 0xE009, 0xE009, 0xE009, 0xE009, 0xE009, 0xE009, 0xE009, 0xE009, 0xE009, 0xE009, 0xE009, 0xE009, 0xE009, 
0xE009, 0xE009, 0xE009, 0xE009, 0xE009, 0xE009, 0xE009, 0xE009, 0xE009, 0xE009, 0xE009, 0xE009, 0xE009, 0xE009, 0xE009, 0xE009, 
0xE009, 0xE009, 0xE009, 0xE009, 0xE009, 0xE009, 0xE009, 0xE009, 0xE009, 0xE009, 0xE009, 0xE009, 0xE009, 0xE009, 0xE009, 0xE009, 
0xE009, 0xE009, 0xE009, 0xE009, 0xE009, 0xE009, 0xE009, 0xE009, 0xE009, 0xE009, 0xE009, 0xE009, 0xE009, 0xE009, 0xE009, 0xE009, 
0xE009, 0xE009, 0xE009, 0xE009, 0xE009, 0xE009, 0xE009, 0xE009, 0xE009, 0xE009, 0xE009, 0xE009, 0xE009, 0xE009, 0xE009, 0xE009, 
0xE009, 0xE009, 0xE009, 0xE009, 0xE009, 0xE009, 0xE009, 0xE009, 0xE009, 0xE009, 0xE009, 0xE009, 0xE009, 0xE009, 0xE009, 0xE009, 
0xE009, 0xE009, 0xE009, 0xE009, 0xE009, 0xE009, 0xE009, 0xE009, 0xE009, 0xE009, 0xE009, 0xE009, 0xE009, 0xE009, 0xE009, 0xE009, 
0xE009, 0xE009, 0xE009, 0xE009, 0xE009, 0xE009, 0xE009, 0xE009, 0xE009, 0xE009, 0xE009, 0xE009, 0xE009, 0xE009, 0xE009, 0xE009, 
0xE009, 0xE009, 0xE009, 0xE009, 0xE009, 0xE009, 0xE009, 0xE009, 0xE009, 0xE009, 0xE009, 0xE009, 0xE009, 0xE009, 0xE009, 0xE009, 
0xE009, 0xE009, 0xE009, 0xE009, 0xE009, 0xE009, 0xE009, 0xE009, 0xE009, 0xE009, 0xE009, 0xE009, 0xE009, 0xE009, 0xE009, 0xE009, 
0xE009, 0xE009, 0xE009, 0xE009, 0xE009, 0xE009, 0xE009, 0xE009, 0xE009, 0xE009, 0xE009, 0xE009, 0xE009, 0xE009, 0xE009, 0xE009, 
0xE009, 0xE009, 0xE009, 0xE009, 0xE009, 0xE009, 0xE009, 0xE009, 0xE009, 0xE009, 0xE009, 0xE009, 0xE009, 0xE009, 0xE009, 0xE009, 
0xE009, 0xE009, 0xE009, 0xE009, 0xE009, 0xE009, 0xE009, 0xE009, 0xE009, 0xE009, 0xE009, 0xE009, 0xE009, 0xE009, 0xE009, 0xE009, 
0xE009, 0xE009, 0xE009, 0xE009, 0xE009, 0xE009, 0xE009, 0xE009, 0xE009, 0xE009, 0xE009, 0xE009, 0xE009, 0xE009, 0xE009, 0xE009, 
0xE009, 0xE009, 0xE009, 0xE009, 0xE009, 0xE009, 0xE009, 0xE009, 0xE009, 0xE009, 0xE009, 0xE009, 0xE009, 0xE009, 0xE009, 0xE009, 
0xE009, 0xE009, 0xE009, 0xE009, 0xE009, 0xE009, 0xE009, 0xE009, 0xE009, 0xE009, 0xE009, 0xE009, 0xE009, 0xE009, 0xE009, 0xE009, 
0xE009, 0xE009, 0xE009, 0xE009, 0xE009, 0xE009, 0xE009, 0xE009, 0xE009, 0xE009, 0xE009, 0xE009, 0xE009, 0xE009, 0xE009, 0xE009, 
0xE009, 0xE009, 0xE009, 0xE009, 0xE009, 0xE009, 0xE009, 0xE009, 0xE009, 0xE009, 0xE009, 0xE009, 0xE009, 0xE009, 0xE009, 0xE009, 
0xE009, 0xE009, 0xE009, 0xE009, 0xE009, 0xE009, 0xE009, 0xE009, 0xE009, 0xE009, 0xE009, 0xE009, 0xE009, 0xE009, 0xE009, 0xE009, 
0xE009, 0xE009, 0xE009, 0xE009, 0xE009, 0xE009, 0xE009, 0xE009, 0xE009, 0xE009, 0xE009, 0xE009, 0xE009, 0xE009, 0xE009, 0xE009, 
0xE009, 0xE009, 0xE009, 0xE009, 0xE009, 0xE009, 0xE009, 0xE009, 0xE009, 0xE009, 0xE009, 0xE009, 0xE009, 0xE009, 0xE009, 0xE009, 
0xE009, 0xE009, 0xE009, 0xE009, 0xE009, 0xE009, 0xE009, 0xE009, 0xE009, 0xE009, 0xE009, 0xE009, 0xE009, 0xE009, 0xE009, 0xE009, 
0xE009, 0xE009, 0xE009, 0xE009, 0xE009, 0xE009, 0xE009, 0xE009, 0xE009, 0xE009, 0xE009, 0xE009, 0xE009, 0xE009, 0xE009, 0xE009, 
0xE009, 0xE009, 0xE009, 0xE009, 0xE009, 0xE009, 0xE009, 0xE009, 0xE009, 0xE009, 0xE009, 0xE009, 0xE009, 0xE009, 0xE009, 0xE009, 
0xE009, 0xE009, 0xE009, 0xE009, 0xE009, 0xE009, 0xE009, 0xE009, 0xE009, 0xE009, 0xE009, 0xE009, 0xE009, 0xE009, 0xE009, 0xE009, 
0xE009, 0xE009, 0xE009, 0xE009, 0xE009, 0xE009, 0xE009, 0xE009, 0xE009, 0xE009, 0xE009, 0xE009, 0xE009, 0xE009, 0xE009, 0xE009, 
0xE009, 0xE009, 0xE009, 0xE009, 0xE009, 0xE009, 0xE009, 0xE009, 0xE009, 0xE009, 0xE009, 0xE009, 0xE009, 0xE009, 0xE009, 0xE009, 
0xE009, 0xE009, 0xE009, 0xE009, 0xE009, 0xE009, 0xE009, 0xE009, 0xE009, 0xE009, 0xE009, 0xE009, 0xE009, 0xE009, 0xE009, 0xE009, 
0xE009, 0xE009, 0xE009, 0xE009, 0xE009, 0xE009, 0xE009, 0xE009, 0xE009, 0xE009, 0xE009, 0xE009, 0xE009, 0xE009, 0xE009, 0xE009, 
0xE009, 0xE009, 0xE009, 0xE009, 0xE009, 0xE009, 0xE009, 0xE009, 0xE009, 0xE009, 0xE009, 0xE009, 0xE009, 0xE009, 0xE009, 0xE009, 
0xE009, 0xE009, 0xE009, 0xE009, 0xE009, 0xE009, 0xE009, 0xE009, 0xE009, 0xE009, 0xE009, 0xE009, 0xE009, 0xE009, 0xE009, 0xE009, 
0xE009, 0xE009, 0xE009, 0xE009, 0xE009, 0xE009, 0xE009, 0xE009, 0xE009, 0xE009, 0xE009, 0xE009, 0xE009, 0xE009, 0xE009, 0xE009, 
0xE009, 0xE009, 0xE009, 0xE009, 0xE009, 0xE009, 0xE009, 0xE009, 0xE009, 0xE009, 0xE009, 0xE009, 0xE009, 0xE009, 0xE009, 0xE009, 
0xE009, 0xE009, 0xE009, 0xE009, 0xE009, 0xE009, 0xE009, 0xE009, 0xE009, 0xE009, 0xE009, 0xE009, 0xE009, 0xE009, 0xE009, 0xE009, 
0xE009, 0xE009, 0xE009, 0xE009, 0xE009, 0xE009, 0xE009, 0xE009, 0xE009, 0xE009, 0xE009, 0xE009, 0xE009, 0xE009, 0xE009, 0xE009, 
0xE009, 0xE009, 0xE009, 0xE009, 0xE009, 0xE009, 0xE009, 0xE009, 0xE009, 0xE009, 0xE009, 0xE009, 0xE009, 0xE009, 0xE009, 0xE009, 
0xE009, 0xE009, 0xE009, 0xE009, 0xE009, 0xE009, 0xE009, 0xE009, 0xE009, 0xE009, 0xE009, 0xE009, 0xE009, 0xE009, 0xE009, 0xE009, 
0xE009, 0xE009, 0xE009, 0xE009, 0xE009, 0xE009, 0xE009, 0xE009, 0xE009, 0xE009, 0xE009, 0xE009, 0xE009, 0xE009, 0xE009, 0xE009, 
0xE009, 0xE009, 0xE009, 0xE009, 0xE009, 0xE009, 0xE009, 0xE009, 0xE009, 0xE009, 0xE009, 0xE009, 0xE009, 0xE009, 0xE009, 0xE009, 
0xE009, 0xE009, 0xE009, 0xE009, 0xE009, 0xE009, 0xE009, 0xE009, 0xE009, 0xE009, 0xE009, 0xE009, 0xE009, 0xE009, 0xE009, 0xE009, 
0xE009, 0xE009, 0xE009, 0xE009, 0xE009, 0xE009, 0xE009, 0xE009, 0xE009, 0xE009, 0xE009, 0xE009, 0xE009, 0xE009, 0xE009, 0xE009, 
0xE009, 0xE009, 0xE009, 0xE009, 0xE009, 0xE009, 0xE009, 0xE009, 0xE009, 0xE009, 0xE009, 0xE009, 0xE009, 0xE009, 0xE009, 0xE009, 
0xE009, 0xE009, 0xE009, 0xE009, 0xE009, 0xE009, 0xE009, 0xE009, 0xE009, 0xE009, 0xE009, 0xE009, 0xE009, 0xE009, 0xE009, 0xE009, 
0xE009, 0xE009, 0xE009, 0xE009, 0xE009, 0xE009, 0xE009, 0xE009, 0xE009, 0xE009, 0xE009, 0xE009, 0xE009, 0xE009, 0xE009, 0xE009, 
0xE009, 0xE009, 0xE009, 0xE009, 0xE009, 0xE009, 0xE009, 0xE009, 0xE009, 0xE009, 0xE009, 0xE009, 0xE009, 0xE009, 0xE009, 0xE009, 
0xE009, 0xE009, 0xE009, 0xE009, 0xE009, 0xE009, 0xE009, 0xE009, 0xE009, 0xE009, 0xE009, 0xE009, 0xE009, 0xE009, 0xE009, 0xE009, 
0xE009, 0xE009, 0xE009, 0xE009, 0xE009, 0xE009, 0xE009, 0xE009, 0xE009, 0xE009, 0xE009, 0xE009, 0xE009, 0xE009, 0xE009, 0xE009, 
0xE009, 0xE009, 0xE009, 0xE009, 0xE009, 0xE009, 0xE009, 0xE009, 0xE009, 0xE009, 0xE009, 0xE009, 0xE009, 0xE009, 0xE009, 0xE009, 
0xE009, 0xE009, 0xE009, 0xE009, 0xE009, 0xE009, 0xE009, 0xE009, 0xE009, 0xE009, 0xE009, 0xE009, 0xE009, 0xE009, 0xE009, 0xE009, 
0xE009, 0xE009, 0xE009, 0xE009, 0xE009, 0xE009, 0xE009, 0xE009, 0xE009, 0xE009, 0xE009, 0xE009, 0xE009, 0xE009, 0xE009, 0xE009, 
0xE009, 0xE009, 0xE009, 0xE009, 0xE009, 0xE009, 0xE009, 0xE009, 0xE009, 0xE009, 0xE009, 0xE009, 0xE009, 0xE009, 0xE009, 0xE009, 
0xE009, 0xE009, 0xE009, 0xE009, 0xE009, 0xE009, 0xE009, 0xE009, 0xE009, 0xE009, 0xE009, 0xE009, 0xE009, 0xE009, 0xE009, 0xE009, 
0xE009, 0xE009, 0xE009, 0xE009, 0xE009, 0xE009, 0xE009, 0xE009, 0xE009, 0xE009, 0xE009, 0xE009, 0xE009, 0xE009, 0xE009, 0xE009, 
0xE009, 0xE009, 0xE009, 0xE009, 0xE009, 0xE009, 0xE009, 0xE009, 0xE009, 0xE009, 0xE009, 0xE009, 0xE009, 0xE009, 0xE009, 0xE009, 
0xE009, 0xE009, 0xE009, 0xE009, 0xE009, 0xE009, 0xE009, 0xE009, 0xE009, 0xE009, 0xE009, 0xE009, 0xE009, 0xE009, 0xE009, 0xE009, 
0xE009, 0xE009, 0xE009, 0xE009, 0xE009, 0xE009, 0xE009, 0xE009, 0xE009, 0xE009, 0xE009, 0xE009, 0xE009, 0xE009, 0xE009, 0xE009, 
0xE009, 0xE009, 0xE009, 0xE009, 0xE009, 0xE009, 0xE009, 0xE009, 0xE009, 0xE009, 0xE009, 0xE009, 0xE009, 0xE009, 0xE009, 0xE009, 
0xE009, 0xE009, 0xE009, 0xE009, 0xE009, 0xE009, 0xE009, 0xE009, 0xE009, 0xE009, 0xE009, 0xE009, 0xE009, 0xE009, 0xE009, 0xE009, 
0xE009, 0xE009, 0xE009, 0xE009, 0xE009, 0xE009, 0xE009, 0xE009, 0xE009, 0xE009, 0xE009, 0xE009, 0xE009, 0xE009, 0xE009, 0xE009, 
0xE009, 0xE009, 0xE009, 0xE009, 0xE009, 0xE009, 0xE009, 0xE009, 0xE009, 0xE009, 0xE009, 0xE009, 0xE009, 0xE009, 0xE009, 0xE009, 
0xE009, 0xE009, 0xE009, 0xE009, 0xE009, 0xE009, 0xE009, 0xE009, 0xE009, 0xE009, 0xE009, 0xE009, 0xE009, 0xE009, 0xE009, 0xE009, 
0xE009, 0xE009, 0xE009, 0xE009, 0xE009, 0xE009, 0xE009, 0xE009, 0xE009, 0xE009, 0xE009, 0xE009, 0xE009, 0xE009, 0xE009, 0xE009, 
0xE009, 0xE009, 0xE009, 0xE009, 0xE009, 0xE009, 0xE009, 0xE009, 0xE009, 0xE009, 0xE009, 0xE009, 0xE009, 0xE009, 0xE009, 0xE009, 
0xE009, 0xE009, 0xE009, 0xE009, 0xE009, 0xE009, 0xE009, 0xE009, 0xE009, 0xE009, 0xE009, 0xE009, 0xE009, 0xE009, 0xE009, 0xE009, 
0xE009, 0xE009, 0xE009, 0xE009, 0xE009, 0xE009, 0xE009, 0xE009, 0xE009, 0xE009, 0xE009, 0xE009, 0xE009, 0xE009, 0xE009, 0xE009, 
0xE009, 0xE009, 0xE009, 0xE009, 0xE009, 0xE009, 0xE009, 0xE009, 0xE009, 0xE009, 0xE009, 0xE009, 0xE009, 0xE009, 0xE009, 0xE009, 
0xE009, 0xE009, 0xE009, 0xE009, 0xE009, 0xE009, 0xE009, 0xE009, 0xE009, 0xE009, 0xE009, 0xE009, 0xE009, 0xE009, 0xE009, 0xE009, 
0xE009, 0xE009, 0xE009, 0xE009, 0xE009, 0xE009, 0xE009, 0xE009, 0xE009, 0xE009, 0xE009, 0xE009, 0xE009, 0xE009, 0xE009, 0xE009, 
0xE009, 0xE009, 0xE009, 0xE009, 0xE009, 0xE009, 0xE009, 0xE009, 0xE009, 0xE009, 0xE009, 0xE009, 0xE009, 0xE009, 0xE009, 0xE009, 
0xE009, 0xE009, 0xE009, 0xE009, 0xE009, 0xE009, 0xE009, 0xE009, 0xE009, 0xE009, 0xE009, 0xE009, 0xE009, 0xE009, 0xE009, 0xE009, 
0xE009, 0xE009, 0xE009, 0xE009, 0xE009, 0xE009, 0xE009, 0xE009, 0xE009, 0xE009, 0xE009, 0xE009, 0xE009, 0xE009, 0xE009, 0xE009, 
0xE009, 0xE009, 0xE009, 0xE009, 0xE009, 0xE009, 0xE009, 0xE009, 0xE009, 0xE009, 0xE009, 0xE009, 0xE009, 0xE009, 0xE009, 0xE009, 
0xE009, 0xE009, 0xE009, 0xE009, 0xE009, 0xE009, 0xE009, 0xE009, 0xE009, 0xE009, 0xE009, 0xE009, 0xE009, 0xE009, 0xE009, 0xE009, 
0xE009, 0xE009, 0xE009, 0xE009, 0xE009, 0xE009, 0xE009, 0xE009, 0xE009, 0xE009, 0xE009, 0xE009, 0xE009, 0xE009, 0xE009, 0xE009, 
0xE009, 0xE009, 0xE009, 0xE009, 0xE009, 0xE009, 0xE009, 0xE009, 0xE009, 0xE009, 0xE009, 0xE009, 0xE009, 0xE009, 0xE009, 0xE009, 
0xE009, 0xE009, 0xE009, 0xE009, 0xE009, 0xE009, 0xE009, 0xE009, 0xE009, 0xE009, 0xE009, 0xE009, 0xE009, 0xE009, 0xE009, 0xE009, 
0xE009, 0xE009, 0xE009, 0xE009, 0xE009, 0xE009, 0xE009, 0xE009, 0xE009, 0xE009, 0xE009, 0xE009, 0xE009, 0xE009, 0xE009, 0xE009, 
0xE009, 0xE009, 0xE009, 0xE009, 0xE009, 0xE009, 0xE009, 0xE009, 0xE009, 0xE009, 0xE009, 0xE009, 0xE009, 0xE009, 0xE009, 0xE009, 
0xE009, 0xE009, 0xE009, 0xE009, 0xE009, 0xE009, 0xE009, 0xE009, 0xE009, 0xE009, 0xE009, 0xE009, 0xE009, 0xE009, 0xE009, 0xE009, 
0xE009, 0xE009, 0xE009, 0xE009, 0xE009, 0xE009, 0xE009, 0xE009, 0xE009, 0xE009, 0xE009, 0xE009, 0xE009, 0xE009, 0xE009, 0xE009, 
0xE009, 0xE009, 0xE009, 0xE009, 0xE009, 0xE009, 0xE009, 0xE009, 0xE009, 0xE009, 0xE009, 0xE009, 0xE009, 0xE009, 0xE009, 0xE009, 
0xE009, 0xE009, 0xE009, 0xE009, 0xE009, 0xE009, 0xE009, 0xE009, 0xE009, 0xE009, 0xE009, 0xE009, 0xE009, 0xE009, 0xE009, 0xE009, 
0xE009, 0xE009, 0xE009, 0xE009, 0xE009, 0xE009, 0xE009, 0xE009, 0xE009, 0xE009, 0xE009, 0xE009, 0xE009, 0xE009, 0xE009, 0xE009, 
0xE009, 0xE009, 0xE009, 0xE009, 0xE009, 0xE009, 0xE009, 0xE009, 0xE009, 0xE009, 0xE009, 0xE009, 0xE009, 0xE009, 0xE009, 0xE009, 
0xE009, 0xE009, 0xE009, 0xE009, 0xE009, 0xE009, 0xE009, 0xE009, 0xE009, 0xE009, 0xE009, 0xE009, 0xE009, 0xE009, 0xE009, 0xE009, 
0xE009, 0xE009, 0xE009, 0xE009, 0xE009, 0xE009, 0xE009, 0xE009, 0xE009, 0xE009, 0xE009, 0xE009, 0xE009, 0xE009, 0xE009, 0xE009, 
0xE009, 0xE009, 0xE009, 0xE009, 0xE009, 0xE009, 0xE009, 0xE009, 0xE009, 0xE009, 0xE009, 0xE009, 0xE009, 0xE009, 0xE009, 0xE009, 
0xE009, 0xE009, 0xE009, 0xE009, 0xE009, 0xE009, 0xE009, 0xE009, 0xE009, 0xE009, 0xE009, 0xE009, 0xE009, 0xE009, 0xE009, 0xE009, 
0xE009, 0xE009, 0xE009, 0xE009, 0xE009, 0xE009, 0xE009, 0xE009, 0xE009, 0xE009, 0xE009, 0xE009, 0xE009, 0xE009, 0xE009, 0xE009, 
0xE009, 0xE009, 0xE009, 0xE009, 0xE009, 0xE009, 0xE009, 0xE009, 0xE009, 0xE009, 0xE009, 0xE009, 0xE009, 0xE009, 0xE009, 0xE009, 
0xE009, 0xE009, 0xE009, 0xE009, 0xE009, 0xE009, 0xE009, 0xE009, 0xE009, 0xE009, 0xE009, 0xE009, 0xE009, 0xE009, 0xE009, 0xE009, 
0xE009, 0xE009, 0xE009, 0xE009, 0xE009, 0xE009, 0xE009, 0xE009, 0xE009, 0xE009, 0xE009, 0xE009, 0xE009, 0xE009, 0xE009, 0xE009, 
0xE009, 0xE009, 0xE009, 0xE009, 0xE009, 0xE009, 0xE009, 0xE009, 0xE009, 0xE009, 0xE009, 0xE009, 0xE009, 0xE009, 0xE009, 0xE009, 
0xE009, 0xE009, 0xE009, 0xE009, 0xE009, 0xE009, 0xE009, 0xE009, 0xE009, 0xE009, 0xE009, 0xE009, 0xE009, 0xE009, 0xE009, 0xE009, 
0xE009, 0xE009, 0xE009, 0xE009, 0xE009, 0xE009, 0xE009, 0xE009, 0xE009, 0xE009, 0xE009, 0xE009, 0xE009, 0xE009, 0xE009, 0xE009, 
0xE009, 0xE009, 0xE009, 0xE009, 0xE009, 0xE009, 0xE009, 0xE009, 0xE009, 0xE009, 0xE009, 0xE009, 0xE009, 0xE009, 0xE009, 0xE009, 
0xE009, 0xE009, 0xE009, 0xE009, 0xE009, 0xE009, 0xE009, 0xE009, 0xE009, 0xE009, 0xE009, 0xE009, 0xE009, 0xE009, 0xE009, 0xE009, 
0xE009, 0xE009, 0xE009, 0xE009, 0xE009, 0xE009, 0xE009, 0xE009, 0xE009, 0xE009, 0xE009, 0xE009, 0xE009, 0xE009, 0xE009, 0xE009, 
0xE009, 0xE009, 0xE009, 0xE009, 0xE009, 0xE009, 0xE009, 0xE009, 0xE009, 0xE009, 0xE009, 0xE009, 0xE009, 0xE009, 0xE009, 0xE009, 
0xE009, 0xE009, 0xE009, 0xE009, 0xE009, 0xE009, 0xE009, 0xE009, 0xE009, 0xE009, 0xE009, 0xE009, 0xE009, 0xE009, 0xE009, 0xE009, 
0xE009, 0xE009, 0xE009, 0xE009, 0xE009, 0xE009, 0xE009, 0xE009, 0xE009, 0xE009, 0xE009, 0xE009, 0xE009, 0xE009, 0xE009, 0xE009, 
0xE009, 0xE009, 0xE009, 0xE009, 0xE009, 0xE009, 0xE009, 0xE009, 0xE009, 0xE009, 0xE009, 0xE009, 0xE009, 0xE009, 0xE009, 0xE009, 
0xE009, 0xE009, 0xE009, 0xE009, 0xE009, 0xE009, 0xE009, 0xE009, 0xE009, 0xE009, 0xE009, 0xE009, 0xE009, 0xE009, 0xE009, 0xE009, 
0xE009, 0xE009, 0xE009, 0xE009, 0xE009, 0xE009, 0xE009, 0xE009, 0xE009, 0xE009, 0xE009, 0xE009, 0xE009, 0xE009, 0xE009, 0xE009, 
0xE009, 0xE009, 0xE009, 0xE009, 0xE009, 0xE009, 0xE009, 0xE009, 0xE009, 0xE009, 0xE009, 0xE009, 0xE009, 0xE009, 0xE009, 0xE009, 
0xE009, 0xE009, 0xE009, 0xE009, 0xE009, 0xE009, 0xE009, 0xE009, 0xE009, 0xE009, 0xE009, 0xE009, 0xE009, 0xE009, 0xE009, 0xE009, 
0xE009, 0xE009, 0xE009, 0xE009, 0xE009, 0xE009, 0xE009, 0xE009, 0xE009, 0xE009, 0xE009, 0xE009, 0xE009, 0xE009, 0xE009, 0xE009, 
0xE009, 0xE009, 0xE009, 0xE009, 0xE009, 0xE009, 0xE009, 0xE009, 0xE009, 0xE009, 0xE009, 0xE009, 0xE009, 0xE009, 0xE009, 0xE009, 
0xE009, 0xE009, 0xE009, 0xE009, 0xE009, 0xE009, 0xE009, 0xE009, 0xE009, 0xE009, 0xE009, 0xE009, 0xE009, 0xE009, 0xE009, 0xE009, 
0xE009, 0xE009, 0xE009, 0xE009, 0xE009, 0xE009, 0xE009, 0xE009, 0xE009, 0xE009, 0xE009, 0xE009, 0xE009, 0xE009, 0xE009, 0xE009, 
0xE009, 0xE009, 0xE009, 0xE009, 0xE009, 0xE009, 0xE009, 0xE009, 0xE009, 0xE009, 0xE009, 0xE009, 0xE009, 0xE009, 0xE009, 0xE009, 
0xE009, 0xE009, 0xE009, 0xE009, 0xE009, 0xE009, 0xE009, 0xE009, 0xE009, 0xE009, 0xE009, 0xE009, 0xE009, 0xE009, 0xE009, 0xE009, 
0xE009, 0xE009, 0xE009, 0xE009, 0xE009, 0xE009, 0xE009, 0xE009, 0xE009, 0xE009, 0xE009, 0xE009, 0xE009, 0xE009, 0xE009, 0xE009, 
0xE009, 0xE009, 0xE009, 0xE009, 0xE009, 0xE009, 0xE009, 0xE009, 0xE009, 0xE009, 0xE009, 0xE009, 0xE009, 0xE009, 0xE009, 0xE009, 
0xE009, 0xE009, 0xE009, 0xE009, 0xE009, 0xE009, 0xE009, 0xE009, 0xE009, 0xE009, 0xE009, 0xE009, 0xE009, 0xE009, 0xE009, 0xE009, 
0xE009, 0xE009, 0xE009, 0xE009, 0xE009, 0xE009, 0xE009, 0xE009, 0xE009, 0xE009, 0xE009, 0xE009, 0xE009, 0xE009, 0xE009, 0xE009, 
0xE009, 0xE009, 0xE009, 0xE009, 0xE009, 0xE009, 0xE009, 0xE009, 0xE009, 0xE009, 0xE009, 0xE009, 0xE009, 0xE009, 0xE009, 0xE009, 
0xE009, 0xE009, 0xE009, 0xE009, 0xE009, 0xE009, 0xE009, 0xE009, 0xE009, 0xE009, 0xE009, 0xE009, 0xE009, 0xE009, 0xE009, 0xE009, 
0xE009, 0xE009, 0xE009, 0xE009, 0xE009, 0xE009, 0xE009, 0xE009, 0xE009, 0xE009, 0xE009, 0xE009, 0xE009, 0xE009, 0xE009, 0xE009, 
0xE009, 0xE009, 0xE009, 0xE009, 0xE009, 0xE009, 0xE009, 0xE009, 0xE009, 0xE009, 0xE009, 0xE009, 0xE009, 0xE009, 0xE009, 0xE009, 
0xE009, 0xE009, 0xE009, 0xE009, 0xE009, 0xE009, 0xE009, 0xE009, 0xE009, 0xE009, 0xE009, 0xE009, 0xE009, 0xE009, 0xE009, 0xE009, 
0xE009, 0xE009, 0xE009, 0xE009, 0xE009, 0xE009, 0xE009, 0xE009, 0xE009, 0xE009, 0xE009, 0xE009, 0xE009, 0xE009, 0xE009, 0xE009, 
0xE009, 0xE009, 0xE009, 0xE009, 0xE009, 0xE009, 0xE009, 0xE009, 0xE009, 0xE009, 0xE009, 0xE009, 0xE009, 0xE009, 0xE009, 0xE009, 
0xE009, 0xE009, 0xE009, 0xE009, 0xE009, 0xE009, 0xE009, 0xE009, 0xE009, 0xE009, 0xE009, 0xE009, 0xE009, 0xE009, 0xE009, 0xE009, 
0xE009, 0xE009, 0xE009, 0xE009, 0xE009, 0xE009, 0xE009, 0xE009, 0xE009, 0xE009, 0xE009, 0xE009, 0xE009, 0xE009, 0xE009, 0xE009, 
0xE009, 0xE009, 0xE009, 0xE009, 0xE009, 0xE009, 0xE009, 0xE009, 0xE009, 0xE009, 0xE009, 0xE009, 0xE009, 0xE009, 0xE009, 0xE009, 
0xE009, 0xE009, 0xE009, 0xE009, 0xE009, 0xE009, 0xE009, 0xE009, 0xE009, 0xE009, 0xE009, 0xE009, 0xE009, 0xE009, 0xE009, 0xE009, 
0xE009, 0xE009, 0xE009, 0xE009, 0xE009, 0xE009, 0xE009, 0xE009, 0xE009, 0xE009, 0xE009, 0xE009, 0xE009, 0xE009, 0xE009, 0xE009, 
0xE009, 0xE009, 0xE009, 0xE009, 0xE009, 0xE009, 0xE009, 0xE009, 0xE009, 0xE009, 0xE009, 0xE009, 0xE009, 0xE009, 0xE009, 0xE009, 
0xE009, 0xE009, 0xE009, 0xE009, 0xE009, 0xE009, 0xE009, 0xE009, 0xE009, 0xE009, 0xE009, 0xE009, 0xE009, 0xE009, 0xE009, 0xE009, 
0xE009, 0xE009, 0xE009, 0xE009, 0xE009, 0xE009, 0xE009, 0xE009, 0xE009, 0xE009, 0xE009, 0xE009, 0xE009, 0xE009, 0xE009, 0xE009, 
0xE009, 0xE009, 0xE009, 0xE009, 0xE009, 0xE009, 0xE009, 0xE009, 0xE009, 0xE009, 0xE009, 0xE009, 0xE009, 0xE009, 0xE009, 0xE009, 
0xE009, 0xE009, 0xE009, 0xE009, 0xE009, 0xE009, 0xE009, 0xE009, 0xE009, 0xE009, 0xE009, 0xE009, 0xE009, 0xE009, 0xE009, 0xE009, 
0xE009, 0xE009, 0xE009, 0xE009, 0xE009, 0xE009, 0xE009, 0xE009, 0xE009, 0xE009, 0xE009, 0xE009, 0xE009, 0xE009, 0xE009, 0xE009, 
0xE009, 0xE009, 0xE009, 0xE009, 0xE009, 0xE009, 0xE009, 0xE009, 0xE009, 0xE009, 0xE009, 0xE009, 0xE009, 0xE009, 0xE009, 0xE009, 
0xE009, 0xE009, 0xE009, 0xE009, 0xE009, 0xE009, 0xE009, 0xE009, 0xE009, 0xE009, 0xE009, 0xE009, 0xE009, 0xE009, 0xE009, 0xE009, 
0xE009, 0xE009, 0xE009, 0xE009, 0xE009, 0xE009, 0xE009, 0xE009, 0xE009, 0xE009, 0xE009, 0xE009, 0xE009, 0xE009, 0xE009, 0xE009, 
0xE009, 0xE009, 0xE009, 0xE009, 0xE009, 0xE009, 0xE009, 0xE009, 0xE009, 0xE009, 0xE009, 0xE009, 0xE009, 0xE009, 0xE009, 0xE009, 
0xE009, 0xE009, 0xE009, 0xE009, 0xE009, 0xE009, 0xE009, 0xE009, 0xE009, 0xE009, 0xE009, 0xE009, 0xE009, 0xE009, 0xE009, 0xE009, 
0xE009, 0xE009, 0xE009, 0xE009, 0xE009, 0xE009, 0xE009, 0xE009, 0xE009, 0xE009, 0xE009, 0xE009, 0xE009, 0xE009, 0xE009, 0xE009, 
0xE009, 0xE009, 0xE009, 0xE009, 0xE009, 0xE009, 0xE009, 0xE009, 0xE009, 0xE009, 0xE009, 0xE009, 0xE009, 0xE009, 0xE009, 0xE009, 
0xE009, 0xE009, 0xE009, 0xE009, 0xE009, 0xE009, 0xE009, 0xE009, 0xE009, 0xE009, 0xE009, 0xE009, 0xE009, 0xE009, 0xE009, 0xE009, 
0xE009, 0xE009, 0xE009, 0xE009, 0xE009, 0xE009, 0xE009, 0xE009, 0xE009, 0xE009, 0xE009, 0xE009, 0xE009, 0xE009, 0xE009, 0xE009, 
0xE009, 0xE009, 0xE009, 0xE009, 0xE009, 0xE009, 0xE009, 0xE009, 0xE009, 0xE009, 0xE009, 0xE009, 0xE009, 0xE009, 0xE009, 0xE009, 
0xE009, 0xE009, 0xE009, 0xE009, 0xE009, 0xE009, 0xE009, 0xE009, 0xE009, 0xE009, 0xE009, 0xE009, 0xE009, 0xE009, 0xE009, 0xE009, 
0xE009, 0xE009, 0xE009, 0xE009, 0xE009, 0xE009, 0xE009, 0xE009, 0xE009, 0xE009, 0xE009, 0xE009, 0xE009, 0xE009, 0xE009, 0xE009, 
0xE009, 0xE009, 0xE009, 0xE009, 0xE009, 0xE009, 0xE009, 0xE009, 0xE009, 0xE009, 0xE009, 0xE009, 0xE009, 0xE009, 0xE009, 0xE009, 
0xE009, 0xE009, 0xE009, 0xE009, 0xE009, 0xE009, 0xE009, 0xE009, 0xE009, 0xE009, 0xE009, 0xE009, 0xE009, 0xE009, 0xE009, 0xE009, 
0xE009, 0xE009, 0xE009, 0xE009, 0xE009, 0xE009, 0xE009, 0xE009, 0xE009, 0xE009, 0xE009, 0xE009, 0xE009, 0xE009, 0xE009, 0xE009, 
0xE009, 0xE009, 0xE009, 0xE009, 0xE009, 0xE009, 0xE009, 0xE009, 0xE009, 0xE009, 0xE009, 0xE009, 0xE009, 0xE009, 0xE009, 0xE009, 
0xE009, 0xE009, 0xE009, 0xE009, 0xE009, 0xE009, 0xE009, 0xE009, 0xE009, 0xE009, 0xE009, 0xE009, 0xE009, 0xE009, 0xE009, 0xE009, 
0xE009, 0xE009, 0xE009, 0xE009, 0xE009, 0xE009, 0xE009, 0xE009, 0xE009, 0xE009, 0xE009, 0xE009, 0xE009, 0xE009, 0xE009, 0xE009, 
0xE009, 0xE009, 0xE009, 0xE009, 0xE009, 0xE009, 0xE009, 0xE009, 0xE009, 0xE009, 0xE009, 0xE009, 0xE009, 0xE009, 0xE009, 0xE009, 
0xE009, 0xE009, 0xE009, 0xE009, 0xE009, 0xE009, 0xE009, 0xE009, 0xE009, 0xE009, 0xE009, 0xE009, 0xE009, 0xE009, 0xE009, 0xE009, 
0xE009, 0xE009, 0xE009, 0xE009, 0xE009, 0xE009, 0xE009, 0xE009, 0xE009, 0xE009, 0xE009, 0xE009, 0xE009, 0xE009, 0xE009, 0xE009, 
0xE009, 0xE009, 0xE009, 0xE009, 0xE009, 0xE009, 0xE009, 0xE009, 0xE009, 0xE009, 0xE009, 0xE009, 0xE009, 0xE009, 0xE009, 0xE009, 
0xE009, 0xE009, 0xE009, 0xE009, 0xE009, 0xE009, 0xE009, 0xE009, 0xE009, 0xE009, 0xE009, 0xE009, 0xE009, 0xE009, 0xE009, 0xE009, 
0xE009, 0xE009, 0xE009, 0xE009, 0xE009, 0xE009, 0xE009, 0xE009, 0xE009, 0xE009, 0xE009, 0xE009, 0xE009, 0xE009, 0xE009, 0xE009, 
0xE009, 0xE009, 0xE009, 0xE009, 0xE009, 0xE009, 0xE009, 0xE009, 0xE009, 0xE009, 0xE009, 0xE009, 0xE009, 0xE009, 0xE009, 0xE009, 
0xE009, 0xE009, 0xE009, 0xE009, 0xE009, 0xE009, 0xE009, 0xE009, 0xE009, 0xE009, 0xE009, 0xE009, 0xE009, 0xE009, 0xE009, 0xE009, 
0xE009, 0xE009, 0xE009, 0xE009, 0xE009, 0xE009, 0xE009, 0xE009, 0xE009, 0xE009, 0xE009, 0xE009, 0xE009, 0xE009, 0xE009, 0xE009, 
0xE009, 0xE009, 0xE009, 0xE009, 0xE009, 0xE009, 0xE009, 0xE009, 0xE009, 0xE009, 0xE009, 0xE009, 0xE009, 0xE009, 0xE009, 0xE009, 
0xE009, 0xE009, 0xE009, 0xE009, 0xE009, 0xE009, 0xE009, 0xE009, 0xE009, 0xE009, 0xE009, 0xE009, 0xE009, 0xE009, 0xE009, 0xE009, 
0xE009, 0xE009, 0xE009, 0xE009, 0xE009, 0xE009, 0xE009, 0xE009, 0xE009, 0xE009, 0xE009, 0xE009, 0xE009, 0xE009, 0xE009, 0xE009, 
0xE009, 0xE009, 0xE009, 0xE009, 0xE009, 0xE009, 0xE009, 0xE009, 0xE009, 0xE009, 0xE009, 0xE009, 0xE009, 0xE009, 0xE009, 0xE009, 
0xE009, 0xE009, 0xE009, 0xE009, 0xE009, 0xE009, 0xE009, 0xE009, 0xE009, 0xE009, 0xE009, 0xE009, 0xE009, 0xE009, 0xE009, 0xE009, 
0xE009, 0xE009, 0xE009, 0xE009, 0xE009, 0xE009, 0xE009, 0xE009, 0xE009, 0xE009, 0xE009, 0xE009, 0xE009, 0xE009, 0xE009, 0xE009, 
0xE009, 0xE009, 0xE009, 0xE009, 0xE009, 0xE009, 0xE009, 0xE009, 0xE009, 0xE009, 0xE009, 0xE009, 0xE009, 0xE009, 0xE009, 0xE009, 
0xE009, 0xE009, 0xE009, 0xE009, 0xE009, 0xE009, 0xE009, 0xE009, 0xE009, 0xE009, 0xE009, 0xE009, 0xE009, 0xE009, 0xE009, 0xE009, 
0xE009, 0xE009, 0xE009, 0xE009, 0xE009, 0xE009, 0xE009, 0xE009, 0xE009, 0xE009, 0xE009, 0xE009, 0xE009, 0xE009, 0xE009, 0xE009, 
0xE009, 0xE009, 0xE009, 0xE009, 0xE009, 0xE009, 0xE009, 0xE009, 0xE009, 0xE009, 0xE009, 0xE009, 0xE009, 0xE009, 0xE009, 0xE009, 
0xE009, 0xE009, 0xE009, 0xE009, 0xE009, 0xE009, 0xE009, 0xE009, 0xE009, 0xE009, 0xE009, 0xE009, 0xE009, 0xE009, 0xE009, 0xE009, 
0xE009, 0xE009, 0xE009, 0xE009, 0xE009, 0xE009, 0xE009, 0xE009, 0xE009, 0xE009, 0xE009, 0xE009, 0xE009, 0xE009, 0xE009, 0xE009, 
0xE009, 0xE009, 0xE009, 0xE009, 0xE009, 0xE009, 0xE009, 0xE009, 0xE009, 0xE009, 0xE009, 0xE009, 0xE009, 0xE009, 0xE009, 0xE009, 
0xE009, 0xE009, 0xE009, 0xE009, 0xE009, 0xE009, 0xE009, 0xE009, 0xE009, 0xE009, 0xE009, 0xE009, 0xE009, 0xE009, 0xE009, 0xE009, 
0xE009, 0xE009, 0xE009, 0xE009, 0xE009, 0xE009, 0xE009, 0xE009, 0xE009, 0xE009, 0xE009, 0xE009, 0xE009, 0xE009, 0xE009, 0xE009, 
0xE009, 0xE009, 0xE009, 0xE009, 0xE009, 0xE009, 0xE009, 0xE009, 0xE009, 0xE009, 0xE009, 0xE009, 0xE009, 0xE009, 0xE009, 0xE009, 
0xE009, 0xE009, 0xE009, 0xE009, 0xE009, 0xE009, 0xE009, 0xE009, 0xE009, 0xE009, 0xE009, 0xE009, 0xE009, 0xE009, 0xE009, 0xE009, 
0xE009, 0xE009, 0xE009, 0xE009, 0xE009, 0xE009, 0xE009, 0xE009, 0xE009, 0xE009, 0xE009, 0xE009, 0xE009, 0xE009, 0xE009, 0xE009, 
0xE009, 0xE009, 0xE009, 0xE009, 0xE009, 0xE009, 0xE009, 0xE009, 0xE009, 0xE009, 0xE009, 0xE009, 0xE009, 0xE009, 0xE009, 0xE009, 
0xE009, 0xE009, 0xE009, 0xE009, 0xE009, 0xE009, 0xE009, 0xE009, 0xE009, 0xE009, 0xE009, 0xE009, 0xE009, 0xE009, 0xE009, 0xE009, 
0xE009, 0xE009, 0xE009, 0xE009, 0xE009, 0xE009, 0xE009, 0xE009, 0xE009, 0xE009, 0xE009, 0xE009, 0xE009, 0xE009, 0xE009, 0xE009, 
0xE009, 0xE009, 0xE009, 0xE009, 0xE009, 0xE009, 0xE009, 0xE009, 0xE009, 0xE009, 0xE009, 0xE009, 0xE009, 0xE009, 0xE009, 0xE009, 
0xE009, 0xE009, 0xE009, 0xE009, 0xE009, 0xE009, 0xE009, 0xE009, 0xE009, 0xE009, 0xE009, 0xE009, 0xE009, 0xE009, 0xE009, 0xE009, 
0xE009, 0xE009, 0xE009, 0xE009, 0xE009, 0xE009, 0xE009, 0xE009, 0xE009, 0xE009, 0xE009, 0xE009, 0xE009, 0xE009, 0xE009, 0xE009, 
0xE009, 0xE009, 0xE009, 0xE009, 0xE009, 0xE009, 0xE009, 0xE009, 0xE009, 0xE009, 0xE009, 0xE009, 0xE009, 0xE009, 0xE009, 0xE009, 
0xE009, 0xE009, 0xE009, 0xE009, 0xE009, 0xE009, 0xE009, 0xE009, 0xE009, 0xE009, 0xE009, 0xE009, 0xE009, 0xE009, 0xE009, 0xE009, 
0xE009, 0xE009, 0xE009, 0xE009, 0xE009, 0xE009, 0xE009, 0xE009, 0xE009, 0xE009, 0xE009, 0xE009, 0xE009, 0xE009, 0xE009, 0xE009, 
0xE009, 0xE009, 0xE009, 0xE009, 0xE009, 0xE009, 0xE009, 0xE009, 0xE009, 0xE009, 0xE009, 0xE009, 0xE009, 0xE009, 0xE009, 0xE009, 
0xE009, 0xE009, 0xE009, 0xE009, 0xE009, 0xE009, 0xE009, 0xE009, 0xE009, 0xE009, 0xE009, 0xE009, 0xE009, 0xE009, 0xE009, 0xE009, 
0xE009, 0xE009, 0xE009, 0xE009, 0xE009, 0xE009, 0xE009, 0xE009, 0xE009, 0xE009, 0xE009, 0xE009, 0xE009, 0xE009, 0xE009, 0xE009, 
0xE009, 0xE009, 0xE009, 0xE009, 0xE009, 0xE009, 0xE009, 0xE009, 0xE009, 0xE009, 0xE009, 0xE009, 0xE009, 0xE009, 0xE009, 0xE009, 
0xE009, 0xE009, 0xE009, 0xE009, 0xE009, 0xE009, 0xE009, 0xE009, 0xE009, 0xE009, 0xE009, 0xE009, 0xE009, 0xE009, 0xE009, 0xE009, 
0xE009, 0xE009, 0xE009, 0xE009, 0xE009, 0xE009, 0xE009, 0xE009, 0xE009, 0xE009, 0xE009, 0xE009, 0xE009, 0xE009, 0xE009, 0xE009, 
0xE009, 0xE009, 0xE009, 0xE009, 0xE009, 0xE009, 0xE009, 0xE009, 0xE009, 0xE009, 0xE009, 0xE009, 0xE009, 0xE009, 0xE009, 0xE009, 
0xE009, 0xE009, 0xE009, 0xE009, 0xE009, 0xE009, 0xE009, 0xE009, 0xE009, 0xE009, 0xE009, 0xE009, 0xE009, 0xE009, 0xE009, 0xE009, 
0xE009, 0xE009, 0xE009, 0xE009, 0xE009, 0xE009, 0xE009, 0xE009, 0xE009, 0xE009, 0xE009, 0xE009, 0xE009, 0xE009, 0xE009, 0xE009, 
0xE009, 0xE009, 0xE009, 0xE009, 0xE009, 0xE009, 0xE009, 0xE009, 0xE009, 0xE009, 0xE009, 0xE009, 0xE009, 0xE009, 0xE009, 0xE009, 
0xE009, 0xE009, 0xE009, 0xE009, 0xE009, 0xE009, 0xE009, 0xE009, 0xE009, 0xE009, 0xE009, 0xE009, 0xE009, 0xE009, 0xE009, 0xE009, 
0xE009, 0xE009, 0xE009, 0xE009, 0xE009, 0xE009, 0xE009, 0xE009, 0xE009, 0xE009, 0xE009, 0xE009, 0xE009, 0xE009, 0xE009, 0xE009, 
0xE009, 0xE009, 0xE009, 0xE009, 0xE009, 0xE009, 0xE009, 0xE009, 0xE009, 0xE009, 0xE009, 0xE009, 0xE009, 0xE009, 0xE009, 0xE009, 
0xE009, 0xE009, 0xE009, 0xE009, 0xE009, 0xE009, 0xE009, 0xE009, 0xE009, 0xE009, 0xE009, 0xE009, 0xE009, 0xE009, 0xE009, 0xE009, 
0xE009, 0xE009, 0xE009, 0xE009, 0xE009, 0xE009, 0xE009, 0xE009, 0xE009, 0xE009, 0xE009, 0xE009, 0xE009, 0xE009, 0xE009, 0xE009, 
0xE009, 0xE009, 0xE009, 0xE009, 0xE009, 0xE009, 0xE009, 0xE009, 0xE009, 0xE009, 0xE009, 0xE009, 0xE009, 0xE009, 0xE009, 0xE009, 
0xE009, 0xE009, 0xE009, 0xE009, 0xE009, 0xE009, 0xE009, 0xE009, 0xE009, 0xE009, 0xE009, 0xE009, 0xE009, 0xE009, 0xE009, 0xE009, 
0xE009, 0xE009, 0xE009, 0xE009, 0xE009, 0xE009, 0xE009, 0xE009, 0xE009, 0xE009, 0xE009, 0xE009, 0xE009, 0xE009, 0xE009, 0xE009, 
0xE009, 0xE009, 0xE009, 0xE009, 0xE009, 0xE009, 0xE009, 0xE009, 0xE009, 0xE009, 0xE009, 0xE009, 0xE009, 0xE009, 0xE009, 0xE009, 
0xE009, 0xE009, 0xE009, 0xE009, 0xE009, 0xE009, 0xE009, 0xE009, 0xE009, 0xE009, 0xE009, 0xE009, 0xE009, 0xE009, 0xE009, 0xE009, 
0xE009, 0xE009, 0xE009, 0xE009, 0xE009, 0xE009, 0xE009, 0xE009, 0xE009, 0xE009, 0xE009, 0xE009, 0xE009, 0xE009, 0xE009, 0xE009, 
0xE009, 0xE009, 0xE009, 0xE009, 0xE009, 0xE009, 0xE009, 0xE009, 0xE009, 0xE009, 0xE009, 0xE009, 0xE009, 0xE009, 0xE009, 0xE009, 
0xE009, 0xE009, 0xE009, 0xE009, 0xE009, 0xE009, 0xE009, 0xE009, 0xE009, 0xE009, 0xE009, 0xE009, 0xE009, 0xE009, 0xE009, 0xE009, 
0xE009, 0xE009, 0xE009, 0xE009, 0xE009, 0xE009, 0xE009, 0xE009, 0xE009, 0xE009, 0xE009, 0xE009, 0xE009, 0xE009, 0xE009, 0xE009, 
0xE009, 0xE009, 0xE009, 0xE009, 0xE009, 0xE009, 0xE009, 0xE009, 0xE009, 0xE009, 0xE009, 0xE009, 0xE009, 0xE009, 0xE009, 0xE009, 
0xE009, 0xE009, 0xE009, 0xE009, 0xE009, 0xE009, 0xE009, 0xE009, 0xE009, 0xE009, 0xE009, 0xE009, 0xE009, 0xE009, 0xE009, 0xE009, 
0xE009, 0xE009, 0xE009, 0xE009, 0xE009, 0xE009, 0xE009, 0xE009, 0xE009, 0xE009, 0xE009, 0xE009, 0xE009, 0xE009, 0xE009, 0xE009, 
0xE009, 0xE009, 0xE009, 0xE009, 0xE009, 0xE009, 0xE009, 0xE009, 0xE009, 0xE009, 0xE009, 0xE009, 0xE009, 0xE009, 0xE009, 0xE009, 
0xE009, 0xE009, 0xE009, 0xE009, 0xE009, 0xE009, 0xE009, 0xE009, 0xE009, 0xE009, 0xE009, 0xE009, 0xE009, 0xE009, 0xE009, 0xE009, 
0xE009, 0xE009, 0xE009, 0xE009, 0xE009, 0xE009, 0xE009, 0xE009, 0xE009, 0xE009, 0xE009, 0xE009, 0xE009, 0xE009, 0xE009, 0xE009, 
0xE009, 0xE009, 0xE009, 0xE009, 0xE009, 0xE009, 0xE009, 0xE009, 0xE009, 0xE009, 0xE009, 0xE009, 0xE009, 0xE009, 0xE009, 0xE009, 
0xE009, 0xE009, 0xE009, 0xE009, 0xE009, 0xE009, 0xE009, 0xE009, 0xE009, 0xE009, 0xE009, 0xE009, 0xE009, 0xE009, 0xE009, 0xE009, 
0xE009, 0xE009, 0xE009, 0xE009, 0xE009, 0xE009, 0xE009, 0xE009, 0xE009, 0xE009, 0xE009, 0xE009, 0xE009, 0xE009, 0xE009, 0xE009, 
0xE009, 0xE009, 0xE009, 0xE009, 0xE009, 0xE009, 0xE009, 0xE009, 0xE009, 0xE009, 0xE009, 0xE009, 0xE009, 0xE009, 0xE009, 0xE009, 
0xE009, 0xE009, 0xE009, 0xE009, 0xE009, 0xE009, 0xE009, 0xE009, 0xE009, 0xE009, 0xE009, 0xE009, 0xE009, 0xE009, 0xE009, 0xE009, 
0xE009, 0xE009, 0xE009, 0xE009, 0xE009, 0xE009, 0xE009, 0xE009, 0xE009, 0xE009, 0xE009, 0xE009, 0xE009, 0xE009, 0xE009, 0xE009, 
0xE009, 0xE009, 0xE009, 0xE009, 0xE009, 0xE009, 0xE009, 0xE009, 0xE009, 0xE009, 0xE009, 0xE009, 0xE009, 0xE009, 0xE009, 0xE009, 
0xE009, 0xE009, 0xE009, 0xE009, 0xE009, 0xE009, 0xE009, 0xE009, 0xE009, 0xE009, 0xE009, 0xE009, 0xE009, 0xE009, 0xE009, 0xE009, 
0xE009, 0xE009, 0xE009, 0xE009, 0xE009, 0xE009, 0xE009, 0xE009, 0xE009, 0xE009, 0xE009, 0xE009, 0xE009, 0xE009, 0xE009, 0xE009, 
0xE009, 0xE009, 0xE009, 0xE009, 0xE009, 0xE009, 0xE009, 0xE009, 0xE009, 0xE009, 0xE009, 0xE009, 0xE009, 0xE009, 0xE009, 0xE009, 
0xE009, 0xE009, 0xE009, 0xE009, 0xE009, 0xE009, 0xE009, 0xE009, 0xE009, 0xE009, 0xE009, 0xE009, 0xE009, 0xE009, 0xE009, 0xE009, 
0xE009, 0xE009, 0xE009, 0xE009, 0xE009, 0xE009, 0xE009, 0xE009, 0xE009, 0xE009, 0xE009, 0xE009, 0xE009, 0xE009, 0xE009, 0xE009, 
0xE009, 0xE009, 0xE009, 0xE009, 0xE009, 0xE009, 0xE009, 0xE009, 0xE009, 0xE009, 0xE009, 0xE009, 0xE009, 0xE009, 0xE009, 0xE009, 
0xE009, 0xE009, 0xE009, 0xE009, 0xE009, 0xE009, 0xE009, 0xE009, 0xE009, 0xE009, 0xE009, 0xE009, 0xE009, 0xE009, 0xE009, 0xE009, 
0xE009, 0xE009, 0xE009, 0xE009, 0xE009, 0xE009, 0xE009, 0xE009, 0xE009, 0xE009, 0xE009, 0xE009, 0xE009, 0xE009, 0xE009, 0xE009, 
0xE009, 0xE009, 0xE009, 0xE009, 0xE009, 0xE009, 0xE009, 0xE009, 0xE009, 0xE009, 0xE009, 0xE009, 0xE009, 0xE009, 0xE009, 0xE009, 
0xE009, 0xE009, 0xE009, 0xE009, 0xE009, 0xE009, 0xE009, 0xE009, 0xE009, 0xE009, 0xE009, 0xE009, 0xE009, 0xE009, 0xE009, 0xE009, 
0xE009, 0xE009, 0xE009, 0xE009, 0xE009, 0xE009, 0xE009, 0xE009, 0xE009, 0xE009, 0xE009, 0xE009, 0xE009, 0xE009, 0xE009, 0xE009, 
0xE009, 0xE009, 0xE009, 0xE009, 0xE009, 0xE009, 0xE009, 0xE009, 0xE009, 0xE009, 0xE009, 0xE009, 0xE009, 0xE009, 0xE009, 0xE009, 
0xE009, 0xE009, 0xE009, 0xE009, 0xE009, 0xE009, 0xE009, 0xE009, 0xE009, 0xE009, 0xE009, 0xE009, 0xE009, 0xE009, 0xE009, 0xE009, 
0xE009, 0xE009, 0xE009, 0xE009, 0xE009, 0xE009, 0xE009, 0xE009, 0xE009, 0xE009, 0xE009, 0xE009, 0xE009, 0xE009, 0xE009, 0xE009, 
0xE009, 0xE009, 0xE009, 0xE009, 0xE009, 0xE009, 0xE009, 0xE009, 0xE009, 0xE009, 0xE009, 0xE009, 0xE009, 0xE009, 0xE009, 0xE009, 
0xE009, 0xE009, 0xE009, 0xE009, 0xE009, 0xE009, 0xE009, 0xE009, 0xE009, 0xE009, 0xE009, 0xE009, 0xE009, 0xE009, 0xE009, 0xE009, 
0xE009, 0xE009, 0xE009, 0xE009, 0xE009, 0xE009, 0xE009, 0xE009, 0xE009, 0xE009, 0xE009, 0xE009, 0xE009, 0xE009, 0xE009, 0xE009, 
0xE009, 0xE009, 0xE009, 0xE009, 0xE009, 0xE009, 0xE009, 0xE009, 0xE009, 0xE009, 0xE009, 0xE009, 0xE009, 0xE009, 0xE009, 0xE009, 
0xE009, 0xE009, 0xE009, 0xE009, 0xE009, 0xE009, 0xE009, 0xE009, 0xE009, 0xE009, 0xE009, 0xE009, 0xE009, 0xE009, 0xE009, 0xE009, 
0xE009, 0xE009, 0xE009, 0xE009, 0xE009, 0xE009, 0xE009, 0xE009, 0xE009, 0xE009, 0xE009, 0xE009, 0xE009, 0xE009, 0xE009, 0xE009, 
0xE009, 0xE009, 0xE009, 0xE009, 0xE009, 0xE009, 0xE009, 0xE009, 0xE009, 0xE009, 0xE009, 0xE009, 0xE009, 0xE009, 0xE009, 0xE009, 
0xE009, 0xE009, 0xE009, 0xE009, 0xE009, 0xE009, 0xE009, 0xE009, 0xE009, 0xE009, 0xE009, 0xE009, 0xE009, 0xE009, 0xE009, 0xE009, 
0xE009, 0xE009, 0xE009, 0xE009, 0xE009, 0xE009, 0xE009, 0xE009, 0xE009, 0xE009, 0xE009, 0xE009, 0xE009, 0xE009, 0xE009, 0xE009, 
0xE009, 0xE009, 0xE009, 0xE009, 0xE009, 0xE009, 0xE009, 0xE009, 0xE009, 0xE009, 0xE009, 0xE009, 0xE009, 0xE009, 0xE009, 0xE009, 
0xE009, 0xE009, 0xE009, 0xE009, 0xE009, 0xE009, 0xE009, 0xE009, 0xE009, 0xE009, 0xE009, 0xE009, 0xE009, 0xE009, 0xE009, 0xE009, 
0xE009, 0xE009, 0xE009, 0xE009, 0xE009, 0xE009, 0xE009, 0xE009, 0xE009, 0xE009, 0xE009, 0xE009, 0xE009, 0xE009, 0xE009, 0xE009, 
0xE009, 0xE009, 0xE009, 0xE009, 0xE009, 0xE009, 0xE009, 0xE009, 0xE009, 0xE009, 0xE009, 0xE009, 0xE009, 0xE009, 0xE009, 0xE009, 
0xE009, 0xE009, 0xE009, 0xE009, 0xE009, 0xE009, 0xE009, 0xE009, 0xE009, 0xE009, 0xE009, 0xE009, 0xE009, 0xE009, 0xE009, 0xE009, 
0xE009, 0xE009, 0xE009, 0xE009, 0xE009, 0xE009, 0xE009, 0xE009, 0xE009, 0xE009, 0xE009, 0xE009, 0xE009, 0xE009, 0xE009, 0xE009, 
0xE009, 0xE009, 0xE009, 0xE009, 0xE009, 0xE009, 0xE009, 0xE009, 0xE009, 0xE009, 0xE009, 0xE009, 0xE009, 0xE009, 0xE009, 0xE009, 
0xE009, 0xE009, 0xE009, 0xE009, 0xE009, 0xE009, 0xE009, 0xE009, 0xE009, 0xE009, 0xE009, 0xE009, 0xE009, 0xE009, 0xE009, 0xE009, 
0xE009, 0xE009, 0xE009, 0xE009, 0xE009, 0xE009, 0xE009, 0xE009, 0xE009, 0xE009, 0xE009, 0xE009, 0xE009, 0xE009, 0xE009, 0xE009, 
0xE009, 0xE009, 0xE009, 0xE009, 0xE009, 0xE009, 0xE009, 0xE009, 0xE009, 0xE009, 0xE009, 0xE009, 0xE009, 0xE009, 0xE009, 0xE009, 
0xE009, 0xE009, 0xE009, 0xE009, 0xE009, 0xE009, 0xE009, 0xE009, 0xE009, 0xE009, 0xE009, 0xE009, 0xE009, 0xE009, 0xE009, 0xE009, 
0xE009, 0xE009, 0xE009, 0xE009, 0xE009, 0xE009, 0xE009, 0xE009, 0xE009, 0xE009, 0xE009, 0xE009, 0xE009, 0xE009, 0xE009, 0xE009, 
0xE009, 0xE009, 0xE009, 0xE009, 0xE009, 0xE009, 0xE009, 0xE009, 0xE009, 0xE009, 0xE009, 0xE009, 0xE009, 0xE009, 0xE009, 0xE009, 
0xE009, 0xE009, 0xE009, 0xE009, 0xE009, 0xE009, 0xE009, 0xE009, 0xE009, 0xE009, 0xE009, 0xE009, 0xE009, 0xE009, 0xE009, 0xE009, 
0xE009, 0xE009, 0xE009, 0xE009, 0xE009, 0xE009, 0xE009, 0xE009, 0xE009, 0xE009, 0xE009, 0xE009, 0xE009, 0xE009, 0xE009, 0xE009, 
0xE009, 0xE009, 0xE009, 0xE009, 0xE009, 0xE009, 0xE009, 0xE009, 0xE009, 0xE009, 0xE009, 0xE009, 0xE009, 0xE009, 0xE009, 0xE009, 
0xE009, 0xE009, 0xE009, 0xE009, 0xE009, 0xE009, 0xE009, 0xE009, 0xE009, 0xE009, 0xE009, 0xE009, 0xE009, 0xE009, 0xE009, 0xE009, 
0xE009, 0xE009, 0xE009, 0xE009, 0xE009, 0xE009, 0xE009, 0xE009, 0xE009, 0xE009, 0xE009, 0xE009, 0xE009, 0xE009, 0xE009, 0xE009, 
0xE009, 0xE009, 0xE009, 0xE009, 0xE009, 0xE009, 0xE009, 0xE009, 0xE009, 0xE009, 0xE009, 0xE009, 0xE009, 0xE009, 0xE009, 0xE009, 
0xE009, 0xE009, 0xE009, 0xE009, 0xE009, 0xE009, 0xE009, 0xE009, 0xE009, 0xE009, 0xE009, 0xE009, 0xE009, 0xE009, 0xE009, 0xE009, 
0xE009, 0xE009, 0xE009, 0xE009, 0xE009, 0xE009, 0xE009, 0xE009, 0xE009, 0xE009, 0xE009, 0xE009, 0xE009, 0xE009, 0xE009, 0xE009, 
0xE009, 0xE009, 0xE009, 0xE009, 0xE009, 0xE009, 0xE009, 0xE009, 0xE009, 0xE009, 0xE009, 0xE009, 0xE009, 0xE009, 0xE009, 0xE009, 
0xE009, 0xE009, 0xE009, 0xE009, 0xE009, 0xE009, 0xE009, 0xE009, 0xE009, 0xE009, 0xE009, 0xE009, 0xE009, 0xE009, 0xE009, 0xE009, 
0xE009, 0xE009, 0xE009, 0xE009, 0xE009, 0xE009, 0xE009, 0xE009, 0xE009, 0xE009, 0xE009, 0xE009, 0xE009, 0xE009, 0xE009, 0xE009, 
0xE009, 0xE009, 0xE009, 0xE009, 0xE009, 0xE009, 0xE009, 0xE009, 0xE009, 0xE009, 0xE009, 0xE009, 0xE009, 0xE009, 0xE009, 0xE009, 
0xE009, 0xE009, 0xE009, 0xE009, 0xE009, 0xE009, 0xE009, 0xE009, 0xE009, 0xE009, 0xE009, 0xE009, 0xE009, 0xE009, 0xE009, 0xE009, 
0xE009, 0xE009, 0xE009, 0xE009, 0xE009, 0xE009, 0xE009, 0xE009, 0xE009, 0xE009, 0xE009, 0xE009, 0xE009, 0xE009, 0xE009, 0xE009, 
0xE009, 0xE009, 0xE009, 0xE009, 0xE009, 0xE009, 0xE009, 0xE009, 0xE009, 0xE009, 0xE009, 0xE009, 0xE009, 0xE009, 0xE009, 0xE009, 
0xE009, 0xE009, 0xE009, 0xE009, 0xE009, 0xE009, 0xE009, 0xE009, 0xE009, 0xE009, 0xE009, 0xE009, 0xE009, 0xE009, 0xE009, 0xE009, 
0xE009, 0xE009, 0xE009, 0xE009, 0xE009, 0xE009, 0xE009, 0xE009, 0xE009, 0xE009, 0xE009, 0xE009, 0xE009, 0xE009, 0xE009, 0xE009, 
0xE009, 0xE009, 0xE009, 0xE009, 0xE009, 0xE009, 0xE009, 0xE009, 0xE009, 0xE009, 0xE009, 0xE009, 0xE009, 0xE009, 0xE009, 0xE009, 
0xE009, 0xE009, 0xE009, 0xE009, 0xE009, 0xE009, 0xE009, 0xE009, 0xE009, 0xE009, 0xE009, 0xE009, 0xE009, 0xE009, 0xE009, 0xE009, 
0xE009, 0xE009, 0xE009, 0xE009, 0xE009, 0xE009, 0xE009, 0xE009, 0xE009, 0xE009, 0xE009, 0xE009, 0xE009, 0xE009, 0xE009, 0xE009, 
0xE009, 0xE009, 0xE009, 0xE009, 0xE009, 0xE009, 0xE009, 0xE009, 0xE009, 0xE009, 0xE009, 0xE009, 0xE009, 0xE009, 0xE009, 0xE009, 
0xE009, 0xE009, 0xE009, 0xE009, 0xE009, 0xE009, 0xE009, 0xE009, 0xE009, 0xE009, 0xE009, 0xE009, 0xE009, 0xE009, 0xE009, 0xE009, 
0xE009, 0xE009, 0xE009, 0xE009, 0xE009, 0xE009, 0xE009, 0xE009, 0xE009, 0xE009, 0xE009, 0xE009, 0xE009, 0xE009, 0xE009, 0xE009, 
0xE009, 0xE009, 0xE009, 0xE009, 0xE009, 0xE009, 0xE009, 0xE009, 0xE009, 0xE009, 0xE009, 0xE009, 0xE009, 0xE009, 0xE009, 0xE009, 
0xE009, 0xE009, 0xE009, 0xE009, 0xE009, 0xE009, 0xE009, 0xE009, 0xE009, 0xE009, 0xE009, 0xE009, 0xE009, 0xE009, 0xE009, 0xE009, 
0xE009, 0xE009, 0xE009, 0xE009, 0xE009, 0xE009, 0xE009, 0xE009, 0xE009, 0xE009, 0xE009, 0xE009, 0xE009, 0xE009, 0xE009, 0xE009, 
0xE009, 0xE009, 0xE009, 0xE009, 0xE009, 0xE009, 0xE009, 0xE009, 0xE009, 0xE009, 0xE009, 0xE009, 0xE009, 0xE009, 0xE009, 0xE009, 
0xE009, 0xE009, 0xE009, 0xE009, 0xE009, 0xE009, 0xE009, 0xE009, 0xE009, 0xE009, 0xE009, 0xE009, 0xE009, 0xE009, 0xE009, 0xE009, 
0xE009, 0xE009, 0xE009, 0xE009, 0xE009, 0xE009, 0xE009, 0xE009, 0xE009, 0xE009, 0xE009, 0xE009, 0xE009, 0xE009, 0xE009, 0xE009, 
0xE009, 0xE009, 0xE009, 0xE009, 0xE009, 0xE009, 0xE009, 0xE009, 0xE009, 0xE009, 0xE009, 0xE009, 0xE009, 0xE009, 0xE009, 0xE009, 
0xE009, 0xE009, 0xE009, 0xE009, 0xE009, 0xE009, 0xE009, 0xE009, 0xE009, 0xE009, 0xE009, 0xE009, 0xE009, 0xE009, 0xE009, 0xE009, 
0xE009, 0xE009, 0xE009, 0xE009, 0xE009, 0xE009, 0xE009, 0xE009, 0xE009, 0xE009, 0xE009, 0xE009, 0xE009, 0xE009, 0xE009, 0xE009, 
0xE009, 0xE009, 0xE009, 0xE009, 0xE009, 0xE009, 0xE009, 0xE009, 0xE009, 0xE009, 0xE009, 0xE009, 0xE009, 0xE009, 0xE009, 0xE009, 
0xE009, 0xE009, 0xE009, 0xE009, 0xE009, 0xE009, 0xE009, 0xE009, 0xE009, 0xE009, 0xE009, 0xE009, 0xE009, 0xE009, 0xE009, 0xE009, 
0xE009, 0xE009, 0xE009, 0xE009, 0xE009, 0xE009, 0xE009, 0xE009, 0xE009, 0xE009, 0xE009, 0xE009, 0xE009, 0xE009, 0xE009, 0xE009, 
0xE009, 0xE009, 0xE009, 0xE009, 0xE009, 0xE009, 0xE009, 0xE009, 0xE009, 0xE009, 0xE009, 0xE009, 0xE009, 0xE009, 0xE009, 0xE009, 
0xE009, 0xE009, 0xE009, 0xE009, 0xE009, 0xE009, 0xE009, 0xE009, 0xE009, 0xE009, 0xE009, 0xE009, 0xE009, 0xE009, 0xE009, 0xE009, 
0xE009, 0xE009, 0xE009, 0xE009, 0xE009, 0xE009, 0xE009, 0xE009, 0xE009, 0xE009, 0xE009, 0xE009, 0xE009, 0xE009, 0xE009, 0xE009, 
0xE009, 0xE009, 0xE009, 0xE009, 0xE009, 0xE009, 0xE009, 0xE009, 0xE009, 0xE009, 0xE009, 0xE009, 0xE009, 0xE009, 0xE009, 0xE009, 
0xE009, 0xE009, 0xE009, 0xE009, 0xE009, 0xE009, 0xE009, 0xE009, 0xE009, 0xE009, 0xE009, 0xE009, 0xE009, 0xE009, 0xE009, 0xE009, 
0xE009, 0xE009, 0xE009, 0xE009, 0xE009, 0xE009, 0xE009, 0xE009, 0xE009, 0xE009, 0xE009, 0xE009, 0xE009, 0xE009, 0xE009, 0xE009, 
0xE009, 0xE009, 0xE009, 0xE009, 0xE009, 0xE009, 0xE009, 0xE009, 0xE009, 0xE009, 0xE009, 0xE009, 0xE009, 0xE009, 0xE009, 0xE009, 
0xE009, 0xE009, 0xE009, 0xE009, 0xE009, 0xE009, 0xE009, 0xE009, 0xE009, 0xE009, 0xE009, 0xE009, 0xE009, 0xE009, 0xE009, 0xE009, 
0xE009, 0xE009, 0xE009, 0xE009, 0xE009, 0xE009, 0xE009, 0xE009, 0xE009, 0xE009, 0xE009, 0xE009, 0xE009, 0xE009, 0xE009, 0xE009, 
0xE009, 0xE009, 0xE009, 0xE009, 0xE009, 0xE009, 0xE009, 0xE009, 0xE009, 0xE009, 0xE009, 0xE009, 0xE009, 0xE009, 0xE009, 0xE009, 
0xE009, 0xE009, 0xE009, 0xE009, 0xE009, 0xE009, 0xE009, 0xE009, 0xE009, 0xE009, 0xE009, 0xE009, 0xE009, 0xE009, 0xE009, 0xE009, 
0xE009, 0xE009, 0xE009, 0xE009, 0xE009, 0xE009, 0xE009, 0xE009, 0xE009, 0xE009, 0xE009, 0xE009, 0xE009, 0xE009, 0xE009, 0xE009, 
0xE009, 0xE009, 0xE009, 0xE009, 0xE009, 0xE009, 0xE009, 0xE009, 0xE009, 0xE009, 0xE009, 0xE009, 0xE009, 0xE009, 0xE009, 0xE009, 
0xE009, 0xE009, 0xE009, 0xE009, 0xE009, 0xE009, 0xE009, 0xE009, 0xE009, 0xE009, 0xE009, 0xE009, 0xE009, 0xE009, 0xE009, 0xE009, 
0xE009, 0xE009, 0xE009, 0xE009, 0xE009, 0xE009, 0xE009, 0xE009, 0xE009, 0xE009, 0xE009, 0xE009, 0xE009, 0xE009, 0xE009, 0xE009, 
0xE009, 0xE009, 0xE009, 0xE009, 0xE009, 0xE009, 0xE009, 0xE009, 0xE009, 0xE009, 0xE009, 0xE009, 0xE009, 0xE009, 0xE009, 0xE009, 
0xE009, 0xE009, 0xE009, 0xE009, 0xE009, 0xE009, 0xE009, 0xE009, 0xE009, 0xE009, 0xE009, 0xE009, 0xE009, 0xE009, 0xE009, 0xE009, 
0xE009, 0xE009, 0xE009, 0xE009, 0xE009, 0xE009, 0xE009, 0xE009, 0xE009, 0xE009, 0xE009, 0xE009, 0xE009, 0xE009, 0xE009, 0xE009, 
0xE009, 0xE009, 0xE009, 0xE009, 0xE009, 0xE009, 0xE009, 0xE009, 0xE009, 0xE009, 0xE009, 0xE009, 0xE009, 0xE009, 0xE009, 0xE009, 
0xE009, 0xE009, 0xE009, 0xE009, 0xE009, 0xE009, 0xE009, 0xE009, 0xE009, 0xE009, 0xE009, 0xE009, 0xE009, 0xE009, 0xE009, 0xE009, 
0xE009, 0xE009, 0xE009, 0xE009, 0xE009, 0xE009, 0xE009, 0xE009, 0xE009, 0xE009, 0xE009, 0xE009, 0xE009, 0xE009, 0xE009, 0xE009, 
0xE009, 0xE009, 0xE009, 0xE009, 0xE009, 0xE009, 0xE009, 0xE009, 0xE009, 0xE009, 0xE009, 0xE009, 0xE009, 0xE009, 0xE009, 0xE009, 
0xE009, 0xE009, 0xE009, 0xE009, 0xE009, 0xE009, 0xE009, 0xE009, 0xE009, 0xE009, 0xE009, 0xE009, 0xE009, 0xE009, 0xE009, 0xE009, 
0xE009, 0xE009, 0xE009, 0xE009, 0xE009, 0xE009, 0xE009, 0xE009, 0xE009, 0xE009, 0xE009, 0xE009, 0xE009, 0xE009, 0xE009, 0xE009, 
0xE009, 0xE009, 0xE009, 0xE009, 0xE009, 0xE009, 0xE009, 0xE009, 0xE009, 0xE009, 0xE009, 0xE009, 0xE009, 0xE009, 0xE009, 0xE009, 
0xE009, 0xE009, 0xE009, 0xE009, 0xE009, 0xE009, 0xE009, 0xE009, 0xE009, 0xE009, 0xE009, 0xE009, 0xE009, 0xE009, 0xE009, 0xE009, 
0xE009, 0xE009, 0xE009, 0xE009, 0xE009, 0xE009, 0xE009, 0xE009, 0xE009, 0xE009, 0xE009, 0xE009, 0xE009, 0xE009, 0xE009, 0xE009, 
0xE009, 0xE009, 0xE009, 0xE009, 0xE009, 0xE009, 0xE009, 0xE009, 0xE009, 0xE009, 0xE009, 0xE009, 0xE009, 0xE009, 0xE009, 0xE009, 
0xE009, 0xE009, 0xE009, 0xE009, 0xE009, 0xE009, 0xE009, 0xE009, 0xE009, 0xE009, 0xE009, 0xE009, 0xE009, 0xE009, 0xE009, 0xE009, 
0xE009, 0xE009, 0xE009, 0xE009, 0xE009, 0xE009, 0xE009, 0xE009, 0xE009, 0xE009, 0xE009, 0xE009, 0xE009, 0xE009, 0xE009, 0xE009, 
0xE009, 0xE009, 0xE009, 0xE009, 0xE009, 0xE009, 0xE009, 0xE009, 0xE009, 0xE009, 0xE009, 0xE009, 0xE009, 0xE009, 0xE009, 0xE009, 
0xE009, 0xE009, 0xE009, 0xE009, 0xE009, 0xE009, 0xE009, 0xE009, 0xE009, 0xE009, 0xE009, 0xE009, 0xE009, 0xE009, 0xE009, 0xE009, 
0xE009, 0xE009, 0xE009, 0xE009, 0xE009, 0xE009, 0xE009, 0xE009, 0xE009, 0xE009, 0xE009, 0xE009, 0xE009, 0xE009, 0xE009, 0xE009, 
0xE009, 0xE009, 0xE009, 0xE009, 0xE009, 0xE009, 0xE009, 0xE009, 0xE009, 0xE009, 0xE009, 0xE009, 0xE009, 0xE009, 0xE009, 0xE009, 
0xE009, 0xE009, 0xE009, 0xE009, 0xE009, 0xE009, 0xE009, 0xE009, 0xE009, 0xE009, 0xE009, 0xE009, 0xE009, 0xE009, 0xE009, 0xE009, 
0xE009, 0xE009, 0xE009, 0xE009, 0xE009, 0xE009, 0xE009, 0xE009, 0xE009, 0xE009, 0xE009, 0xE009, 0xE009, 0xE009, 0xE009, 0xE009, 
0xE009, 0xE009, 0xE009, 0xE009, 0xE009, 0xE009, 0xE009, 0xE009, 0xE009, 0xE009, 0xE009, 0xE009, 0xE009, 0xE009, 0xE009, 0xE009, 
0xE009, 0xE009, 0xE009, 0xE009, 0xE009, 0xE009, 0xE009, 0xE009, 0xE009, 0xE009, 0xE009, 0xE009, 0xE009, 0xE009, 0xE009, 0xE009, 
0xE009, 0xE009, 0xE009, 0xE009, 0xE009, 0xE009, 0xE009, 0xE009, 0xE009, 0xE009, 0xE009, 0xE009, 0xE009, 0xE009, 0xE009, 0xE009, 
0xE009, 0xE009, 0xE009, 0xE009, 0xE009, 0xE009, 0xE009, 0xE009, 0xE009, 0xE009, 0xE009, 0xE009, 0xE009, 0xE009, 0xE009, 0xE009, 
0xE009, 0xE009, 0xE009, 0xE009, 0xE009, 0xE009, 0xE009, 0xE009, 0xE009, 0xE009, 0xE009, 0xE009, 0xE009, 0xE009, 0xE009, 0xE009, 
0xE009, 0xE009, 0xE009, 0xE009, 0xE009, 0xE009, 0xE009, 0xE009, 0xE009, 0xE009, 0xE009, 0xE009, 0xE009, 0xE009, 0xE009, 0xE009, 
0xE009, 0xE009, 0xE009, 0xE009, 0xE009, 0xE009, 0xE009, 0xE009, 0xE009, 0xE009, 0xE009, 0xE009, 0xE009, 0xE009, 0xE009, 0xE009, 
0xE009, 0xE009, 0xE009, 0xE009, 0xE009, 0xE009, 0xE009, 0xE009, 0xE009, 0xE009, 0xE009, 0xE009, 0xE009, 0xE009, 0xE009, 0xE009, 
0xE009, 0xE009, 0xE009, 0xE009, 0xE009, 0xE009, 0xE009, 0xE009, 0xE009, 0xE009, 0xE009, 0xE009, 0xE009, 0xE009, 0xE009, 0xE009, 
0xE009, 0xE009, 0xE009, 0xE009, 0xE009, 0xE009, 0xE009, 0xE009, 0xE009, 0xE009, 0xE009, 0xE009, 0xE009, 0xE009, 0xE009, 0xE009, 
0xE009, 0xE009, 0xE009, 0xE009, 0xE009, 0xE009, 0xE009, 0xE009, 0xE009, 0xE009, 0xE009, 0xE009, 0xE009, 0xE009, 0xE009, 0xE009, 
0xE009, 0xE009, 0xE009, 0xE009, 0xE009, 0xE009, 0xE009, 0xE009, 0xE009, 0xE009, 0xE009, 0xE009, 0xE009, 0xE009, 0xE009, 0xE009, 
0xE009, 0xE009, 0xE009, 0xE009, 0xE009, 0xE009, 0xE009, 0xE009, 0xE009, 0xE009, 0xE009, 0xE009, 0xE009, 0xE009, 0xE009, 0xE009, 
0xE009, 0xE009, 0xE009, 0xE009, 0xE009, 0xE009, 0xE009, 0xE009, 0xE009, 0xE009, 0xE009, 0xE009, 0xE009, 0xE009, 0xE009, 0xE009, 
0xE009, 0xE009, 0xE009, 0xE009, 0xE009, 0xE009, 0xE009, 0xE009, 0xE009, 0xE009, 0xE009, 0xE009, 0xE009, 0xE009, 0xE009, 0xE009, 
0xE009, 0xE009, 0xE009, 0xE009, 0xE009, 0xE009, 0xE009, 0xE009, 0xE009, 0xE009, 0xE009, 0xE009, 0xE009, 0xE009, 0xE009, 0xE009, 
0xE009, 0xE009, 0xE009, 0xE009, 0xE009, 0xE009, 0xE009, 0xE009, 0xE009, 0xE009, 0xE009, 0xE009, 0xE009, 0xE009, 0xE009, 0xE009, 
0xE009, 0xE009, 0xE009, 0xE009, 0xE009, 0xE009, 0xE009, 0xE009, 0xE009, 0xE009, 0xE009, 0xE009, 0xE009, 0xE009, 0xE009, 0xE009, 
0xE009, 0xE009, 0xE009, 0xE009, 0xE009, 0xE009, 0xE009, 0xE009, 0xE009, 0xE009, 0xE009, 0xE009, 0xE009, 0xE009, 0xE009, 0xE009, 
0xE009, 0xE009, 0xE009, 0xE009, 0xE009, 0xE009, 0xE009, 0xE009, 0xE009, 0xE009, 0xE009, 0xE009, 0xE009, 0xE009, 0xE009, 0xE009, 
0xE009, 0xE009, 0xE009, 0xE009, 0xE009, 0xE009, 0xE009, 0xE009, 0xE009, 0xE009, 0xE009, 0xE009, 0xE009, 0xE009, 0xE009, 0xE009, 
0xE009, 0xE009, 0xE009, 0xE009, 0xE009, 0xE009, 0xE009, 0xE009, 0xE009, 0xE009, 0xE009, 0xE009, 0xE009, 0xE009, 0xE009, 0xE009, 
0xE009, 0xE009, 0xE009, 0xE009, 0xE009, 0xE009, 0xE009, 0xE009, 0xE009, 0xE009, 0xE009, 0xE009, 0xE009, 0xE009, 0xE009, 0xE009, 
0xE009, 0xE009, 0xE009, 0xE009, 0xE009, 0xE009, 0xE009, 0xE009, 0xE009, 0xE009, 0xE009, 0xE009, 0xE009, 0xE009, 0xE009, 0xE009, 
0xE009, 0xE009, 0xE009, 0xE009, 0xE009, 0xE009, 0xE009, 0xE009, 0xE009, 0xE009, 0xE009, 0xE009, 0xE009, 0xE009, 0xE009, 0xE009, 
0xE009, 0xE009, 0xE009, 0xE009, 0xE009, 0xE009, 0xE009, 0xE009, 0xE009, 0xE009, 0xE009, 0xE009, 0xE009, 0xE009, 0xE009, 0xE009, 
0xE009, 0xE009, 0xE009, 0xE009, 0xE009, 0xE009, 0xE009, 0xE009, 0xE009, 0xE009, 0xE009, 0xE009, 0xE009, 0xE009, 0xE009, 0xE009, 
0xE009, 0xE009, 0xE009, 0xE009, 0xE009, 0xE009, 0xE009, 0xE009, 0xE009, 0xE009, 0xE009, 0xE009, 0xE009, 0xE009, 0xE009, 0xE009, 
0xE009, 0xE009, 0xE009, 0xE009, 0xE009, 0xE009, 0xE009, 0xE009, 0xE009, 0xE009, 0xE009, 0xE009, 0xE009, 0xE009, 0xE009, 0xE009, 
0xE009, 0xE009, 0xE009, 0xE009, 0xE009, 0xE009, 0xE009, 0xE009, 0xE009, 0xE009, 0xE009, 0xE009, 0xE009, 0xE009, 0xE009, 0xE009, 
0xE009, 0xE009, 0xE009, 0xE009, 0xE009, 0xE009, 0xE009, 0xE009, 0xE009, 0xE009, 0xE009, 0xE009, 0xE009, 0xE009, 0xE009, 0xE009, 
0xE009, 0xE009, 0xE009, 0xE009, 0xE009, 0xE009, 0xE009, 0xE009, 0xE009, 0xE009, 0xE009, 0xE009, 0xE009, 0xE009, 0xE009, 0xE009, 
0xE009, 0xE009, 0xE009, 0xE009, 0xE009, 0xE009, 0xE009, 0xE009, 0xE009, 0xE009, 0xE009, 0xE009, 0xE009, 0xE009, 0xE009, 0xE009, 
0xE009, 0xE009, 0xE009, 0xE009, 0xE009, 0xE009, 0xE009, 0xE009, 0xE009, 0xE009, 0xE009, 0xE009, 0xE009, 0xE009, 0xE009, 0xE009, 
0xE009, 0xE009, 0xE009, 0xE009, 0xE009, 0xE009, 0xE009, 0xE009, 0xE009, 0xE009, 0xE009, 0xE009, 0xE009, 0xE009, 0xE009, 0xE009, 
0xE009, 0xE009, 0xE009, 0xE009, 0xE009, 0xE009, 0xE009, 0xE009, 0xE009, 0xE009, 0xE009, 0xE009, 0xE009, 0xE009, 0xE009, 0xE009, 
0xE009, 0xE009, 0xE009, 0xE009, 0xE009, 0xE009, 0xE009, 0xE009, 0xE009, 0xE009, 0xE009, 0xE009, 0xE009, 0xE009, 0xE009, 0xE009, 
0xE009, 0xE009, 0xE009, 0xE009, 0xE009, 0xE009, 0xE009, 0xE009, 0xE009, 0xE009, 0xE009, 0xE009, 0xE009, 0xE009, 0xE009, 0xE009, 
0xE009, 0xE009, 0xE009, 0xE009, 0xE009, 0xE009, 0xE009, 0xE009, 0xE009, 0xE009, 0xE009, 0xE009, 0xE009, 0xE009, 0xE009, 0xE009, 
0xE009, 0xE009, 0xE009, 0xE009, 0xE009, 0xE009, 0xE009, 0xE009, 0xE009, 0xE009, 0xE009, 0xE009, 0xE009, 0xE009, 0xE009, 0xE009, 
0xE009, 0xE009, 0xE009, 0xE009, 0xE009, 0xE009, 0xE009, 0xE009, 0xE009, 0xE009, 0xE009, 0xE009, 0xE009, 0xE009, 0xE009, 0xE009, 
0xE009, 0xE009, 0xE009, 0xE009, 0xE009, 0xE009, 0xE009, 0xE009, 0xE009, 0xE009, 0xE009, 0xE009, 0xE009, 0xE009, 0xE009, 0xE009, 
0xE009, 0xE009, 0xE009, 0xE009, 0xE009, 0xE009, 0xE009, 0xE009, 0xE009, 0xE009, 0xE009, 0xE009, 0xE009, 0xE009, 0xE009, 0xE009, 
0xE009, 0xE009, 0xE009, 0xE009, 0xE009, 0xE009, 0xE009, 0xE009, 0xE009, 0xE009, 0xE009, 0xE009, 0xE009, 0xE009, 0xE009, 0xE009, 
0xE009, 0xE009, 0xE009, 0xE009, 0xE009, 0xE009, 0xE009, 0xE009, 0xE009, 0xE009, 0xE009, 0xE009, 0xE009, 0xE009, 0xE009, 0xE009, 
0xE009, 0xE009, 0xE009, 0xE009, 0xE009, 0xE009, 0xE009, 0xE009, 0xE009, 0xE009, 0xE009, 0xE009, 0xE009, 0xE009, 0xE009, 0xE009, 
0xE009, 0xE009, 0xE009, 0xE009, 0xE009, 0xE009, 0xE009, 0xE009, 0xE009, 0xE009, 0xE009, 0xE009, 0xE009, 0xE009, 0xE009, 0xE009, 
0xE009, 0xE009, 0xE009, 0xE009, 0xE009, 0xE009, 0xE009, 0xE009, 0xE009, 0xE009, 0xE009, 0xE009, 0xE009, 0xE009, 0xE009, 0xE009, 
0xE009, 0xE009, 0xE009, 0xE009, 0xE009, 0xE009, 0xE009, 0xE009, 0xE009, 0xE009, 0xE009, 0xE009, 0xE009, 0xE009, 0xE009, 0xE009, 
0xE009, 0xE009, 0xE009, 0xE009, 0xE009, 0xE009, 0xE009, 0xE009, 0xE009, 0xE009, 0xE009, 0xE009, 0xE009, 0xE009, 0xE009, 0xE009, 
0xE009, 0xE009, 0xE009, 0xE009, 0xE009, 0xE009, 0xE009, 0xE009, 0xE009, 0xE009, 0xE009, 0xE009, 0xE009, 0xE009, 0xE009, 0xE009, 
0xE009, 0xE009, 0xE009, 0xE009, 0xE009, 0xE009, 0xE009, 0xE009, 0xE009, 0xE009, 0xE009, 0xE009, 0xE009, 0xE009, 0xE009, 0xE009, 
0xE009, 0xE009, 0xE009, 0xE009, 0xE009, 0xE009, 0xE009, 0xE009, 0xE009, 0xE009, 0xE009, 0xE009, 0xE009, 0xE009, 0xE009, 0xE009, 
0xE009, 0xE009, 0xE009, 0xE009, 0xE009, 0xE009, 0xE009, 0xE009, 0xE009, 0xE009, 0xE009, 0xE009, 0xE009, 0xE009, 0xE009, 0xE009, 
0xE009, 0xE009, 0xE009, 0xE009, 0xE009, 0xE009, 0xE009, 0xE009, 0xE009, 0xE009, 0xE009, 0xE009, 0xE009, 0xE009, 0xE009, 0xE009, 
0xE009, 0xE009, 0xE009, 0xE009, 0xE009, 0xE009, 0xE009, 0xE009, 0xE009, 0xE009, 0xE009, 0xE009, 0xE009, 0xE009, 0xE009, 0xE009, 
0xE009, 0xE009, 0xE009, 0xE009, 0xE009, 0xE009, 0xE009, 0xE009, 0xE009, 0xE009, 0xE009, 0xE009, 0xE009, 0xE009, 0xE009, 0xE009, 
0xE009, 0xE009, 0xE009, 0xE009, 0xE009, 0xE009, 0xE009, 0xE009, 0xE009, 0xE009, 0xE009, 0xE009, 0xE009, 0xE009, 0xE009, 0xE009, 
0xE009, 0xE009, 0xE009, 0xE009, 0xE009, 0xE009, 0xE009, 0xE009, 0xE009, 0xE009, 0xE009, 0xE009, 0xE009, 0xE009, 0xE009, 0xE009, 
0xE009, 0xE009, 0xE009, 0xE009, 0xE009, 0xE009, 0xE009, 0xE009, 0xE009, 0xE009, 0xE009, 0xE009, 0xE009, 0xE009, 0xE009, 0xE009, 
0xE009, 0xE009, 0xE009, 0xE009, 0xE009, 0xE009, 0xE009, 0xE009, 0xE009, 0xE009, 0xE009, 0xE009, 0xE009, 0xE009, 0xE009, 0xE009, 
0xE009, 0xE009, 0xE009, 0xE009, 0xE009, 0xE009, 0xE009, 0xE009, 0xE009, 0xE009, 0xE009, 0xE009, 0xE009, 0xE009, 0xE009, 0xE009, 
0xE009, 0xE009, 0xE009, 0xE009, 0xE009, 0xE009, 0xE009, 0xE009, 0xE009, 0xE009, 0xE009, 0xE009, 0xE009, 0xE009, 0xE009, 0xE009, 
0xE009, 0xE009, 0xE009, 0xE009, 0xE009, 0xE009, 0xE009, 0xE009, 0xE009, 0xE009, 0xE009, 0xE009, 0xE009, 0xE009, 0xE009, 0xE009, 
0xE009, 0xE009, 0xE009, 0xE009, 0xE009, 0xE009, 0xE009, 0xE009, 0xE009, 0xE009, 0xE009, 0xE009, 0xE009, 0xE009, 0xE009, 0xE009, 
0xE009, 0xE009, 0xE009, 0xE009, 0xE009, 0xE009, 0xE009, 0xE009, 0xE009, 0xE009, 0xE009, 0xE009, 0xE009, 0xE009, 0xE009, 0xE009, 
0xE009, 0xE009, 0xE009, 0xE009, 0xE009, 0xE009, 0xE009, 0xE009, 0xE009, 0xE009, 0xE009, 0xE009, 0xE009, 0xE009, 0xE009, 0xE009, 
0xE009, 0xE009, 0xE009, 0xE009, 0xE009, 0xE009, 0xE009, 0xE009, 0xE009, 0xE009, 0xE009, 0xE009, 0xE009, 0xE009, 0xE009, 0xE009, 
0xE009, 0xE009, 0xE009, 0xE009, 0xE009, 0xE009, 0xE009, 0xE009, 0xE009, 0xE009, 0xE009, 0xE009, 0xE009, 0xE009, 0xE009, 0xE009, 
0xE009, 0xE009, 0xE009, 0xE009, 0xE009, 0xE009, 0xE009, 0xE009, 0xE009, 0xE009, 0xE009, 0xE009, 0xE009, 0xE009, 0xE009, 0xE009, 
0xE009, 0xE009, 0xE009, 0xE009, 0xE009, 0xE009, 0xE009, 0xE009, 0xE009, 0xE009, 0xE009, 0xE009, 0xE009, 0xE009, 0xE009, 0xE009, 
0xE009, 0xE009, 0xE009, 0xE009, 0xE009, 0xE009, 0xE009, 0xE009, 0xE009, 0xE009, 0xE009, 0xE009, 0xE009, 0xE009, 0xE009, 0xE009, 
0xE009, 0xE009, 0xE009, 0xE009, 0xE009, 0xE009, 0xE009, 0xE009, 0xE009, 0xE009, 0xE009, 0xE009, 0xE009, 0xE009, 0xE009, 0xE009, 
0xE009, 0xE009, 0xE009, 0xE009, 0xE009, 0xE009, 0xE009, 0xE009, 0xE009, 0xE009, 0xE009, 0xE009, 0xE009, 0xE009, 0xE009, 0xE009, 
0xE009, 0xE009, 0xE009, 0xE009, 0xE009, 0xE009, 0xE009, 0xE009, 0xE009, 0xE009, 0xE009, 0xE009, 0xE009, 0xE009, 0xE009, 0xE009, 
0xE009, 0xE009, 0xE009, 0xE009, 0xE009, 0xE009, 0xE009, 0xE009, 0xE009, 0xE009, 0xE009, 0xE009, 0xE009, 0xE009, 0xE009, 0xE009, 
0xE009, 0xE009, 0xE009, 0xE009, 0xE009, 0xE009, 0xE009, 0xE009, 0xE009, 0xE009, 0xE009, 0xE009, 0xE009, 0xE009, 0xE009, 0xE009, 
0xE009, 0xE009, 0xE009, 0xE009, 0xE009, 0xE009, 0xE009, 0xE009, 0xE009, 0xE009, 0xE009, 0xE009, 0xE009, 0xE009, 0xE009, 0xE009, 
0xE009, 0xE009, 0xE009, 0xE009, 0xE009, 0xE009, 0xE009, 0xE009, 0xE009, 0xE009, 0xE009, 0xE009, 0xE009, 0xE009, 0xE009, 0xE009, 
0xE009, 0xE009, 0xE009, 0xE009, 0xE009, 0xE009, 0xE009, 0xE009, 0xE009, 0xE009, 0xE009, 0xE009, 0xE009, 0xE009, 0xE009, 0xE009, 
0xE009, 0xE009, 0xE009, 0xE009, 0xE009, 0xE009, 0xE009, 0xE009, 0xE009, 0xE009, 0xE009, 0xE009, 0xE009, 0xE009, 0xE009, 0xE009, 
0xE009, 0xE009, 0xE009, 0xE009, 0xE009, 0xE009, 0xE009, 0xE009, 0xE009, 0xE009, 0xE009, 0xE009, 0xE009, 0xE009, 0xE009, 0xE009, 
0xE009, 0xE009, 0xE009, 0xE009, 0xE009, 0xE009, 0xE009, 0xE009, 0xE009, 0xE009, 0xE009, 0xE009, 0xE009, 0xE009, 0xE009, 0xE009, 
0xE009, 0xE009, 0xE009, 0xE009, 0xE009, 0xE009, 0xE009, 0xE009, 0xE009, 0xE009, 0xE009, 0xE009, 0xE009, 0xE009, 0xE009, 0xE009, 
0xE009, 0xE009, 0xE009, 0xE009, 0xE009, 0xE009, 0xE009, 0xE009, 0xE009, 0xE009, 0xE009, 0xE009, 0xE009, 0xE009, 0xE009, 0xE009, 
0xE009, 0xE009, 0xE009, 0xE009, 0xE009, 0xE009, 0xE009, 0xE009, 0xE009, 0xE009, 0xE009, 0xE009, 0xE009, 0xE009, 0xE009, 0xE009, 
0xE009, 0xE009, 0xE009, 0xE009, 0xE009, 0xE009, 0xE009, 0xE009, 0xE009, 0xE009, 0xE009, 0xE009, 0xE009, 0xE009, 0xE009, 0xE009, 
0xE009, 0xE009, 0xE009, 0xE009, 0xE009, 0xE009, 0xE009, 0xE009, 0xE009, 0xE009, 0xE009, 0xE009, 0xE009, 0xE009, 0xE009, 0xE009, 
0xE009, 0xE009, 0xE009, 0xE009, 0xE009, 0xE009, 0xE009, 0xE009, 0xE009, 0xE009, 0xE009, 0xE009, 0xE009, 0xE009, 0xE009, 0xE009, 
0xE009, 0xE009, 0xE009, 0xE009, 0xE009, 0xE009, 0xE009, 0xE009, 0xE009, 0xE009, 0xE009, 0xE009, 0xE009, 0xE009, 0xE009, 0xE009, 
0xE009, 0xE009, 0xE009, 0xE009, 0xE009, 0xE009, 0xE009, 0xE009, 0xE009, 0xE009, 0xE009, 0xE009, 0xE009, 0xE009, 0xE009, 0xE009, 
0xE009, 0xE009, 0xE009, 0xE009, 0xE009, 0xE009, 0xE009, 0xE009, 0xE009, 0xE009, 0xE009, 0xE009, 0xE009, 0xE009, 0xE009, 0xE009, 
0xE009, 0xE009, 0xE009, 0xE009, 0xE009, 0xE009, 0xE009, 0xE009, 0xE009, 0xE009, 0xE009, 0xE009, 0xE009, 0xE009, 0xE009, 0xE009, 
0xE009, 0xE009, 0xE009, 0xE009, 0xE009, 0xE009, 0xE009, 0xE009, 0xE009, 0xE009, 0xE009, 0xE009, 0xE009, 0xE009, 0xE009, 0xE009, 
0xE009, 0xE009, 0xE009, 0xE009, 0xE009, 0xE009, 0xE009, 0xE009, 0xE009, 0xE009, 0xE009, 0xE009, 0xE009, 0xE009, 0xE009, 0xE009, 
0xE009, 0xE009, 0xE009, 0xE009, 0xE009, 0xE009, 0xE009, 0xE009, 0xE009, 0xE009, 0xE009, 0xE009, 0xE009, 0xE009, 0xE009, 0xE009, 
0xE009, 0xE009, 0xE009, 0xE009, 0xE009, 0xE009, 0xE009, 0xE009, 0xE009, 0xE009, 0xE009, 0xE009, 0xE009, 0xE009, 0xE009, 0xE009, 
0xE009, 0xE009, 0xE009, 0xE009, 0xE009, 0xE009, 0xE009, 0xE009, 0xE009, 0xE009, 0xE009, 0xE009, 0xE009, 0xE009, 0xE009, 0xE009, 
0xE009, 0xE009, 0xE009, 0xE009, 0xE009, 0xE009, 0xE009, 0xE009, 0xE009, 0xE009, 0xE009, 0xE009, 0xE009, 0xE009, 0xE009, 0xE009, 
0xE009, 0xE009, 0xE009, 0xE009, 0xE009, 0xE009, 0xE009, 0xE009, 0xE009, 0xE009, 0xE009, 0xE009, 0xE009, 0xE009, 0xE009, 0xE009, 
0xE009, 0xE009, 0xE009, 0xE009, 0xE009, 0xE009, 0xE009, 0xE009, 0xE009, 0xE009, 0xE009, 0xE009, 0xE009, 0xE009, 0xE009, 0xE009, 
0xE009, 0xE009, 0xE009, 0xE009, 0xE009, 0xE009, 0xE009, 0xE009, 0xE009, 0xE009, 0xE009, 0xE009, 0xE009, 0xE009, 0xE009, 0xE009, 
0xE009, 0xE009, 0xE009, 0xE009, 0xE009, 0xE009, 0xE009, 0xE009, 0xE009, 0xE009, 0xE009, 0xE009, 0xE009, 0xE009, 0xE009, 0xE009, 
0xE009, 0xE009, 0xE009, 0xE009, 0xE009, 0xE009, 0xE009, 0xE009, 0xE009, 0xE009, 0xE009, 0xE009, 0xE009, 0xE009, 0xE009, 0xE009, 
0xE009, 0xE009, 0xE009, 0xE009, 0xE009, 0xE009, 0xE009, 0xE009, 0xE009, 0xE009, 0xE009, 0xE009, 0xE009, 0xE009, 0xE009, 0xE009, 
0xE009, 0xE009, 0xE009, 0xE009, 0xE009, 0xE009, 0xE009, 0xE009, 0xE009, 0xE009, 0xE009, 0xE009, 0xE009, 0xE009, 0xE009, 0xE009, 
0xE009, 0xE009, 0xE009, 0xE009, 0xE009, 0xE009, 0xE009, 0xE009, 0xE009, 0xE009, 0xE009, 0xE009, 0xE009, 0xE009, 0xE009, 0xE009, 
0xE009, 0xE009, 0xE009, 0xE009, 0xE009, 0xE009, 0xE009, 0xE009, 0xE009, 0xE009, 0xE009, 0xE009, 0xE009, 0xE009, 0xE009, 0xE009, 
0xE009, 0xE009, 0xE009, 0xE009, 0xE009, 0xE009, 0xE009, 0xE009, 0xE009, 0xE009, 0xE009, 0xE009, 0xE009, 0xE009, 0xE009, 0xE009, 
0xE009, 0xE009, 0xE009, 0xE009, 0xE009, 0xE009, 0xE009, 0xE009, 0xE009, 0xE009, 0xE009, 0xE009, 0xE009, 0xE009, 0xE009, 0xE009, 
0xE009, 0xE009, 0xE009, 0xE009, 0xE009, 0xE009, 0xE009, 0xE009, 0xE009, 0xE009, 0xE009, 0xE009, 0xE009, 0xE009, 0xE009, 0xE009, 
0xE009, 0xE009, 0xE009, 0xE009, 0xE009, 0xE009, 0xE009, 0xE009, 0xE009, 0xE009, 0xE009, 0xE009, 0xE009, 0xE009, 0xE009, 0xE009, 
0xE009, 0xE009, 0xE009, 0xE009, 0xE009, 0xE009, 0xE009, 0xE009, 0xE009, 0xE009, 0xE009, 0xE009, 0xE009, 0xE009, 0xE009, 0xE009, 
0xE009, 0xE009, 0xE009, 0xE009, 0xE009, 0xE009, 0xE009, 0xE009, 0xE009, 0xE009, 0xE009, 0xE009, 0xE009, 0xE009, 0xE009, 0xE009, 
0xE009, 0xE009, 0xE009, 0xE009, 0xE009, 0xE009, 0xE009, 0xE009, 0xE009, 0xE009, 0xE009, 0xE009, 0xE009, 0xE009, 0xE009, 0xE009, 
0xE009, 0xE009, 0xE009, 0xE009, 0xE009, 0xE009, 0xE009, 0xE009, 0xE009, 0xE009, 0xE009, 0xE009, 0xE009, 0xE009, 0xE009, 0xE009, 
0xE009, 0xE009, 0xE009, 0xE009, 0xE009, 0xE009, 0xE009, 0xE009, 0xE009, 0xE009, 0xE009, 0xE009, 0xE009, 0xE009, 0xE009, 0xE009, 
0xE009, 0xE009, 0xE009, 0xE009, 0xE009, 0xE009, 0xE009, 0xE009, 0xE009, 0xE009, 0xE009, 0xE009, 0xE009, 0xE009, 0xE009, 0xE009, 
0xE009, 0xE009, 0xE009, 0xE009, 0xE009, 0xE009, 0xE009, 0xE009, 0xE009, 0xE009, 0xE009, 0xE009, 0xE009, 0xE009, 0xE009, 0xE009, 
0xE009, 0xE009, 0xE009, 0xE009, 0xE009, 0xE009, 0xE009, 0xE009, 0xE009, 0xE009, 0xE009, 0xE009, 0xE009, 0xE009, 0xE009, 0xE009, 
0xE009, 0xE009, 0xE009, 0xE009, 0xE009, 0xE009, 0xE009, 0xE009, 0xE009, 0xE009, 0xE009, 0xE009, 0xE009, 0xE009, 0xE009, 0xE009, 
0xE009, 0xE009, 0xE009, 0xE009, 0xE009, 0xE009, 0xE009, 0xE009, 0xE009, 0xE009, 0xE009, 0xE009, 0xE009, 0xE009, 0xE009, 0xE009, 
0xE009, 0xE009, 0xE009, 0xE009, 0xE009, 0xE009, 0xE009, 0xE009, 0xE009, 0xE009, 0xE009, 0xE009, 0xE009, 0xE009, 0xE009, 0xE009, 
0xE009, 0xE009, 0xE009, 0xE009, 0xE009, 0xE009, 0xE009, 0xE009, 0xE009, 0xE009, 0xE009, 0xE009, 0xE009, 0xE009, 0xE009, 0xE009, 
0xE009, 0xE009, 0xE009, 0xE009, 0xE009, 0xE009, 0xE009, 0xE009, 0xE009, 0xE009, 0xE009, 0xE009, 0xE009, 0xE009, 0xE009, 0xE009, 
0xE009, 0xE009, 0xE009, 0xE009, 0xE009, 0xE009, 0xE009, 0xE009, 0xE009, 0xE009, 0xE009, 0xE009, 0xE009, 0xE009, 0xE009, 0xE009, 
0xE009, 0xE009, 0xE009, 0xE009, 0xE009, 0xE009, 0xE009, 0xE009, 0xE009, 0xE009, 0xE009, 0xE009, 0xE009, 0xE009, 0xE009, 0xE009, 
0xE009, 0xE009, 0xE009, 0xE009, 0xE009, 0xE009, 0xE009, 0xE009, 0xE009, 0xE009, 0xE009, 0xE009, 0xE009, 0xE009, 0xE009, 0xE009, 
0xE009, 0xE009, 0xE009, 0xE009, 0xE009, 0xE009, 0xE009, 0xE009, 0xE009, 0xE009, 0xE009, 0xE009, 0xE009, 0xE009, 0xE009, 0xE009, 
0xE009, 0xE009, 0xE009, 0xE009, 0xE009, 0xE009, 0xE009, 0xE009, 0xE009, 0xE009, 0xE009, 0xE009, 0xE009, 0xE009, 0xE009, 0xE009, 
0xE009, 0xE009, 0xE009, 0xE009, 0xE009, 0xE009, 0xE009, 0xE009, 0xE009, 0xE009, 0xE009, 0xE009, 0xE009, 0xE009, 0xE009, 0xE009, 
0xE009, 0xE009, 0xE009, 0xE009, 0xE009, 0xE009, 0xE009, 0xE009, 0xE009, 0xE009, 0xE009, 0xE009, 0xE009, 0xE009, 0xE009, 0xE009, 
0xE009, 0xE009, 0xE009, 0xE009, 0xE009, 0xE009, 0xE009, 0xE009, 0xE009, 0xE009, 0xE009, 0xE009, 0xE009, 0xE009, 0xE009, 0xE009, 
0xE009, 0xE009, 0xE009, 0xE009, 0xE009, 0xE009, 0xE009, 0xE009, 0xE009, 0xE009, 0xE009, 0xE009, 0xE009, 0xE009, 0xE009, 0xE009, 
0xE009, 0xE009, 0xE009, 0xE009, 0xE009, 0xE009, 0xE009, 0xE009, 0xE009, 0xE009, 0xE009, 0xE009, 0xE009, 0xE009, 0xE009, 0xE009, 
0xE009, 0xE009, 0xE009, 0xE009, 0xE009, 0xE009, 0xE009, 0xE009, 0xE009, 0xE009, 0xE009, 0xE009, 0xE009, 0xE009, 0xE009, 0xE009, 
0xE009, 0xE009, 0xE009, 0xE009, 0xE009, 0xE009, 0xE009, 0xE009, 0xE009, 0xE009, 0xE009, 0xE009, 0xE009, 0xE009, 0xE009, 0xE009, 
0xE009, 0xE009, 0xE009, 0xE009, 0xE009, 0xE009, 0xE009, 0xE009, 0xE009, 0xE009, 0xE009, 0xE009, 0xE009, 0xE009, 0xE009, 0xE009, 
0xE009, 0xE009, 0xE009, 0xE009, 0xE009, 0xE009, 0xE009, 0xE009, 0xE009, 0xE009, 0xE009, 0xE009, 0xE009, 0xE009, 0xE009, 0xE009, 
0xE009, 0xE009, 0xE009, 0xE009, 0xE009, 0xE009, 0xE009, 0xE009, 0xE009, 0xE009, 0xE009, 0xE009, 0xE009, 0xE009, 0xE009, 0xE009, 
0xE009, 0xE009, 0xE009, 0xE009, 0xE009, 0xE009, 0xE009, 0xE009, 0xE009, 0xE009, 0xE009, 0xE009, 0xE009, 0xE009, 0xE009, 0xE009, 
0xE009, 0xE009, 0xE009, 0xE009, 0xE009, 0xE009, 0xE009, 0xE009, 0xE009, 0xE009, 0xE009, 0xE009, 0xE009, 0xE009, 0xE009, 0xE009, 
0xE009, 0xE009, 0xE009, 0xE009, 0xE009, 0xE009, 0xE009, 0xE009, 0xE009, 0xE009, 0xE009, 0xE009, 0xE009, 0xE009, 0xE009, 0xE009, 
0xE009, 0xE009, 0xE009, 0xE009, 0xE009, 0xE009, 0xE009, 0xE009, 0xE009, 0xE009, 0xE009, 0xE009, 0xE009, 0xE009, 0xE009, 0xE009, 
0xE009, 0xE009, 0xE009, 0xE009, 0xE009, 0xE009, 0xE009, 0xE009, 0xE009, 0xE009, 0xE009, 0xE009, 0xE009, 0xE009, 0xE009, 0xE009, 
0xE009, 0xE009, 0xE009, 0xE009, 0xE009, 0xE009, 0xE009, 0xE009, 0xE009, 0xE009, 0xE009, 0xE009, 0xE009, 0xE009, 0xE009, 0xE009, 
0xE009, 0xE009, 0xE009, 0xE009, 0xE009, 0xE009, 0xE009, 0xE009, 0xE009, 0xE009, 0xE009, 0xE009, 0xE009, 0xE009, 0xE009, 0xE009, 
0xE009, 0xE009, 0xE009, 0xE009, 0xE009, 0xE009, 0xE009, 0xE009, 0xE009, 0xE009, 0xE009, 0xE009, 0xE009, 0xE009, 0xE009, 0xE009, 
0xE009, 0xE009, 0xE009, 0xE009, 0xE009, 0xE009, 0xE009, 0xE009, 0xE009, 0xE009, 0xE009, 0xE009, 0xE009, 0xE009, 0xE009, 0xE009, 
0xE009, 0xE009, 0xE009, 0xE009, 0xE009, 0xE009, 0xE009, 0xE009, 0xE009, 0xE009, 0xE009, 0xE009, 0xE009, 0xE009, 0xE009, 0xE009, 
0xE009, 0xE009, 0xE009, 0xE009, 0xE009, 0xE009, 0xE009, 0xE009, 0xE009, 0xE009, 0xE009, 0xE009, 0xE009, 0xE009, 0xE009, 0xE009, 
0xE009, 0xE009, 0xE009, 0xE009, 0xE009, 0xE009, 0xE009, 0xE009, 0xE009, 0xE009, 0xE009, 0xE009, 0xE009, 0xE009, 0xE009, 0xE009, 
0xE009, 0xE009, 0xE009, 0xE009, 0xE009, 0xE009, 0xE009, 0xE009, 0xE009, 0xE009, 0xE009, 0xE009, 0xE009, 0xE009, 0xE009, 0xE009, 
0xE009, 0xE009, 0xE009, 0xE009, 0xE009, 0xE009, 0xE009, 0xE009, 0xE009, 0xE009, 0xE009, 0xE009, 0xE009, 0xE009, 0xE009, 0xE009, 
0xE009, 0xE009, 0xE009, 0xE009, 0xE009, 0xE009, 0xE009, 0xE009, 0xE009, 0xE009, 0xE009, 0xE009, 0xE009, 0xE009, 0xE009, 0xE009, 
0xE009, 0xE009, 0xE009, 0xE009, 0xE009, 0xE009, 0xE009, 0xE009, 0xE009, 0xE009, 0xE009, 0xE009, 0xE009, 0xE009, 0xE009, 0xE009, 
0xE009, 0xE009, 0xE009, 0xE009, 0xE009, 0xE009, 0xE009, 0xE009, 0xE009, 0xE009, 0xE009, 0xE009, 0xE009, 0xE009, 0xE009, 0xE009, 
0xE009, 0xE009, 0xE009, 0xE009, 0xE009, 0xE009, 0xE009, 0xE009, 0xE009, 0xE009, 0xE009, 0xE009, 0xE009, 0xE009, 0xE009, 0xE009, 
0xE009, 0xE009, 0xE009, 0xE009, 0xE009, 0xE009, 0xE009, 0xE009, 0xE009, 0xE009, 0xE009, 0xE009, 0xE009, 0xE009, 0xE009, 0xE009, 
0xE009, 0xE009, 0xE009, 0xE009, 0xE009, 0xE009, 0xE009, 0xE009, 0xE009, 0xE009, 0xE009, 0xE009, 0xE009, 0xE009, 0xE009, 0xE009, 
0xE009, 0xE009, 0xE009, 0xE009, 0xE009, 0xE009, 0xE009, 0xE009, 0xE009, 0xE009, 0xE009, 0xE009, 0xE009, 0xE009, 0xE009, 0xE009, 
0xE009, 0xE009, 0xE009, 0xE009, 0xE009, 0xE009, 0xE009, 0xE009, 0xE009, 0xE009, 0xE009, 0xE009, 0xE009, 0xE009, 0xE009, 0xE009, 
0xE009, 0xE009, 0xE009, 0xE009, 0xE009, 0xE009, 0xE009, 0xE009, 0xE009, 0xE009, 0xE009, 0xE009, 0xE009, 0xE009, 0xE009, 0xE009, 
0xE009, 0xE009, 0xE009, 0xE009, 0xE009, 0xE009, 0xE009, 0xE009, 0xE009, 0xE009, 0xE009, 0xE009, 0xE009, 0xE009, 0xE009, 0xE009, 
0xE009, 0xE009, 0xE009, 0xE009, 0xE009, 0xE009, 0xE009, 0xE009, 0xE009, 0xE009, 0xE009, 0xE009, 0xE009, 0xE009, 0xE009, 0xE009, 
0xE009, 0xE009, 0xE009, 0xE009, 0xE009, 0xE009, 0xE009, 0xE009, 0xE009, 0xE009, 0xE009, 0xE009, 0xE009, 0xE009, 0xE009, 0xE009, 
0xE009, 0xE009, 0xE009, 0xE009, 0xE009, 0xE009, 0xE009, 0xE009, 0xE009, 0xE009, 0xE009, 0xE009, 0xE009, 0xE009, 0xE009, 0xE009, 
0xE009, 0xE009, 0xE009, 0xE009, 0xE009, 0xE009, 0xE009, 0xE009, 0xE009, 0xE009, 0xE009, 0xE009, 0xE009, 0xE009, 0xE009, 0xE009, 
0xE009, 0xE009, 0xE009, 0xE009, 0xE009, 0xE009, 0xE009, 0xE009, 0xE009, 0xE009, 0xE009, 0xE009, 0xE009, 0xE009, 0xE009, 0xE009, 
0xE009, 0xE009, 0xE009, 0xE009, 0xE009, 0xE009, 0xE009, 0xE009, 0xE009, 0xE009, 0xE009, 0xE009, 0xE009, 0xE009, 0xE009, 0xE009, 
0xE009, 0xE009, 0xE009, 0xE009, 0xE009, 0xE009, 0xE009, 0xE009, 0xE009, 0xE009, 0xE009, 0xE009, 0xE009, 0xE009, 0xE009, 0xE009, 
0xE009, 0xE009, 0xE009, 0xE009, 0xE009, 0xE009, 0xE009, 0xE009, 0xE009, 0xE009, 0xE009, 0xE009, 0xE009, 0xE009, 0xE009, 0xE009, 
0xE009, 0xE009, 0xE009, 0xE009, 0xE009, 0xE009, 0xE009, 0xE009, 0xE009, 0xE009, 0xE009, 0xE009, 0xE009, 0xE009, 0xE009, 0xE009, 
0xE009, 0xE009, 0xE009, 0xE009, 0xE009, 0xE009, 0xE009, 0xE009, 0xE009, 0xE009, 0xE009, 0xE009, 0xE009, 0xE009, 0xE009, 0xE009, 
0xE009, 0xE009, 0xE009, 0xE009, 0xE009, 0xE009, 0xE009, 0xE009, 0xE009, 0xE009, 0xE009, 0xE009, 0xE009, 0xE009, 0xE009, 0xE009, 
0xE009, 0xE009, 0xE009, 0xE009, 0xE009, 0xE009, 0xE009, 0xE009, 0xE009, 0xE009, 0xE009, 0xE009, 0xE009, 0xE009, 0xE009, 0xE009, 
0xE009, 0xE009, 0xE009, 0xE009, 0xE009, 0xE009, 0xE009, 0xE009, 0xE009, 0xE009, 0xE009, 0xE009, 0xE009, 0xE009, 0xE009, 0xE009, 
0xE009, 0xE009, 0xE009, 0xE009, 0xE009, 0xE009, 0xE009, 0xE009, 0xE009, 0xE009, 0xE009, 0xE009, 0xE009, 0xE009, 0xE009, 0xE009, 
0xE009, 0xE009, 0xE009, 0xE009, 0xE009, 0xE009, 0xE009, 0xE009, 0xE009, 0xE009, 0xE009, 0xE009, 0xE009, 0xE009, 0xE009, 0xE009, 
0xE009, 0xE009, 0xE009, 0xE009, 0xE009, 0xE009, 0xE009, 0xE009, 0xE009, 0xE009, 0xE009, 0xE009, 0xE009, 0xE009, 0xE009, 0xE009, 
0xE009, 0xE009, 0xE009, 0xE009, 0xE009, 0xE009, 0xE009, 0xE009, 0xE009, 0xE009, 0xE009, 0xE009, 0xE009, 0xE009, 0xE009, 0xE009, 
0xE009, 0xE009, 0xE009, 0xE009, 0xE009, 0xE009, 0xE009, 0xE009, 0xE009, 0xE009, 0xE009, 0xE009, 0xE009, 0xE009, 0xE009, 0xE009, 
0xE009, 0xE009, 0xE009, 0xE009, 0xE009, 0xE009, 0xE009, 0xE009, 0xE009, 0xE009, 0xE009, 0xE009, 0xE009, 0xE009, 0xE009, 0xE009, 
0xE009, 0xE009, 0xE009, 0xE009, 0xE009, 0xE009, 0xE009, 0xE009, 0xE009, 0xE009, 0xE009, 0xE009, 0xE009, 0xE009, 0xE009, 0xE009, 
0xE009, 0xE009, 0xE009, 0xE009, 0xE009, 0xE009, 0xE009, 0xE009, 0xE009, 0xE009, 0xE009, 0xE009, 0xE009, 0xE009, 0xE009, 0xE009, 
0xE009, 0xE009, 0xE009, 0xE009, 0xE009, 0xE009, 0xE009, 0xE009, 0xE009, 0xE009, 0xE009, 0xE009, 0xE009, 0xE009, 0xE009, 0xE009, 
0xE009, 0xE009, 0xE009, 0xE009, 0xE009, 0xE009, 0xE009, 0xE009, 0xE009, 0xE009, 0xE009, 0xE009, 0xE009, 0xE009, 0xE009, 0xE009, 
0xE009, 0xE009, 0xE009, 0xE009, 0xE009, 0xE009, 0xE009, 0xE009, 0xE009, 0xE009, 0xE009, 0xE009, 0xE009, 0xE009, 0xE009, 0xE009, 
0xE009, 0xE009, 0xE009, 0xE009, 0xE009, 0xE009, 0xE009, 0xE009, 0xE009, 0xE009, 0xE009, 0xE009, 0xE009, 0xE009, 0xE009, 0xE009, 
0xE009, 0xE009, 0xE009, 0xE009, 0xE009, 0xE009, 0xE009, 0xE009, 0xE009, 0xE009, 0xE009, 0xE009, 0xE009, 0xE009, 0xE009, 0xE009, 
0xE009, 0xE009, 0xE009, 0xE009, 0xE009, 0xE009, 0xE009, 0xE009, 0xE009, 0xE009, 0xE009, 0xE009, 0xE009, 0xE009, 0xE009, 0xE009, 
0xE009, 0xE009, 0xE009, 0xE009, 0xE009, 0xE009, 0xE009, 0xE009, 0xE009, 0xE009, 0xE009, 0xE009, 0xE009, 0xE009, 0xE009, 0xE009, 
0xE009, 0xE009, 0xE009, 0xE009, 0xE009, 0xE009, 0xE009, 0xE009, 0xE009, 0xE009, 0xE009, 0xE009, 0xE009, 0xE009, 0xE009, 0xE009, 
0xE009, 0xE009, 0xE009, 0xE009, 0xE009, 0xE009, 0xE009, 0xE009, 0xE009, 0xE009, 0xE009, 0xE009, 0xE009, 0xE009, 0xE009, 0xE009, 
0xE009, 0xE009, 0xE009, 0xE009, 0xE009, 0xE009, 0xE009, 0xE009, 0xE009, 0xE009, 0xE009, 0xE009, 0xE009, 0xE009, 0xE009, 0xE009, 
0xE009, 0xE009, 0xE009, 0xE009, 0xE009, 0xE009, 0xE009, 0xE009, 0xE009, 0xE009, 0xE009, 0xE009, 0xE009, 0xE009, 0xE009, 0xE009, 
0xE009, 0xE009, 0xE009, 0xE009, 0xE009, 0xE009, 0xE009, 0xE009, 0xE009, 0xE009, 0xE009, 0xE009, 0xE009, 0xE009, 0xE009, 0xE009, 
0xE009, 0xE009, 0xE009, 0xE009, 0xE009, 0xE009, 0xE009, 0xE009, 0xE009, 0xE009, 0xE009, 0xE009, 0xE009, 0xE009, 0xE009, 0xE009, 
0xE009, 0xE009, 0xE009, 0xE009, 0xE009, 0xE009, 0xE009, 0xE009, 0xE009, 0xE009, 0xE009, 0xE009, 0xE009, 0xE009, 0xE009, 0xE009, 
0xE009, 0xE009, 0xE009, 0xE009, 0xE009, 0xE009, 0xE009, 0xE009, 0xE009, 0xE009, 0xE009, 0xE009, 0xE009, 0xE009, 0xE009, 0xE009, 
0xE009, 0xE009, 0xE009, 0xE009, 0xE009, 0xE009, 0xE009, 0xE009, 0xE009, 0xE009, 0xE009, 0xE009, 0xE009, 0xE009, 0xE009, 0xE009, 
0xE009, 0xE009, 0xE009, 0xE009, 0xE009, 0xE009, 0xE009, 0xE009, 0xE009, 0xE009, 0xE009, 0xE009, 0xE009, 0xE009, 0xE009, 0xE009, 
0xE009, 0xE009, 0xE009, 0xE009, 0xE009, 0xE009, 0xE009, 0xE009, 0xE009, 0xE009, 0xE009, 0xE009, 0xE009, 0xE009, 0xE009, 0xE009, 
0xE009, 0xE009, 0xE009, 0xE009, 0xE009, 0xE009, 0xE009, 0xE009, 0xE009, 0xE009, 0xE009, 0xE009, 0xE009, 0xE009, 0xE009, 0xE009, 
0xE009, 0xE009, 0xE009, 0xE009, 0xE009, 0xE009, 0xE009, 0xE009, 0xE009, 0xE009, 0xE009, 0xE009, 0xE009, 0xE009, 0xE009, 0xE009, 
0xE009, 0xE009, 0xE009, 0xE009, 0xE009, 0xE009, 0xE009, 0xE009, 0xE009, 0xE009, 0xE009, 0xE009, 0xE009, 0xE009, 0xE009, 0xE009, 
0xE009, 0xE009, 0xE009, 0xE009, 0xE009, 0xE009, 0xE009, 0xE009, 0xE009, 0xE009, 0xE009, 0xE009, 0xE009, 0xE009, 0xE009, 0xE009, 
0xE009, 0xE009, 0xE009, 0xE009, 0xE009, 0xE009, 0xE009, 0xE009, 0xE009, 0xE009, 0xE009, 0xE009, 0xE009, 0xE009, 0xE009, 0xE009, 
0xE009, 0xE009, 0xE009, 0xE009, 0xE009, 0xE009, 0xE009, 0xE009, 0xE009, 0xE009, 0xE009, 0xE009, 0xE009, 0xE009, 0xE009, 0xE009, 
0xE009, 0xE009, 0xE009, 0xE009, 0xE009, 0xE009, 0xE009, 0xE009, 0xE009, 0xE009, 0xE009, 0xE009, 0xE009, 0xE009, 0xE009, 0xE009, 
0xE009, 0xE009, 0xE009, 0xE009, 0xE009, 0xE009, 0xE009, 0xE009, 0xE009, 0xE009, 0xE009, 0xE009, 0xE009, 0xE009, 0xE009, 0xE009, 
0xE009, 0xE009, 0xE009, 0xE009, 0xE009, 0xE009, 0xE009, 0xE009, 0xE009, 0xE009, 0xE009, 0xE009, 0xE009, 0xE009, 0xE009, 0xE009, 
0xE009, 0xE009, 0xE009, 0xE009, 0xE009, 0xE009, 0xE009, 0xE009, 0xE009, 0xE009, 0xE009, 0xE009, 0xE009, 0xE009, 0xE009, 0xE009, 
0xE009, 0xE009, 0xE009, 0xE009, 0xE009, 0xE009, 0xE009, 0xE009, 0xE009, 0xE009, 0xE009, 0xE009, 0xE009, 0xE009, 0xE009, 0xE009, 
0xE009, 0xE009, 0xE009, 0xE009, 0xE009, 0xE009, 0xE009, 0xE009, 0xE009, 0xE009, 0xE009, 0xE009, 0xE009, 0xE009, 0xE009, 0xE009, 
0xE009, 0xE009, 0xE009, 0xE009, 0xE009, 0xE009, 0xE009, 0xE009, 0xE009, 0xE009, 0xE009, 0xE009, 0xE009, 0xE009, 0xE009, 0xE009, 
0xE009, 0xE009, 0xE009, 0xE009, 0xE009, 0xE009, 0xE009, 0xE009, 0xE009, 0xE009, 0xE009, 0xE009, 0xE009, 0xE009, 0xE009, 0xE009, 
0xE009, 0xE009, 0xE009, 0xE009, 0xE009, 0xE009, 0xE009, 0xE009, 0xE009, 0xE009, 0xE009, 0xE009, 0xE009, 0xE009, 0xE009, 0xE009, 
0xE009, 0xE009, 0xE009, 0xE009, 0xE009, 0xE009, 0xE009, 0xE009, 0xE009, 0xE009, 0xE009, 0xE009, 0xE009, 0xE009, 0xE009, 0xE009, 
0xE009, 0xE009, 0xE009, 0xE009, 0xE009, 0xE009, 0xE009, 0xE009, 0xE009, 0xE009, 0xE009, 0xE009, 0xE009, 0xE009, 0xE009, 0xE009, 
0xE009, 0xE009, 0xE009, 0xE009, 0xE009, 0xE009, 0xE009, 0xE009, 0xE009, 0xE009, 0xE009, 0xE009, 0xE009, 0xE009, 0xE009, 0xE009, 
0xE009, 0xE009, 0xE009, 0xE009, 0xE009, 0xE009, 0xE009, 0xE009, 0xE009, 0xE009, 0xE009, 0xE009, 0xE009, 0xE009, 0xE009, 0xE009, 
0xE009, 0xE009, 0xE009, 0xE009, 0xE009, 0xE009, 0xE009, 0xE009, 0xE009, 0xE009, 0xE009, 0xE009, 0xE009, 0xE009, 0xE009, 0xE009, 
0xE009, 0xE009, 0xE009, 0xE009, 0xE009, 0xE009, 0xE009, 0xE009, 0xE009, 0xE009, 0xE009, 0xE009, 0xE009, 0xE009, 0xE009, 0xE009, 
0xE009, 0xE009, 0xE009, 0xE009, 0xE009, 0xE009, 0xE009, 0xE009, 0xE009, 0xE009, 0xE009, 0xE009, 0xE009, 0xE009, 0xE009, 0xE009, 
0xE009, 0xE009, 0xE009, 0xE009, 0xE009, 0xE009, 0xE009, 0xE009, 0xE009, 0xE009, 0xE009, 0xE009, 0xE009, 0xE009, 0xE009, 0xE009, 
0xE009, 0xE009, 0xE009, 0xE009, 0xE009, 0xE009, 0xE009, 0xE009, 0xE009, 0xE009, 0xE009, 0xE009, 0xE009, 0xE009, 0xE009, 0xE009, 
0xE009, 0xE009, 0xE009, 0xE009, 0xE009, 0xE009, 0xE009, 0xE009, 0xE009, 0xE009, 0xE009, 0xE009, 0xE009, 0xE009, 0xE009, 0xE009, 
0xE009, 0xE009, 0xE009, 0xE009, 0xE009, 0xE009, 0xE009, 0xE009, 0xE009, 0xE009, 0xE009, 0xE009, 0xE009, 0xE009, 0xE009, 0xE009, 
0xE009, 0xE009, 0xE009, 0xE009, 0xE009, 0xE009, 0xE009, 0xE009, 0xE009, 0xE009, 0xE009, 0xE009, 0xE009, 0xE009, 0xE009, 0xE009, 
0xE009, 0xE009, 0xE009, 0xE009, 0xE009, 0xE009, 0xE009, 0xE009, 0xE009, 0xE009, 0xE009, 0xE009, 0xE009, 0xE009, 0xE009, 0xE009, 
0xE009, 0xE009, 0xE009, 0xE009, 0xE009, 0xE009, 0xE009, 0xE009, 0xE009, 0xE009, 0xE009, 0xE009, 0xE009, 0xE009, 0xE009, 0xE009, 
0xE009, 0xE009, 0xE009, 0xE009, 0xE009, 0xE009, 0xE009, 0xE009, 0xE009, 0xE009, 0xE009, 0xE009, 0xE009, 0xE009, 0xE009, 0xE009, 
0xE009, 0xE009, 0xE009, 0xE009, 0xE009, 0xE009, 0xE009, 0xE009, 0xE009, 0xE009, 0xE009, 0xE009, 0xE009, 0xE009, 0xE009, 0xE009, 
0xE009, 0xE009, 0xE009, 0xE009, 0xE009, 0xE009, 0xE009, 0xE009, 0xE009, 0xE009, 0xE009, 0xE009, 0xE009, 0xE009, 0xE009, 0xE009, 
0xE009, 0xE009, 0xE009, 0xE009, 0xE009, 0xE009, 0xE009, 0xE009, 0xE009, 0xE009, 0xE009, 0xE009, 0xE009, 0xE009, 0xE009, 0xE009, 
0xE009, 0xE009, 0xE009, 0xE009, 0xE009, 0xE009, 0xE009, 0xE009, 0xE009, 0xE009, 0xE009, 0xE009, 0xE009, 0xE009, 0xE009, 0xE009, 
0xE009, 0xE009, 0xE009, 0xE009, 0xE009, 0xE009, 0xE009, 0xE009, 0xE009, 0xE009, 0xE009, 0xE009, 0xE009, 0xE009, 0xE009, 0xE009, 
0xE009, 0xE009, 0xE009, 0xE009, 0xE009, 0xE009, 0xE009, 0xE009, 0xE009, 0xE009, 0xE009, 0xE009, 0xE009, 0xE009, 0xE009, 0xE009, 
0xE009, 0xE009, 0xE009, 0xE009, 0xE009, 0xE009, 0xE009, 0xE009, 0xE009, 0xE009, 0xE009, 0xE009, 0xE009, 0xE009, 0xE009, 0xE009, 
0xE009, 0xE009, 0xE009, 0xE009, 0xE009, 0xE009, 0xE009, 0xE009, 0xE009, 0xE009, 0xE009, 0xE009, 0xE009, 0xE009, 0xE009, 0xE009, 
0xE009, 0xE009, 0xE009, 0xE009, 0xE009, 0xE009, 0xE009, 0xE009, 0xE009, 0xE009, 0xE009, 0xE009, 0xE009, 0xE009, 0xE009, 0xE009, 
0xE009, 0xE009, 0xE009, 0xE009, 0xE009, 0xE009, 0xE009, 0xE009, 0xE009, 0xE009, 0xE009, 0xE009, 0xE009, 0xE009, 0xE009, 0xE009, 
0xE009, 0xE009, 0xE009, 0xE009, 0xE009, 0xE009, 0xE009, 0xE009, 0xE009, 0xE009, 0xE009, 0xE009, 0xE009, 0xE009, 0xE009, 0xE009, 
0xE009, 0xE009, 0xE009, 0xE009, 0xE009, 0xE009, 0xE009, 0xE009, 0xE009, 0xE009, 0xE009, 0xE009, 0xE009, 0xE009, 0xE009, 0xE009, 
0xE009, 0xE009, 0xE009, 0xE009, 0xE009, 0xE009, 0xE009, 0xE009, 0xE009, 0xE009, 0xE009, 0xE009, 0xE009, 0xE009, 0xE009, 0xE009, 
0xE009, 0xE009, 0xE009, 0xE009, 0xE009, 0xE009, 0xE009, 0xE009, 0xE009, 0xE009, 0xE009, 0xE009, 0xE009, 0xE009, 0xE009, 0xE009, 
0xE009, 0xE009, 0xE009, 0xE009, 0xE009, 0xE009, 0xE009, 0xE009, 0xE009, 0xE009, 0xE009, 0xE009, 0xE009, 0xE009, 0xE009, 0xE009, 
0xE009, 0xE009, 0xE009, 0xE009, 0xE009, 0xE009, 0xE009, 0xE009, 0xE009, 0xE009, 0xE009, 0xE009, 0xE009, 0xE009, 0xE009, 0xE009, 
0xE009, 0xE009, 0xE009, 0xE009, 0xE009, 0xE009, 0xE009, 0xE009, 0xE009, 0xE009, 0xE009, 0xE009, 0xE009, 0xE009, 0xE009, 0xE009, 
0xE009, 0xE009, 0xE009, 0xE009, 0xE009, 0xE009, 0xE009, 0xE009, 0xE009, 0xE009, 0xE009, 0xE009, 0xE009, 0xE009, 0xE009, 0xE009, 
0xE009, 0xE009, 0xE009, 0xE009, 0xE009, 0xE009, 0xE009, 0xE009, 0xE009, 0xE009, 0xE009, 0xE009, 0xE009, 0xE009, 0xE009, 0xE009, 
0xE009, 0xE009, 0xE009, 0xE009, 0xE009, 0xE009, 0xE009, 0xE009, 0xE009, 0xE009, 0xE009, 0xE009, 0xE009, 0xE009, 0xE009, 0xE009, 
0xE009, 0xE009, 0xE009, 0xE009, 0xE009, 0xE009, 0xE009, 0xE009, 0xE009, 0xE009, 0xE009, 0xE009, 0xE009, 0xE009, 0xE009, 0xE009, 
0xE009, 0xE009, 0xE009, 0xE009, 0xE009, 0xE009, 0xE009, 0xE009, 0xE009, 0xE009, 0xE009, 0xE009, 0xE009, 0xE009, 0xE009, 0xE009, 
0xE009, 0xE009, 0xE009, 0xE009, 0xE009, 0xE009, 0xE009, 0xE009, 0xE009, 0xE009, 0xE009, 0xE009, 0xE009, 0xE009, 0xE009, 0xE009, 
0xE009, 0xE009, 0xE009, 0xE009, 0xE009, 0xE009, 0xE009, 0xE009, 0xE009, 0xE009, 0xE009, 0xE009, 0xE009, 0xE009, 0xE009, 0xE009, 
0xE009, 0xE009, 0xE009, 0xE009, 0xE009, 0xE009, 0xE009, 0xE009, 0xE009, 0xE009, 0xE009, 0xE009, 0xE009, 0xE009, 0xE009, 0xE009, 
0xE009, 0xE009, 0xE009, 0xE009, 0xE009, 0xE009, 0xE009, 0xE009, 0xE009, 0xE009, 0xE009, 0xE009, 0xE009, 0xE009, 0xE009, 0xE009, 
0xE009, 0xE009, 0xE009, 0xE009, 0xE009, 0xE009, 0xE009, 0xE009, 0xE009, 0xE009, 0xE009, 0xE009, 0xE009, 0xE009, 0xE009, 0xE009, 
0xE009, 0xE009, 0xE009, 0xE009, 0xE009, 0xE009, 0xE009, 0xE009, 0xE009, 0xE009, 0xE009, 0xE009, 0xE009, 0xE009, 0xE009, 0xE009, 
0xE009, 0xE009, 0xE009, 0xE009, 0xE009, 0xE009, 0xE009, 0xE009, 0xE009, 0xE009, 0xE009, 0xE009, 0xE009, 0xE009, 0xE009, 0xE009, 
0xE009, 0xE009, 0xE009, 0xE009, 0xE009, 0xE009, 0xE009, 0xE009, 0xE009, 0xE009, 0xE009, 0xE009, 0xE009, 0xE009, 0xE009, 0xE009, 
0xE009, 0xE009, 0xE009, 0xE009, 0xE009, 0xE009, 0xE009, 0xE009, 0xE009, 0xE009, 0xE009, 0xE009, 0xE009, 0xE009, 0xE009, 0xE009, 
0xE009, 0xE009, 0xE009, 0xE009, 0xE009, 0xE009, 0xE009, 0xE009, 0xE009, 0xE009, 0xE009, 0xE009, 0xE009, 0xE009, 0xE009, 0xE009, 
0xE009, 0xE009, 0xE009, 0xE009, 0xE009, 0xE009, 0xE009, 0xE009, 0xE009, 0xE009, 0xE009, 0xE009, 0xE009, 0xE009, 0xE009, 0xE009, 
0xE009, 0xE009, 0xE009, 0xE009, 0xE009, 0xE009, 0xE009, 0xE009, 0xE009, 0xE009, 0xE009, 0xE009, 0xE009, 0xE009, 0xE009, 0xE009, 
0xE009, 0xE009, 0xE009, 0xE009, 0xE009, 0xE009, 0xE009, 0xE009, 0xE009, 0xE009, 0xE009, 0xE009, 0xE009, 0xE009, 0xE009, 0xE009, 
0xE009, 0xE009, 0xE009, 0xE009, 0xE009, 0xE009, 0xE009, 0xE009, 0xE009, 0xE009, 0xE009, 0xE009, 0xE009, 0xE009, 0xE009, 0xE009, 
0xE009, 0xE009, 0xE009, 0xE009, 0xE009, 0xE009, 0xE009, 0xE009, 0xE009, 0xE009, 0xE009, 0xE009, 0xE009, 0xE009, 0xE009, 0xE009, 
0xE009, 0xE009, 0xE009, 0xE009, 0xE009, 0xE009, 0xE009, 0xE009, 0xE009, 0xE009, 0xE009, 0xE009, 0xE009, 0xE009, 0xE009, 0xE009, 
0xE009, 0xE009, 0xE009, 0xE009, 0xE009, 0xE009, 0xE009, 0xE009, 0xE009, 0xE009, 0xE009, 0xE009, 0xE009, 0xE009, 0xE009, 0xE009, 
0xE009, 0xE009, 0xE009, 0xE009, 0xE009, 0xE009, 0xE009, 0xE009, 0xE009, 0xE009, 0xE009, 0xE009, 0xE009, 0xE009, 0xE009, 0xE009, 
0xE009, 0xE009, 0xE009, 0xE009, 0xE009, 0xE009, 0xE009, 0xE009, 0xE009, 0xE009, 0xE009, 0xE009, 0xE009, 0xE009, 0xE009, 0xE009, 
0xE009, 0xE009, 0xE009, 0xE009, 0xE009, 0xE009, 0xE009, 0xE009, 0xE009, 0xE009, 0xE009, 0xE009, 0xE009, 0xE009, 0xE009, 0xE009, 
0xE009, 0xE009, 0xE009, 0xE009, 0xE009, 0xE009, 0xE009, 0xE009, 0xE009, 0xE009, 0xE009, 0xE009, 0xE009, 0xE009, 0xE009, 0xE009, 
0xE009, 0xE009, 0xE009, 0xE009, 0xE009, 0xE009, 0xE009, 0xE009, 0xE009, 0xE009, 0xE009, 0xE009, 0xE009, 0xE009, 0xE009, 0xE009, 
0xE009, 0xE009, 0xE009, 0xE009, 0xE009, 0xE009, 0xE009, 0xE009, 0xE009, 0xE009, 0xE009, 0xE009, 0xE009, 0xE009, 0xE009, 0xE009, 
0xE009, 0xE009, 0xE009, 0xE009, 0xE009, 0xE009, 0xE009, 0xE009, 0xE009, 0xE009, 0xE009, 0xE009, 0xE009, 0xE009, 0xE009, 0xE009, 
0xE009, 0xE009, 0xE009, 0xE009, 0xE009, 0xE009, 0xE009, 0xE009, 0xE009, 0xE009, 0xE009, 0xE009, 0xE009, 0xE009, 0xE009, 0xE009, 
0xE009, 0xE009, 0xE009, 0xE009, 0xE009, 0xE009, 0xE009, 0xE009, 0xE009, 0xE009, 0xE009, 0xE009, 0xE009, 0xE009, 0xE009, 0xE009, 
0xE009, 0xE009, 0xE009, 0xE009, 0xE009, 0xE009, 0xE009, 0xE009, 0xE009, 0xE009, 0xE009, 0xE009, 0xE009, 0xE009, 0xE009, 0xE009, 
0xE009, 0xE009, 0xE009, 0xE009, 0xE009, 0xE009, 0xE009, 0xE009, 0xE009, 0xE009, 0xE009, 0xE009, 0xE009, 0xE009, 0xE009, 0xE009, 
0xE009, 0xE009, 0xE009, 0xE009, 0xE009, 0xE009, 0xE009, 0xE009, 0xE009, 0xE009, 0xE009, 0xE009, 0xE009, 0xE009, 0xE009, 0xE009, 
0xE009, 0xE009, 0xE009, 0xE009, 0xE009, 0xE009, 0xE009, 0xE009, 0xE009, 0xE009, 0xE009, 0xE009, 0xE009, 0xE009, 0xE009, 0xE009, 
0xE009, 0xE009, 0xE009, 0xE009, 0xE009, 0xE009, 0xE009, 0xE009, 0xE009, 0xE009, 0xE009, 0xE009, 0xE009, 0xE009, 0xE009, 0xE009, 
0xE009, 0xE009, 0xE009, 0xE009, 0xE009, 0xE009, 0xE009, 0xE009, 0xE009, 0xE009, 0xE009, 0xE009, 0xE009, 0xE009, 0xE009, 0xE009, 
0xE009, 0xE009, 0xE009, 0xE009, 0xE009, 0xE009, 0xE009, 0xE009, 0xE009, 0xE009, 0xE009, 0xE009, 0xE009, 0xE009, 0xE009, 0xE009, 
0xE009, 0xE009, 0xE009, 0xE009, 0xE009, 0xE009, 0xE009, 0xE009, 0xE009, 0xE009, 0xE009, 0xE009, 0xE009, 0xE009, 0xE009, 0xE009, 
0xE009, 0xE009, 0xE009, 0xE009, 0xE009, 0xE009, 0xE009, 0xE009, 0xE009, 0xE009, 0xE009, 0xE009, 0xE009, 0xE009, 0xE009, 0xE009, 
0xE009, 0xE009, 0xE009, 0xE009, 0xE009, 0xE009, 0xE009, 0xE009, 0xE009, 0xE009, 0xE009, 0xE009, 0xE009, 0xE009, 0xE009, 0xE009, 
0xE009, 0xE009, 0xE009, 0xE009, 0xE009, 0xE009, 0xE009, 0xE009, 0xE009, 0xE009, 0xE009, 0xE009, 0xE009, 0xE009, 0xE009, 0xE009, 
0xE009, 0xE009, 0xE009, 0xE009, 0xE009, 0xE009, 0xE009, 0xE009, 0xE009, 0xE009, 0xE009, 0xE009, 0xE009, 0xE009, 0xE009, 0xE009, 
0xE009, 0xE009, 0xE009, 0xE009, 0xE009, 0xE009, 0xE009, 0xE009, 0xE009, 0xE009, 0xE009, 0xE009, 0xE009, 0xE009, 0xE009, 0xE009, 
0xE009, 0xE009, 0xE009, 0xE009, 0xE009, 0xE009, 0xE009, 0xE009, 0xE009, 0xE009, 0xE009, 0xE009, 0xE009, 0xE009, 0xE009, 0xE009, 
0xE009, 0xE009, 0xE009, 0xE009, 0xE009, 0xE009, 0xE009, 0xE009, 0xE009, 0xE009, 0xE009, 0xE009, 0xE009, 0xE009, 0xE009, 0xE009, 
0xE009, 0xE009, 0xE009, 0xE009, 0xE009, 0xE009, 0xE009, 0xE009, 0xE009, 0xE009, 0xE009, 0xE009, 0xE009, 0xE009, 0xE009, 0xE009, 
0xE009, 0xE009, 0xE009, 0xE009, 0xE009, 0xE009, 0xE009, 0xE009, 0xE009, 0xE009, 0xE009, 0xE009, 0xE009, 0xE009, 0xE009, 0xE009, 
0xE009, 0xE009, 0xE009, 0xE009, 0xE009, 0xE009, 0xE009, 0xE009, 0xE009, 0xE009, 0xE009, 0xE009, 0xE009, 0xE009, 0xE009, 0xE009, 
0xE009, 0xE009, 0xE009, 0xE009, 0xE009, 0xE009, 0xE009, 0xE009, 0xE009, 0xE009, 0xE009, 0xE009, 0xE009, 0xE009, 0xE009, 0xE009, 
0xE009, 0xE009, 0xE009, 0xE009, 0xE009, 0xE009, 0xE009, 0xE009, 0xE009, 0xE009, 0xE009, 0xE009, 0xE009, 0xE009, 0xE009, 0xE009, 
0xE009, 0xE009, 0xE009, 0xE009, 0xE009, 0xE009, 0xE009, 0xE009, 0xE009, 0xE009, 0xE009, 0xE009, 0xE009, 0xE009, 0xE009, 0xE009, 
0xE009, 0xE009, 0xE009, 0xE009, 0xE009, 0xE009, 0xE009, 0xE009, 0xE009, 0xE009, 0xE009, 0xE009, 0xE009, 0xE009, 0xE009, 0xE009, 
0xE009, 0xE009, 0xE009, 0xE009, 0xE009, 0xE009, 0xE009, 0xE009, 0xE009, 0xE009, 0xE009, 0xE009, 0xE009, 0xE009, 0xE009, 0xE009, 
0xE009, 0xE009, 0xE009, 0xE009, 0xE009, 0xE009, 0xE009, 0xE009, 0xE009, 0xE009, 0xE009, 0xE009, 0xE009, 0xE009, 0xE009, 0xE009, 
0xE009, 0xE009, 0xE009, 0xE009, 0xE009, 0xE009, 0xE009, 0xE009, 0xE009, 0xE009, 0xE009, 0xE009, 0xE009, 0xE009, 0xE009, 0xE009, 
0xE009, 0xE009, 0xE009, 0xE009, 0xE009, 0xE009, 0xE009, 0xE009, 0xE009, 0xE009, 0xE009, 0xE009, 0xE009, 0xE009, 0xE009, 0xE009, 
0xE009, 0xE009, 0xE009, 0xE009, 0xE009, 0xE009, 0xE009, 0xE009, 0xE009, 0xE009, 0xE009, 0xE009, 0xE009, 0xE009, 0xE009, 0xE009, 
0xE009, 0xE009, 0xE009, 0xE009, 0xE009, 0xE009, 0xE009, 0xE009, 0xE009, 0xE009, 0xE009, 0xE009, 0xE009, 0xE009, 0xE009, 0xE009, 
0xE009, 0xE009, 0xE009, 0xE009, 0xE009, 0xE009, 0xE009, 0xE009, 0xE009, 0xE009, 0xE009, 0xE009, 0xE009, 0xE009, 0xE009, 0xE009, 
0xE009, 0xE009, 0xE009, 0xE009, 0xE009, 0xE009, 0xE009, 0xE009, 0xE009, 0xE009, 0xE009, 0xE009, 0xE009, 0xE009, 0xE009, 0xE009, 
0xE009, 0xE009, 0xE009, 0xE009, 0xE009, 0xE009, 0xE009, 0xE009, 0xE009, 0xE009, 0xE009, 0xE009, 0xE009, 0xE009, 0xE009, 0xE009, 
0xE009, 0xE009, 0xE009, 0xE009, 0xE009, 0xE009, 0xE009, 0xE009, 0xE009, 0xE009, 0xE009, 0xE009, 0xE009, 0xE009, 0xE009, 0xE009, 
0xE009, 0xE009, 0xE009, 0xE009, 0xE009, 0xE009, 0xE009, 0xE009, 0xE009, 0xE009, 0xE009, 0xE009, 0xE009, 0xE009, 0xE009, 0xE009, 
0xE009, 0xE009, 0xE009, 0xE009, 0xE009, 0xE009, 0xE009, 0xE009, 0xE009, 0xE009, 0xE009, 0xE009, 0xE009, 0xE009, 0xE009, 0xE009, 
0xE009, 0xE009, 0xE009, 0xE009, 0xE009, 0xE009, 0xE009, 0xE009, 0xE009, 0xE009, 0xE009, 0xE009, 0xE009, 0xE009, 0xE009, 0xE009, 
0xE009, 0xE009, 0xE009, 0xE009, 0xE009, 0xE009, 0xE009, 0xE009, 0xE009, 0xE009, 0xE009, 0xE009, 0xE009, 0xE009, 0xE009, 0xE009, 
0xE009, 0xE009, 0xE009, 0xE009, 0xE009, 0xE009, 0xE009, 0xE009, 0xE009, 0xE009, 0xE009, 0xE009, 0xE009, 0xE009, 0xE009, 0xE009, 
0xE009, 0xE009, 0xE009, 0xE009, 0xE009, 0xE009, 0xE009, 0xE009, 0xE009, 0xE009, 0xE009, 0xE009, 0xE009, 0xE009, 0xE009, 0xE009, 
0xE009, 0xE009, 0xE009, 0xE009, 0xE009, 0xE009, 0xE009, 0xE009, 0xE009, 0xE009, 0xE009, 0xE009, 0xE009, 0xE009, 0xE009, 0xE009, 
0xE009, 0xE009, 0xE009, 0xE009, 0xE009, 0xE009, 0xE009, 0xE009, 0xE009, 0xE009, 0xE009, 0xE009, 0xE009, 0xE009, 0xE009, 0xE009, 
0xE009, 0xE009, 0xE009, 0xE009, 0xE009, 0xE009, 0xE009, 0xE009, 0xE009, 0xE009, 0xE009, 0xE009, 0xE009, 0xE009, 0xE009, 0xE009, 
0xE009, 0xE009, 0xE009, 0xE009, 0xE009, 0xE009, 0xE009, 0xE009, 0xE009, 0xE009, 0xE009, 0xE009, 0xE009, 0xE009, 0xE009, 0xE009, 
0xE009, 0xE009, 0xE009, 0xE009, 0xE009, 0xE009, 0xE009, 0xE009, 0xE009, 0xE009, 0xE009, 0xE009, 0xE009, 0xE009, 0xE009, 0xE009, 
0xE009, 0xE009, 0xE009, 0xE009, 0xE009, 0xE009, 0xE009, 0xE009, 0xE009, 0xE009, 0xE009, 0xE009, 0xE009, 0xE009, 0xE009, 0xE009, 
0xE009, 0xE009, 0xE009, 0xE009, 0xE009, 0xE009, 0xE009, 0xE009, 0xE009, 0xE009, 0xE009, 0xE009, 0xE009, 0xE009, 0xE009, 0xE009, 
0xE009, 0xE009, 0xE009, 0xE009, 0xE009, 0xE009, 0xE009, 0xE009, 0xE009, 0xE009, 0xE009, 0xE009, 0xE009, 0xE009, 0xE009, 0xE009, 
0xE009, 0xE009, 0xE009, 0xE009, 0xE009, 0xE009, 0xE009, 0xE009, 0xE009, 0xE009, 0xE009, 0xE009, 0xE009, 0xE009, 0xE009, 0xE009, 
0xE009, 0xE009, 0xE009, 0xE009, 0xE009, 0xE009, 0xE009, 0xE009, 0xE009, 0xE009, 0xE009, 0xE009, 0xE009, 0xE009, 0xE009, 0xE009, 
0xE009, 0xE009, 0xE009, 0xE009, 0xE009, 0xE009, 0xE009, 0xE009, 0xE009, 0xE009, 0xE009, 0xE009, 0xE009, 0xE009, 0xE009, 0xE009, 
0xE009, 0xE009, 0xE009, 0xE009, 0xE009, 0xE009, 0xE009, 0xE009, 0xE009, 0xE009, 0xE009, 0xE009, 0xE009, 0xE009, 0xE009, 0xE009, 
0xE009, 0xE009, 0xE009, 0xE009, 0xE009, 0xE009, 0xE009, 0xE009, 0xE009, 0xE009, 0xE009, 0xE009, 0xE009, 0xE009, 0xE009, 0xE009, 
0xE009, 0xE009, 0xE009, 0xE009, 0xE009, 0xE009, 0xE009, 0xE009, 0xE009, 0xE009, 0xE009, 0xE009, 0xE009, 0xE009, 0xE009, 0xE009, 
0xE009, 0xE009, 0xE009, 0xE009, 0xE009, 0xE009, 0xE009, 0xE009, 0xE009, 0xE009, 0xE009, 0xE009, 0xE009, 0xE009, 0xE009, 0xE009, 
0xE009, 0xE009, 0xE009, 0xE009, 0xE009, 0xE009, 0xE009, 0xE009, 0xE009, 0xE009, 0xE009, 0xE009, 0xE009, 0xE009, 0xE009, 0xE009, 
0xE009, 0xE009, 0xE009, 0xE009, 0xE009, 0xE009, 0xE009, 0xE009, 0xE009, 0xE009, 0xE009, 0xE009, 0xE009, 0xE009, 0xE009, 0xE009, 
0xE009, 0xE009, 0xE009, 0xE009, 0xE009, 0xE009, 0xE009, 0xE009, 0xE009, 0xE009, 0xE009, 0xE009, 0xE009, 0xE009, 0xE009, 0xE009, 
0xE009, 0xE009, 0xE009, 0xE009, 0xE009, 0xE009, 0xE009, 0xE009, 0xE009, 0xE009, 0xE009, 0xE009, 0xE009, 0xE009, 0xE009, 0xE009, 
0xE009, 0xE009, 0xE009, 0xE009, 0xE009, 0xE009, 0xE009, 0xE009, 0xE009, 0xE009, 0xE009, 0xE009, 0xE009, 0xE009, 0xE009, 0xE009, 
0xE009, 0xE009, 0xE009, 0xE009, 0xE009, 0xE009, 0xE009, 0xE009, 0xE009, 0xE009, 0xE009, 0xE009, 0xE009, 0xE009, 0xE009, 0xE009, 
0xE009, 0xE009, 0xE009, 0xE009, 0xE009, 0xE009, 0xE009, 0xE009, 0xE009, 0xE009, 0xE009, 0xE009, 0xE009, 0xE009, 0xE009, 0xE009, 
0xE009, 0xE009, 0xE009, 0xE009, 0xE009, 0xE009, 0xE009, 0xE009, 0xE009, 0xE009, 0xE009, 0xE009, 0xE009, 0xE009, 0xE009, 0xE009, 
0xE009, 0xE009, 0xE009, 0xE009, 0xE009, 0xE009, 0xE009, 0xE009, 0xE009, 0xE009, 0xE009, 0xE009, 0xE009, 0xE009, 0xE009, 0xE009, 
0xE009, 0xE009, 0xE009, 0xE009, 0xE009, 0xE009, 0xE009, 0xE009, 0xE009, 0xE009, 0xE009, 0xE009, 0xE009, 0xE009, 0xE009, 0xE009, 
0xE009, 0xE009, 0xE009, 0xE009, 0xE009, 0xE009, 0xE009, 0xE009, 0xE009, 0xE009, 0xE009, 0xE009, 0xE009, 0xE009, 0xE009, 0xE009, 
0xE009, 0xE009, 0xE009, 0xE009, 0xE009, 0xE009, 0xE009, 0xE009, 0xE009, 0xE009, 0xE009, 0xE009, 0xE009, 0xE009, 0xE009, 0xE009, 
0xE009, 0xE009, 0xE009, 0xE009, 0xE009, 0xE009, 0xE009, 0xE009, 0xE009, 0xE009, 0xE009, 0xE009, 0xE009, 0xE009, 0xE009, 0xE009, 
0xE009, 0xE009, 0xE009, 0xE009, 0xE009, 0xE009, 0xE009, 0xE009, 0xE009, 0xE009, 0xE009, 0xE009, 0xE009, 0xE009, 0xE009, 0xE009, 
0xE009, 0xE009, 0xE009, 0xE009, 0xE009, 0xE009, 0xE009, 0xE009, 0xE009, 0xE009, 0xE009, 0xE009, 0xE009, 0xE009, 0xE009, 0xE009, 
0xE009, 0xE009, 0xE009, 0xE009, 0xE009, 0xE009, 0xE009, 0xE009, 0xE009, 0xE009, 0xE009, 0xE009, 0xE009, 0xE009, 0xE009, 0xE009, 
0xE009, 0xE009, 0xE009, 0xE009, 0xE009, 0xE009, 0xE009, 0xE009, 0xE009, 0xE009, 0xE009, 0xE009, 0xE009, 0xE009, 0xE009, 0xE009, 
0xE009, 0xE009, 0xE009, 0xE009, 0xE009, 0xE009, 0xE009, 0xE009, 0xE009, 0xE009, 0xE009, 0xE009, 0xE009, 0xE009, 0xE009, 0xE009, 
0xE009, 0xE009, 0xE009, 0xE009, 0xE009, 0xE009, 0xE009, 0xE009, 0xE009, 0xE009, 0xE009, 0xE009, 0xE009, 0xE009, 0xE009, 0xE009, 
0xE009, 0xE009, 0xE009, 0xE009, 0xE009, 0xE009, 0xE009, 0xE009, 0xE009, 0xE009, 0xE009, 0xE009, 0xE009, 0xE009, 0xE009, 0xE009, 
0xE009, 0xE009, 0xE009, 0xE009, 0xE009, 0xE009, 0xE009, 0xE009, 0xE009, 0xE009, 0xE009, 0xE009, 0xE009, 0xE009, 0xE009, 0xE009, 
0xE009, 0xE009, 0xE009, 0xE009, 0xE009, 0xE009, 0xE009, 0xE009, 0xE009, 0xE009, 0xE009, 0xE009, 0xE009, 0xE009, 0xE009, 0xE009, 
0xE009, 0xE009, 0xE009, 0xE009, 0xE009, 0xE009, 0xE009, 0xE009, 0xE009, 0xE009, 0xE009, 0xE009, 0xE009, 0xE009, 0xE009, 0xE009, 
0xE009, 0xE009, 0xE009, 0xE009, 0xE009, 0xE009, 0xE009, 0xE009, 0xE009, 0xE009, 0xE009, 0xE009, 0xE009, 0xE009, 0xE009, 0xE009, 
0xE009, 0xE009, 0xE009, 0xE009, 0xE009, 0xE009, 0xE009, 0xE009, 0xE009, 0xE009, 0xE009, 0xE009, 0xE009, 0xE009, 0xE009, 0xE009, 
0xE009, 0xE009, 0xE009, 0xE009, 0xE009, 0xE009, 0xE009, 0xE009, 0xE009, 0xE009, 0xE009, 0xE009, 0xE009, 0xE009, 0xE009, 0xE009, 
0xE009, 0xE009, 0xE009, 0xE009, 0xE009, 0xE009, 0xE009, 0xE009, 0xE009, 0xE009, 0xE009, 0xE009, 0xE009, 0xE009, 0xE009, 0xE009, 
0xE009, 0xE009, 0xE009, 0xE009, 0xE009, 0xE009, 0xE009, 0xE009, 0xE009, 0xE009, 0xE009, 0xE009, 0xE009, 0xE009, 0xE009, 0xE009, 
0xE009, 0xE009, 0xE009, 0xE009, 0xE009, 0xE009, 0xE009, 0xE009, 0xE009, 0xE009, 0xE009, 0xE009, 0xE009, 0xE009, 0xE009, 0xE009, 
0xE009, 0xE009, 0xE009, 0xE009, 0xE009, 0xE009, 0xE009, 0xE009, 0xE009, 0xE009, 0xE009, 0xE009, 0xE009, 0xE009, 0xE009, 0xE009, 
0xE009, 0xE009, 0xE009, 0xE009, 0xE009, 0xE009, 0xE009, 0xE009, 0xE009, 0xE009, 0xE009, 0xE009, 0xE009, 0xE009, 0xE009, 0xE009, 
0xE009, 0xE009, 0xE009, 0xE009, 0xE009, 0xE009, 0xE009, 0xE009, 0xE009, 0xE009, 0xE009, 0xE009, 0xE009, 0xE009, 0xE009, 0xE009, 
0xE009, 0xE009, 0xE009, 0xE009, 0xE009, 0xE009, 0xE009, 0xE009, 0xE009, 0xE009, 0xE009, 0xE009, 0xE009, 0xE009, 0xE009, 0xE009, 
0xE009, 0xE009, 0xE009, 0xE009, 0xE009, 0xE009, 0xE009, 0xE009, 0xE009, 0xE009, 0xE009, 0xE009, 0xE009, 0xE009, 0xE009, 0xE009, 
0xE009, 0xE009, 0xE009, 0xE009, 0xE009, 0xE009, 0xE009, 0xE009, 0xE009, 0xE009, 0xE009, 0xE009, 0xE009, 0xE009, 0xE009, 0xE009, 
0xE009, 0xE009, 0xE009, 0xE009, 0xE009, 0xE009, 0xE009, 0xE009, 0xE009, 0xE009, 0xE009, 0xE009, 0xE009, 0xE009, 0xE009, 0xE009, 
0xE009, 0xE009, 0xE009, 0xE009, 0xE009, 0xE009, 0xE009, 0xE009, 0xE009, 0xE009, 0xE009, 0xE009, 0xE009, 0xE009, 0xE009, 0xE009, 
0xE009, 0xE009, 0xE009, 0xE009, 0xE009, 0xE009, 0xE009, 0xE009, 0xE009, 0xE009, 0xE009, 0xE009, 0xE009, 0xE009, 0xE009, 0xE009, 
0xE009, 0xE009, 0xE009, 0xE009, 0xE009, 0xE009, 0xE009, 0xE009, 0xE009, 0xE009, 0xE009, 0xE009, 0xE009, 0xE009, 0xE009, 0xE009, 
0xE009, 0xE009, 0xE009, 0xE009, 0xE009, 0xE009, 0xE009, 0xE009, 0xE009, 0xE009, 0xE009, 0xE009, 0xE009, 0xE009, 0xE009, 0xE009, 
0xE009, 0xE009, 0xE009, 0xE009, 0xE009, 0xE009, 0xE009, 0xE009, 0xE009, 0xE009, 0xE009, 0xE009, 0xE009, 0xE009, 0xE009, 0xE009, 
0xE009, 0xE009, 0xE009, 0xE009, 0xE009, 0xE009, 0xE009, 0xE009, 0xE009, 0xE009, 0xE009, 0xE009, 0xE009, 0xE009, 0xE009, 0xE009, 
0xE009, 0xE009, 0xE009, 0xE009, 0xE009, 0xE009, 0xE009, 0xE009, 0xE009, 0xE009, 0xE009, 0xE009, 0xE009, 0xE009, 0xE009, 0xE009, 
0xE009, 0xE009, 0xE009, 0xE009, 0xE009, 0xE009, 0xE009, 0xE009, 0xE009, 0xE009, 0xE009, 0xE009, 0xE009, 0xE009, 0xE009, 0xE009, 
0xE009, 0xE009, 0xE009, 0xE009, 0xE009, 0xE009, 0xE009, 0xE009, 0xE009, 0xE009, 0xE009, 0xE009, 0xE009, 0xE009, 0xE009, 0xE009, 
0xE009, 0xE009, 0xE009, 0xE009, 0xE009, 0xE009, 0xE009, 0xE009, 0xE009, 0xE009, 0xE009, 0xE009, 0xE009, 0xE009, 0xE009, 0xE009, 
0xE009, 0xE009, 0xE009, 0xE009, 0xE009, 0xE009, 0xE009, 0xE009, 0xE009, 0xE009, 0xE009, 0xE009, 0xE009, 0xE009, 0xE009, 0xE009, 
0xE009, 0xE009, 0xE009, 0xE009, 0xE009, 0xE009, 0xE009, 0xE009, 0xE009, 0xE009, 0xE009, 0xE009, 0xE009, 0xE009, 0xE009, 0xE009, 
0xE009, 0xE009, 0xE009, 0xE009, 0xE009, 0xE009, 0xE009, 0xE009, 0xE009, 0xE009, 0xE009, 0xE009, 0xE009, 0xE009, 0xE009, 0xE009, 
0xE009, 0xE009, 0xE009, 0xE009, 0xE009, 0xE009, 0xE009, 0xE009, 0xE009, 0xE009, 0xE009, 0xE009, 0xE009, 0xE009, 0xE009, 0xE009, 
0xE009, 0xE009, 0xE009, 0xE009, 0xE009, 0xE009, 0xE009, 0xE009, 0xE009, 0xE009, 0xE009, 0xE009, 0xE009, 0xE009, 0xE009, 0xE009, 
0xE009, 0xE009, 0xE009, 0xE009, 0xE009, 0xE009, 0xE009, 0xE009, 0xE009, 0xE009, 0xE009, 0xE009, 0xE009, 0xE009, 0xE009, 0xE009, 
0xE009, 0xE009, 0xE009, 0xE009, 0xE009, 0xE009, 0xE009, 0xE009, 0xE009, 0xE009, 0xE009, 0xE009, 0xE009, 0xE009, 0xE009, 0xE009, 
0xE009, 0xE009, 0xE009, 0xE009, 0xE009, 0xE009, 0xE009, 0xE009, 0xE009, 0xE009, 0xE009, 0xE009, 0xE009, 0xE009, 0xE009, 0xE009, 
0xE009, 0xE009, 0xE009, 0xE009, 0xE009, 0xE009, 0xE009, 0xE009, 0xE009, 0xE009, 0xE009, 0xE009, 0xE009, 0xE009, 0xE009, 0xE009, 
0xE009, 0xE009, 0xE009, 0xE009, 0xE009, 0xE009, 0xE009, 0xE009, 0xE009, 0xE009, 0xE009, 0xE009, 0xE009, 0xE009, 0xE009, 0xE009, 
0xE009, 0xE009, 0xE009, 0xE009, 0xE009, 0xE009, 0xE009, 0xE009, 0xE009, 0xE009, 0xE009, 0xE009, 0xE009, 0xE009, 0xE009, 0xE009, 
0xE009, 0xE009, 0xE009, 0xE009, 0xE009, 0xE009, 0xE009, 0xE009, 0xE009, 0xE009, 0xE009, 0xE009, 0xE009, 0xE009, 0xE009, 0xE009, 
0xE009, 0xE009, 0xE009, 0xE009, 0xE009, 0xE009, 0xE009, 0xE009, 0xE009, 0xE009, 0xE009, 0xE009, 0xE009, 0xE009, 0xE009, 0xE009, 
0xE009, 0xE009, 0xE009, 0xE009, 0xE009, 0xE009, 0xE009, 0xE009, 0xE009, 0xE009, 0xE009, 0xE009, 0xE009, 0xE009, 0xE009, 0xE009, 
0xE009, 0xE009, 0xE009, 0xE009, 0xE009, 0xE009, 0xE009, 0xE009, 0xE009, 0xE009, 0xE009, 0xE009, 0xE009, 0xE009, 0xE009, 0xE009, 
0xE009, 0xE009, 0xE009, 0xE009, 0xE009, 0xE009, 0xE009, 0xE009, 0xE009, 0xE009, 0xE009, 0xE009, 0xE009, 0xE009, 0xE009, 0xE009, 
0xE009, 0xE009, 0xE009, 0xE009, 0xE009, 0xE009, 0xE009, 0xE009, 0xE009, 0xE009, 0xE009, 0xE009, 0xE009, 0xE009, 0xE009, 0xE009, 

};
