const char tps25750x_fullFlash_i2c_array[] = {
0x00, 0x08, 0x00, 0x00, 0xff, 0xff, 0xff, 0xff, 0xff, 0xff, 0xff, 0xff, 0xff, 0xff, 0xff, 0xff, 
0xff, 0xff, 0xff, 0xff, 0xff, 0xff, 0xff, 0xff, 0xff, 0xff, 0xff, 0xff, 0xff, 0xff, 0xff, 0xff, 
0xff, 0xff, 0xff, 0xff, 0xff, 0xff, 0xff, 0xff, 0xff, 0xff, 0xff, 0xff, 0xff, 0xff, 0xff, 0xff, 
0xff, 0xff, 0xff, 0xff, 0xff, 0xff, 0xff, 0xff, 0xff, 0xff, 0xff, 0xff, 0xff, 0xff, 0xff, 0xff, 
0xff, 0xff, 0xff, 0xff, 0xff, 0xff, 0xff, 0xff, 0xff, 0xff, 0xff, 0xff, 0xff, 0xff, 0xff, 0xff, 
0xff, 0xff, 0xff, 0xff, 0xff, 0xff, 0xff, 0xff, 0xff, 0xff, 0xff, 0xff, 0xff, 0xff, 0xff, 0xff, 
0xff, 0xff, 0xff, 0xff, 0xff, 0xff, 0xff, 0xff, 0xff, 0xff, 0xff, 0xff, 0xff, 0xff, 0xff, 0xff, 
0xff, 0xff, 0xff, 0xff, 0xff, 0xff, 0xff, 0xff, 0xff, 0xff, 0xff, 0xff, 0xff, 0xff, 0xff, 0xff, 
0xff, 0xff, 0xff, 0xff, 0xff, 0xff, 0xff, 0xff, 0xff, 0xff, 0xff, 0xff, 0xff, 0xff, 0xff, 0xff, 
0xff, 0xff, 0xff, 0xff, 0xff, 0xff, 0xff, 0xff, 0xff, 0xff, 0xff, 0xff, 0xff, 0xff, 0xff, 0xff, 
0xff, 0xff, 0xff, 0xff, 0xff, 0xff, 0xff, 0xff, 0xff, 0xff, 0xff, 0xff, 0xff, 0xff, 0xff, 0xff, 
0xff, 0xff, 0xff, 0xff, 0xff, 0xff, 0xff, 0xff, 0xff, 0xff, 0xff, 0xff, 0xff, 0xff, 0xff, 0xff, 
0xff, 0xff, 0xff, 0xff, 0xff, 0xff, 0xff, 0xff, 0xff, 0xff, 0xff, 0xff, 0xff, 0xff, 0xff, 0xff, 
0xff, 0xff, 0xff, 0xff, 0xff, 0xff, 0xff, 0xff, 0xff, 0xff, 0xff, 0xff, 0xff, 0xff, 0xff, 0xff, 
0xff, 0xff, 0xff, 0xff, 0xff, 0xff, 0xff, 0xff, 0xff, 0xff, 0xff, 0xff, 0xff, 0xff, 0xff, 0xff, 
0xff, 0xff, 0xff, 0xff, 0xff, 0xff, 0xff, 0xff, 0xff, 0xff, 0xff, 0xff, 0xff, 0xff, 0xff, 0xff, 
0xff, 0xff, 0xff, 0xff, 0xff, 0xff, 0xff, 0xff, 0xff, 0xff, 0xff, 0xff, 0xff, 0xff, 0xff, 0xff, 
0xff, 0xff, 0xff, 0xff, 0xff, 0xff, 0xff, 0xff, 0xff, 0xff, 0xff, 0xff, 0xff, 0xff, 0xff, 0xff, 
0xff, 0xff, 0xff, 0xff, 0xff, 0xff, 0xff, 0xff, 0xff, 0xff, 0xff, 0xff, 0xff, 0xff, 0xff, 0xff, 
0xff, 0xff, 0xff, 0xff, 0xff, 0xff, 0xff, 0xff, 0xff, 0xff, 0xff, 0xff, 0xff, 0xff, 0xff, 0xff, 
0xff, 0xff, 0xff, 0xff, 0xff, 0xff, 0xff, 0xff, 0xff, 0xff, 0xff, 0xff, 0xff, 0xff, 0xff, 0xff, 
0xff, 0xff, 0xff, 0xff, 0xff, 0xff, 0xff, 0xff, 0xff, 0xff, 0xff, 0xff, 0xff, 0xff, 0xff, 0xff, 
0xff, 0xff, 0xff, 0xff, 0xff, 0xff, 0xff, 0xff, 0xff, 0xff, 0xff, 0xff, 0xff, 0xff, 0xff, 0xff, 
0xff, 0xff, 0xff, 0xff, 0xff, 0xff, 0xff, 0xff, 0xff, 0xff, 0xff, 0xff, 0xff, 0xff, 0xff, 0xff, 
0xff, 0xff, 0xff, 0xff, 0xff, 0xff, 0xff, 0xff, 0xff, 0xff, 0xff, 0xff, 0xff, 0xff, 0xff, 0xff, 
0xff, 0xff, 0xff, 0xff, 0xff, 0xff, 0xff, 0xff, 0xff, 0xff, 0xff, 0xff, 0xff, 0xff, 0xff, 0xff, 
0xff, 0xff, 0xff, 0xff, 0xff, 0xff, 0xff, 0xff, 0xff, 0xff, 0xff, 0xff, 0xff, 0xff, 0xff, 0xff, 
0xff, 0xff, 0xff, 0xff, 0xff, 0xff, 0xff, 0xff, 0xff, 0xff, 0xff, 0xff, 0xff, 0xff, 0xff, 0xff, 
0xff, 0xff, 0xff, 0xff, 0xff, 0xff, 0xff, 0xff, 0xff, 0xff, 0xff, 0xff, 0xff, 0xff, 0xff, 0xff, 
0xff, 0xff, 0xff, 0xff, 0xff, 0xff, 0xff, 0xff, 0xff, 0xff, 0xff, 0xff, 0xff, 0xff, 0xff, 0xff, 
0xff, 0xff, 0xff, 0xff, 0xff, 0xff, 0xff, 0xff, 0xff, 0xff, 0xff, 0xff, 0xff, 0xff, 0xff, 0xff, 
0xff, 0xff, 0xff, 0xff, 0xff, 0xff, 0xff, 0xff, 0xff, 0xff, 0xff, 0xff, 0xff, 0xff, 0xff, 0xff, 
0xff, 0xff, 0xff, 0xff, 0xff, 0xff, 0xff, 0xff, 0xff, 0xff, 0xff, 0xff, 0xff, 0xff, 0xff, 0xff, 
0xff, 0xff, 0xff, 0xff, 0xff, 0xff, 0xff, 0xff, 0xff, 0xff, 0xff, 0xff, 0xff, 0xff, 0xff, 0xff, 
0xff, 0xff, 0xff, 0xff, 0xff, 0xff, 0xff, 0xff, 0xff, 0xff, 0xff, 0xff, 0xff, 0xff, 0xff, 0xff, 
0xff, 0xff, 0xff, 0xff, 0xff, 0xff, 0xff, 0xff, 0xff, 0xff, 0xff, 0xff, 0xff, 0xff, 0xff, 0xff, 
0xff, 0xff, 0xff, 0xff, 0xff, 0xff, 0xff, 0xff, 0xff, 0xff, 0xff, 0xff, 0xff, 0xff, 0xff, 0xff, 
0xff, 0xff, 0xff, 0xff, 0xff, 0xff, 0xff, 0xff, 0xff, 0xff, 0xff, 0xff, 0xff, 0xff, 0xff, 0xff, 
0xff, 0xff, 0xff, 0xff, 0xff, 0xff, 0xff, 0xff, 0xff, 0xff, 0xff, 0xff, 0xff, 0xff, 0xff, 0xff, 
0xff, 0xff, 0xff, 0xff, 0xff, 0xff, 0xff, 0xff, 0xff, 0xff, 0xff, 0xff, 0xff, 0xff, 0xff, 0xff, 
0xff, 0xff, 0xff, 0xff, 0xff, 0xff, 0xff, 0xff, 0xff, 0xff, 0xff, 0xff, 0xff, 0xff, 0xff, 0xff, 
0xff, 0xff, 0xff, 0xff, 0xff, 0xff, 0xff, 0xff, 0xff, 0xff, 0xff, 0xff, 0xff, 0xff, 0xff, 0xff, 
0xff, 0xff, 0xff, 0xff, 0xff, 0xff, 0xff, 0xff, 0xff, 0xff, 0xff, 0xff, 0xff, 0xff, 0xff, 0xff, 
0xff, 0xff, 0xff, 0xff, 0xff, 0xff, 0xff, 0xff, 0xff, 0xff, 0xff, 0xff, 0xff, 0xff, 0xff, 0xff, 
0xff, 0xff, 0xff, 0xff, 0xff, 0xff, 0xff, 0xff, 0xff, 0xff, 0xff, 0xff, 0xff, 0xff, 0xff, 0xff, 
0xff, 0xff, 0xff, 0xff, 0xff, 0xff, 0xff, 0xff, 0xff, 0xff, 0xff, 0xff, 0xff, 0xff, 0xff, 0xff, 
0xff, 0xff, 0xff, 0xff, 0xff, 0xff, 0xff, 0xff, 0xff, 0xff, 0xff, 0xff, 0xff, 0xff, 0xff, 0xff, 
0xff, 0xff, 0xff, 0xff, 0xff, 0xff, 0xff, 0xff, 0xff, 0xff, 0xff, 0xff, 0xff, 0xff, 0xff, 0xff, 
0xff, 0xff, 0xff, 0xff, 0xff, 0xff, 0xff, 0xff, 0xff, 0xff, 0xff, 0xff, 0xff, 0xff, 0xff, 0xff, 
0xff, 0xff, 0xff, 0xff, 0xff, 0xff, 0xff, 0xff, 0xff, 0xff, 0xff, 0xff, 0xff, 0xff, 0xff, 0xff, 
0xff, 0xff, 0xff, 0xff, 0xff, 0xff, 0xff, 0xff, 0xff, 0xff, 0xff, 0xff, 0xff, 0xff, 0xff, 0xff, 
0xff, 0xff, 0xff, 0xff, 0xff, 0xff, 0xff, 0xff, 0xff, 0xff, 0xff, 0xff, 0xff, 0xff, 0xff, 0xff, 
0xff, 0xff, 0xff, 0xff, 0xff, 0xff, 0xff, 0xff, 0xff, 0xff, 0xff, 0xff, 0xff, 0xff, 0xff, 0xff, 
0xff, 0xff, 0xff, 0xff, 0xff, 0xff, 0xff, 0xff, 0xff, 0xff, 0xff, 0xff, 0xff, 0xff, 0xff, 0xff, 
0xff, 0xff, 0xff, 0xff, 0xff, 0xff, 0xff, 0xff, 0xff, 0xff, 0xff, 0xff, 0xff, 0xff, 0xff, 0xff, 
0xff, 0xff, 0xff, 0xff, 0xff, 0xff, 0xff, 0xff, 0xff, 0xff, 0xff, 0xff, 0xff, 0xff, 0xff, 0xff, 
0xff, 0xff, 0xff, 0xff, 0xff, 0xff, 0xff, 0xff, 0xff, 0xff, 0xff, 0xff, 0xff, 0xff, 0xff, 0xff, 
0xff, 0xff, 0xff, 0xff, 0xff, 0xff, 0xff, 0xff, 0xff, 0xff, 0xff, 0xff, 0xff, 0xff, 0xff, 0xff, 
0xff, 0xff, 0xff, 0xff, 0xff, 0xff, 0xff, 0xff, 0xff, 0xff, 0xff, 0xff, 0xff, 0xff, 0xff, 0xff, 
0xff, 0xff, 0xff, 0xff, 0xff, 0xff, 0xff, 0xff, 0xff, 0xff, 0xff, 0xff, 0xff, 0xff, 0xff, 0xff, 
0xff, 0xff, 0xff, 0xff, 0xff, 0xff, 0xff, 0xff, 0xff, 0xff, 0xff, 0xff, 0xff, 0xff, 0xff, 0xff, 
0xff, 0xff, 0xff, 0xff, 0xff, 0xff, 0xff, 0xff, 0xff, 0xff, 0xff, 0xff, 0xff, 0xff, 0xff, 0xff, 
0xff, 0xff, 0xff, 0xff, 0xff, 0xff, 0xff, 0xff, 0xff, 0xff, 0xff, 0xff, 0xff, 0xff, 0xff, 0xff, 
0xff, 0xff, 0xff, 0xff, 0xff, 0xff, 0xff, 0xff, 0xff, 0xff, 0xff, 0xff, 0x00, 0x00, 0x00, 0x00, 
0x00, 0x44, 0x00, 0x00, 0xff, 0xff, 0xff, 0xff, 0xff, 0xff, 0xff, 0xff, 0xff, 0xff, 0xff, 0xff, 
0xff, 0xff, 0xff, 0xff, 0xff, 0xff, 0xff, 0xff, 0xff, 0xff, 0xff, 0xff, 0xff, 0xff, 0xff, 0xff, 
0xff, 0xff, 0xff, 0xff, 0xff, 0xff, 0xff, 0xff, 0xff, 0xff, 0xff, 0xff, 0xff, 0xff, 0xff, 0xff, 
0xff, 0xff, 0xff, 0xff, 0xff, 0xff, 0xff, 0xff, 0xff, 0xff, 0xff, 0xff, 0xff, 0xff, 0xff, 0xff, 
0xff, 0xff, 0xff, 0xff, 0xff, 0xff, 0xff, 0xff, 0xff, 0xff, 0xff, 0xff, 0xff, 0xff, 0xff, 0xff, 
0xff, 0xff, 0xff, 0xff, 0xff, 0xff, 0xff, 0xff, 0xff, 0xff, 0xff, 0xff, 0xff, 0xff, 0xff, 0xff, 
0xff, 0xff, 0xff, 0xff, 0xff, 0xff, 0xff, 0xff, 0xff, 0xff, 0xff, 0xff, 0xff, 0xff, 0xff, 0xff, 
0xff, 0xff, 0xff, 0xff, 0xff, 0xff, 0xff, 0xff, 0xff, 0xff, 0xff, 0xff, 0xff, 0xff, 0xff, 0xff, 
0xff, 0xff, 0xff, 0xff, 0xff, 0xff, 0xff, 0xff, 0xff, 0xff, 0xff, 0xff, 0xff, 0xff, 0xff, 0xff, 
0xff, 0xff, 0xff, 0xff, 0xff, 0xff, 0xff, 0xff, 0xff, 0xff, 0xff, 0xff, 0xff, 0xff, 0xff, 0xff, 
0xff, 0xff, 0xff, 0xff, 0xff, 0xff, 0xff, 0xff, 0xff, 0xff, 0xff, 0xff, 0xff, 0xff, 0xff, 0xff, 
0xff, 0xff, 0xff, 0xff, 0xff, 0xff, 0xff, 0xff, 0xff, 0xff, 0xff, 0xff, 0xff, 0xff, 0xff, 0xff, 
0xff, 0xff, 0xff, 0xff, 0xff, 0xff, 0xff, 0xff, 0xff, 0xff, 0xff, 0xff, 0xff, 0xff, 0xff, 0xff, 
0xff, 0xff, 0xff, 0xff, 0xff, 0xff, 0xff, 0xff, 0xff, 0xff, 0xff, 0xff, 0xff, 0xff, 0xff, 0xff, 
0xff, 0xff, 0xff, 0xff, 0xff, 0xff, 0xff, 0xff, 0xff, 0xff, 0xff, 0xff, 0xff, 0xff, 0xff, 0xff, 
0xff, 0xff, 0xff, 0xff, 0xff, 0xff, 0xff, 0xff, 0xff, 0xff, 0xff, 0xff, 0xff, 0xff, 0xff, 0xff, 
0xff, 0xff, 0xff, 0xff, 0xff, 0xff, 0xff, 0xff, 0xff, 0xff, 0xff, 0xff, 0xff, 0xff, 0xff, 0xff, 
0xff, 0xff, 0xff, 0xff, 0xff, 0xff, 0xff, 0xff, 0xff, 0xff, 0xff, 0xff, 0xff, 0xff, 0xff, 0xff, 
0xff, 0xff, 0xff, 0xff, 0xff, 0xff, 0xff, 0xff, 0xff, 0xff, 0xff, 0xff, 0xff, 0xff, 0xff, 0xff, 
0xff, 0xff, 0xff, 0xff, 0xff, 0xff, 0xff, 0xff, 0xff, 0xff, 0xff, 0xff, 0xff, 0xff, 0xff, 0xff, 
0xff, 0xff, 0xff, 0xff, 0xff, 0xff, 0xff, 0xff, 0xff, 0xff, 0xff, 0xff, 0xff, 0xff, 0xff, 0xff, 
0xff, 0xff, 0xff, 0xff, 0xff, 0xff, 0xff, 0xff, 0xff, 0xff, 0xff, 0xff, 0xff, 0xff, 0xff, 0xff, 
0xff, 0xff, 0xff, 0xff, 0xff, 0xff, 0xff, 0xff, 0xff, 0xff, 0xff, 0xff, 0xff, 0xff, 0xff, 0xff, 
0xff, 0xff, 0xff, 0xff, 0xff, 0xff, 0xff, 0xff, 0xff, 0xff, 0xff, 0xff, 0xff, 0xff, 0xff, 0xff, 
0xff, 0xff, 0xff, 0xff, 0xff, 0xff, 0xff, 0xff, 0xff, 0xff, 0xff, 0xff, 0xff, 0xff, 0xff, 0xff, 
0xff, 0xff, 0xff, 0xff, 0xff, 0xff, 0xff, 0xff, 0xff, 0xff, 0xff, 0xff, 0xff, 0xff, 0xff, 0xff, 
0xff, 0xff, 0xff, 0xff, 0xff, 0xff, 0xff, 0xff, 0xff, 0xff, 0xff, 0xff, 0xff, 0xff, 0xff, 0xff, 
0xff, 0xff, 0xff, 0xff, 0xff, 0xff, 0xff, 0xff, 0xff, 0xff, 0xff, 0xff, 0xff, 0xff, 0xff, 0xff, 
0xff, 0xff, 0xff, 0xff, 0xff, 0xff, 0xff, 0xff, 0xff, 0xff, 0xff, 0xff, 0xff, 0xff, 0xff, 0xff, 
0xff, 0xff, 0xff, 0xff, 0xff, 0xff, 0xff, 0xff, 0xff, 0xff, 0xff, 0xff, 0xff, 0xff, 0xff, 0xff, 
0xff, 0xff, 0xff, 0xff, 0xff, 0xff, 0xff, 0xff, 0xff, 0xff, 0xff, 0xff, 0xff, 0xff, 0xff, 0xff, 
0xff, 0xff, 0xff, 0xff, 0xff, 0xff, 0xff, 0xff, 0xff, 0xff, 0xff, 0xff, 0xff, 0xff, 0xff, 0xff, 
0xff, 0xff, 0xff, 0xff, 0xff, 0xff, 0xff, 0xff, 0xff, 0xff, 0xff, 0xff, 0xff, 0xff, 0xff, 0xff, 
0xff, 0xff, 0xff, 0xff, 0xff, 0xff, 0xff, 0xff, 0xff, 0xff, 0xff, 0xff, 0xff, 0xff, 0xff, 0xff, 
0xff, 0xff, 0xff, 0xff, 0xff, 0xff, 0xff, 0xff, 0xff, 0xff, 0xff, 0xff, 0xff, 0xff, 0xff, 0xff, 
0xff, 0xff, 0xff, 0xff, 0xff, 0xff, 0xff, 0xff, 0xff, 0xff, 0xff, 0xff, 0xff, 0xff, 0xff, 0xff, 
0xff, 0xff, 0xff, 0xff, 0xff, 0xff, 0xff, 0xff, 0xff, 0xff, 0xff, 0xff, 0xff, 0xff, 0xff, 0xff, 
0xff, 0xff, 0xff, 0xff, 0xff, 0xff, 0xff, 0xff, 0xff, 0xff, 0xff, 0xff, 0xff, 0xff, 0xff, 0xff, 
0xff, 0xff, 0xff, 0xff, 0xff, 0xff, 0xff, 0xff, 0xff, 0xff, 0xff, 0xff, 0xff, 0xff, 0xff, 0xff, 
0xff, 0xff, 0xff, 0xff, 0xff, 0xff, 0xff, 0xff, 0xff, 0xff, 0xff, 0xff, 0xff, 0xff, 0xff, 0xff, 
0xff, 0xff, 0xff, 0xff, 0xff, 0xff, 0xff, 0xff, 0xff, 0xff, 0xff, 0xff, 0xff, 0xff, 0xff, 0xff, 
0xff, 0xff, 0xff, 0xff, 0xff, 0xff, 0xff, 0xff, 0xff, 0xff, 0xff, 0xff, 0xff, 0xff, 0xff, 0xff, 
0xff, 0xff, 0xff, 0xff, 0xff, 0xff, 0xff, 0xff, 0xff, 0xff, 0xff, 0xff, 0xff, 0xff, 0xff, 0xff, 
0xff, 0xff, 0xff, 0xff, 0xff, 0xff, 0xff, 0xff, 0xff, 0xff, 0xff, 0xff, 0xff, 0xff, 0xff, 0xff, 
0xff, 0xff, 0xff, 0xff, 0xff, 0xff, 0xff, 0xff, 0xff, 0xff, 0xff, 0xff, 0xff, 0xff, 0xff, 0xff, 
0xff, 0xff, 0xff, 0xff, 0xff, 0xff, 0xff, 0xff, 0xff, 0xff, 0xff, 0xff, 0xff, 0xff, 0xff, 0xff, 
0xff, 0xff, 0xff, 0xff, 0xff, 0xff, 0xff, 0xff, 0xff, 0xff, 0xff, 0xff, 0xff, 0xff, 0xff, 0xff, 
0xff, 0xff, 0xff, 0xff, 0xff, 0xff, 0xff, 0xff, 0xff, 0xff, 0xff, 0xff, 0xff, 0xff, 0xff, 0xff, 
0xff, 0xff, 0xff, 0xff, 0xff, 0xff, 0xff, 0xff, 0xff, 0xff, 0xff, 0xff, 0xff, 0xff, 0xff, 0xff, 
0xff, 0xff, 0xff, 0xff, 0xff, 0xff, 0xff, 0xff, 0xff, 0xff, 0xff, 0xff, 0xff, 0xff, 0xff, 0xff, 
0xff, 0xff, 0xff, 0xff, 0xff, 0xff, 0xff, 0xff, 0xff, 0xff, 0xff, 0xff, 0xff, 0xff, 0xff, 0xff, 
0xff, 0xff, 0xff, 0xff, 0xff, 0xff, 0xff, 0xff, 0xff, 0xff, 0xff, 0xff, 0xff, 0xff, 0xff, 0xff, 
0xff, 0xff, 0xff, 0xff, 0xff, 0xff, 0xff, 0xff, 0xff, 0xff, 0xff, 0xff, 0xff, 0xff, 0xff, 0xff, 
0xff, 0xff, 0xff, 0xff, 0xff, 0xff, 0xff, 0xff, 0xff, 0xff, 0xff, 0xff, 0xff, 0xff, 0xff, 0xff, 
0xff, 0xff, 0xff, 0xff, 0xff, 0xff, 0xff, 0xff, 0xff, 0xff, 0xff, 0xff, 0xff, 0xff, 0xff, 0xff, 
0xff, 0xff, 0xff, 0xff, 0xff, 0xff, 0xff, 0xff, 0xff, 0xff, 0xff, 0xff, 0xff, 0xff, 0xff, 0xff, 
0xff, 0xff, 0xff, 0xff, 0xff, 0xff, 0xff, 0xff, 0xff, 0xff, 0xff, 0xff, 0xff, 0xff, 0xff, 0xff, 
0xff, 0xff, 0xff, 0xff, 0xff, 0xff, 0xff, 0xff, 0xff, 0xff, 0xff, 0xff, 0xff, 0xff, 0xff, 0xff, 
0xff, 0xff, 0xff, 0xff, 0xff, 0xff, 0xff, 0xff, 0xff, 0xff, 0xff, 0xff, 0xff, 0xff, 0xff, 0xff, 
0xff, 0xff, 0xff, 0xff, 0xff, 0xff, 0xff, 0xff, 0xff, 0xff, 0xff, 0xff, 0xff, 0xff, 0xff, 0xff, 
0xff, 0xff, 0xff, 0xff, 0xff, 0xff, 0xff, 0xff, 0xff, 0xff, 0xff, 0xff, 0xff, 0xff, 0xff, 0xff, 
0xff, 0xff, 0xff, 0xff, 0xff, 0xff, 0xff, 0xff, 0xff, 0xff, 0xff, 0xff, 0xff, 0xff, 0xff, 0xff, 
0xff, 0xff, 0xff, 0xff, 0xff, 0xff, 0xff, 0xff, 0xff, 0xff, 0xff, 0xff, 0xff, 0xff, 0xff, 0xff, 
0xff, 0xff, 0xff, 0xff, 0xff, 0xff, 0xff, 0xff, 0xff, 0xff, 0xff, 0xff, 0x00, 0x00, 0x00, 0x00, 
0x01, 0x00, 0xe0, 0xac, 0xfe, 0xff, 0xff, 0xff, 0x80, 0x06, 0x00, 0x00, 0xc0, 0x30, 0x00, 0x00, 
0x89, 0xff, 0x9e, 0x6b, 0x00, 0x00, 0x00, 0x00, 0xff, 0xff, 0xff, 0xff, 0xff, 0xff, 0xff, 0xff, 
0xff, 0xff, 0xff, 0xff, 0xff, 0xff, 0xff, 0xff, 0xff, 0xff, 0xff, 0xff, 0xff, 0xff, 0xff, 0xff, 
0xff, 0xff, 0xff, 0xff, 0x59, 0x11, 0x09, 0xf8, 0xff, 0xff, 0xff, 0xff, 0xff, 0xff, 0xff, 0xff, 
0xff, 0xff, 0xff, 0xff, 0x00, 0x06, 0x00, 0x00, 0x80, 0x00, 0x00, 0x00, 0xff, 0xff, 0xff, 0xff, 
0xff, 0xff, 0xff, 0xff, 0xff, 0xff, 0xff, 0xff, 0xff, 0xff, 0xff, 0xff, 0xff, 0xff, 0xff, 0xff, 
0xff, 0xff, 0xff, 0xff, 0xff, 0xff, 0xff, 0xff, 0xff, 0xff, 0xff, 0xff, 0xff, 0xff, 0xff, 0xff, 
0xff, 0xff, 0xff, 0xff, 0xff, 0xff, 0xff, 0xff, 0xff, 0xff, 0xff, 0xff, 0xff, 0xff, 0xff, 0xff, 
0x01, 0x00, 0x73, 0x02, 0x32, 0x5c, 0xe4, 0x55, 0x00, 0x00, 0x00, 0x00, 0x00, 0x00, 0x00, 0x00, 
0x31, 0x20, 0x20, 0x20, 0xfa, 0x64, 0x32, 0x00, 0x1a, 0x00, 0x0f, 0x16, 0x00, 0x0a, 0x3a, 0x72, 
0xb6, 0x4d, 0xdf, 0x4c, 0x00, 0x00, 0x06, 0x00, 0x07, 0x0f, 0x17, 0x00, 0x0a, 0x00, 0x00, 0x00, 
0x00, 0x00, 0x00, 0x00, 0x00, 0x00, 0x00, 0x02, 0x0f, 0x27, 0x00, 0x0d, 0x04, 0x08, 0x12, 0x8c, 
0x19, 0x47, 0x1a, 0x00, 0x50, 0x51, 0x00, 0x00, 0x00, 0x00, 0x0f, 0x28, 0x00, 0x10, 0x00, 0x08, 
0x0c, 0x01, 0x00, 0x00, 0x00, 0x00, 0x00, 0x00, 0x00, 0x00, 0x00, 0x00, 0x00, 0x00, 0x03, 0x0f, 
0x29, 0x00, 0x03, 0x30, 0x30, 0x80, 0x00, 0x0f, 0x2b, 0x00, 0x07, 0x08, 0x00, 0x00, 0x00, 0x04, 
0x00, 0x00, 0x00, 0x0f, 0x32, 0x00, 0x3e, 0x00, 0xa8, 0x2a, 0x00, 0x90, 0x01, 0x24, 0x2c, 0xd1, 
0x02, 0x00, 0x2c, 0xb1, 0x04, 0x00, 0xf4, 0x41, 0x06, 0x00, 0xf4, 0xb1, 0x04, 0xe0, 0x00, 0x00, 
0x00, 0x00, 0x00, 0x00, 0x00, 0x00, 0x00, 0x00, 0x00, 0x00, 0x00, 0x00, 0x00, 0x00, 0x00, 0x00, 
0x00, 0x00, 0x00, 0x00, 0x00, 0x00, 0x00, 0x00, 0x00, 0x00, 0x00, 0x00, 0x00, 0x00, 0xaa, 0x0a, 
0x00, 0x00, 0x00, 0x00, 0x00, 0x00, 0x0f, 0x33, 0x00, 0x34, 0x25, 0x2c, 0x91, 0x01, 0x10, 0x2c, 
0xd1, 0x02, 0x00, 0x2c, 0xb1, 0x04, 0x00, 0xf4, 0x41, 0x06, 0x00, 0x64, 0x23, 0xa4, 0xc1, 0x00, 
0x00, 0x00, 0x00, 0x00, 0x00, 0x00, 0x00, 0xf4, 0xc1, 0x08, 0x00, 0xf4, 0x41, 0x0b, 0x00, 0xf4, 
0x01, 0x0f, 0x00, 0xf0, 0x96, 0xc0, 0xd3, 0x00, 0x00, 0x00, 0x00, 0x00, 0x00, 0x00, 0x00, 0x0f, 
0x37, 0x00, 0x17, 0x0a, 0x40, 0x9f, 0x02, 0xc0, 0x1b, 0x01, 0x00, 0x00, 0x00, 0x00, 0x00, 0x00, 
0x00, 0x00, 0x00, 0x00, 0x00, 0x00, 0x00, 0x00, 0x00, 0x00, 0x00, 0x0f, 0x42, 0x00, 0x03, 0x1a, 
0x00, 0x0a, 0x00, 0x0f, 0x47, 0x00, 0x30, 0x04, 0x51, 0x04, 0x40, 0x50, 0x00, 0x00, 0x00, 0x00, 
0x11, 0x09, 0x00, 0x00, 0x40, 0x00, 0x00, 0x61, 0x00, 0x00, 0x00, 0x00, 0x00, 0x00, 0x00, 0x43, 
0x00, 0x00, 0x00, 0x00, 0x00, 0x00, 0x00, 0x00, 0x00, 0x00, 0x00, 0x00, 0x00, 0x00, 0x00, 0x00, 
0x00, 0x00, 0x00, 0x00, 0x00, 0x00, 0x00, 0x00, 0x0f, 0x55, 0x00, 0x03, 0x18, 0x04, 0x00, 0x00, 
0x0f, 0x56, 0x00, 0x01, 0x02, 0x00, 0x0f, 0x5c, 0x00, 0x30, 0x0e, 0x00, 0x00, 0x00, 0x00, 0x00, 
0x00, 0x00, 0x00, 0x00, 0x00, 0x00, 0x00, 0x00, 0x00, 0x00, 0x00, 0x00, 0x00, 0x00, 0x00, 0x00, 
0x00, 0x00, 0x00, 0x00, 0x00, 0x00, 0x00, 0x00, 0x00, 0x00, 0x04, 0x00, 0x00, 0x00, 0x00, 0x4b, 
0x5c, 0x4c, 0x00, 0x00, 0x00, 0x00, 0x00, 0x00, 0x00, 0x00, 0x00, 0x0f, 0x62, 0x00, 0x07, 0x00, 
0x00, 0x01, 0x30, 0x00, 0x00, 0x00, 0x00, 0x0f, 0x70, 0x00, 0x00, 0x05, 0x0f, 0x78, 0x00, 0x03, 
0x00, 0x00, 0x00, 0x80, 0x0f, 0x7b, 0x00, 0x0f, 0x00, 0x02, 0xff, 0xff, 0x00, 0x00, 0x00, 0x00, 
0x00, 0x00, 0x00, 0x00, 0x00, 0x00, 0x00, 0x00, 0x0f, 0x7e, 0x00, 0x0d, 0x01, 0x00, 0x00, 0x00, 
0x00, 0x00, 0x00, 0x02, 0x0f, 0x64, 0x64, 0x64, 0xf0, 0xf0, 0x0f, 0x95, 0x00, 0x36, 0x20, 0x4e, 
0x00, 0x00, 0xb0, 0xcb, 0xfc, 0xff, 0x50, 0xc3, 0x00, 0x00, 0xe0, 0xb1, 0xff, 0xff, 0x0a, 0x0c, 
0x0a, 0x09, 0x00, 0x00, 0x00, 0x00, 0x00, 0x00, 0x00, 0x00, 0x00, 0x00, 0x00, 0x00, 0x00, 0x00, 
0x00, 0x00, 0x00, 0x0a, 0x0a, 0x0c, 0x09, 0x01, 0x00, 0x01, 0x00, 0x01, 0x01, 0x01, 0x00, 0x00, 
0x00, 0x01, 0x00, 0x00, 0x00, 0x0f, 0x97, 0x00, 0x05, 0x0a, 0x01, 0x01, 0x0c, 0x36, 0x00, 0x64, 
0x00, 0x64, 0x00, 0x64, 0x00, 0x64, 0x00, 0x64, 0x00, 0x64, 0x00, 0x64, 0x00, 0x64, 0x00, 0x64, 
0x00, 0x64, 0x00, 0x64, 0x00, 0x64, 0x00, 0x64, 0x00, 0x64, 0x00, 0x64, 0x00, 0x64, 0x00, 0x64, 
0x00, 0x64, 0x00, 0x64, 0x00, 0x64, 0x00, 0x64, 0x00, 0x64, 0x00, 0x64, 0x00, 0x64, 0x00, 0x64, 
0x00, 0x64, 0x00, 0x64, 0x00, 0x64, 0x00, 0x64, 0x00, 0x64, 0x00, 0x64, 0x00, 0x64, 0x00, 0x64, 
0x00, 0x64, 0x00, 0x64, 0x00, 0x64, 0x00, 0x64, 0x00, 0x64, 0x00, 0x64, 0x00, 0x64, 0x00, 0x64, 
0x00, 0x64, 0x00, 0x64, 0x00, 0x64, 0x00, 0x64, 0x00, 0x64, 0x00, 0x64, 0x00, 0x64, 0x00, 0x64, 
0x00, 0x64, 0x00, 0x00, 0x00, 0x00, 0x00, 0x00, 0x00, 0x00, 0x00, 0x00, 0x00, 0x00, 0x00, 0x00, 
0x00, 0x00, 0x00, 0x00, 0x00, 0x00, 0x00, 0x00, 0x00, 0x00, 0x00, 0x00, 0x00, 0x00, 0x00, 0x00, 
0x00, 0x00, 0x00, 0x00, 0x00, 0x00, 0x00, 0x00, 0x00, 0x00, 0x00, 0x00, 0x00, 0x00, 0x00, 0x00, 
0x00, 0x00, 0x00, 0x00, 0x00, 0x00, 0x00, 0x00, 0x00, 0x00, 0x00, 0x00, 0x00, 0x00, 0x00, 0x00, 
0x00, 0x00, 0x00, 0x00, 0x00, 0x00, 0x00, 0x00, 0x00, 0x00, 0x00, 0x00, 0x00, 0x00, 0x00, 0x00, 
0x00, 0x00, 0x00, 0x00, 0x00, 0x00, 0x00, 0x00, 0x00, 0x00, 0x00, 0x00, 0x00, 0x00, 0x00, 0x00, 
0x00, 0x00, 0x00, 0x00, 0x00, 0x00, 0x00, 0x00, 0x00, 0x00, 0x00, 0x00, 0x00, 0x00, 0x00, 0x00, 
0x00, 0x00, 0x00, 0x00, 0x00, 0x00, 0x00, 0x00, 0x00, 0x00, 0x00, 0x00, 0x00, 0x00, 0x00, 0x00, 
0x00, 0x00, 0x00, 0x00, 0x00, 0x00, 0x00, 0x00, 0x00, 0x00, 0x00, 0x00, 0x00, 0x00, 0x00, 0x00, 
0x00, 0x00, 0x00, 0x00, 0x00, 0x00, 0x00, 0x00, 0x00, 0x00, 0x00, 0x00, 0x00, 0x00, 0x00, 0x00, 
0x00, 0x00, 0x00, 0x00, 0x00, 0x00, 0x00, 0x00, 0x00, 0x00, 0x00, 0x00, 0x00, 0x00, 0x00, 0x00, 
0x00, 0x00, 0x00, 0x00, 0x00, 0x00, 0x00, 0x00, 0x00, 0x00, 0x00, 0x00, 0x00, 0x00, 0x00, 0x00, 
0x00, 0x00, 0x00, 0x00, 0x00, 0x00, 0x00, 0x00, 0x00, 0x00, 0x00, 0x00, 0x00, 0x00, 0x00, 0x00, 
0x00, 0x00, 0x00, 0x00, 0x00, 0x00, 0x00, 0x00, 0x00, 0x00, 0x00, 0x00, 0x00, 0x00, 0x00, 0x00, 
0x00, 0x00, 0x00, 0x00, 0x00, 0x00, 0x00, 0x00, 0x00, 0x00, 0x00, 0x00, 0x00, 0x00, 0x00, 0x00, 
0x00, 0x00, 0x00, 0x00, 0x00, 0x00, 0x00, 0x00, 0x00, 0x00, 0x00, 0x00, 0x00, 0x00, 0x00, 0x00, 
0x00, 0x00, 0x00, 0x00, 0x00, 0x00, 0x00, 0x00, 0x00, 0x00, 0x00, 0x00, 0x00, 0x00, 0x00, 0x00, 
0x00, 0x00, 0x00, 0x00, 0x00, 0x00, 0x00, 0x00, 0x00, 0x00, 0x00, 0x00, 0x00, 0x00, 0x00, 0x00, 
0x00, 0x00, 0x00, 0x00, 0x00, 0x00, 0x00, 0x00, 0x00, 0x00, 0x00, 0x00, 0x00, 0x00, 0x00, 0x00, 
0x00, 0x00, 0x00, 0x00, 0x00, 0x00, 0x00, 0x00, 0x00, 0x00, 0x00, 0x00, 0x00, 0x00, 0x00, 0x00, 
0x00, 0x00, 0x00, 0x00, 0x00, 0x00, 0x00, 0x00, 0x00, 0x00, 0x00, 0x00, 0x00, 0x00, 0x00, 0x00, 
0x00, 0x00, 0x00, 0x00, 0x00, 0x00, 0x00, 0x00, 0x00, 0x00, 0x00, 0x00, 0x00, 0x00, 0x00, 0x00, 
0x00, 0x00, 0x00, 0x00, 0x00, 0x00, 0x00, 0x00, 0x00, 0x00, 0x00, 0x00, 0x00, 0x00, 0x00, 0x00, 
0x00, 0x00, 0x00, 0x00, 0x00, 0x00, 0x00, 0x00, 0x00, 0x00, 0x00, 0x00, 0x00, 0x00, 0x00, 0x00, 
0x00, 0x00, 0x00, 0x00, 0x00, 0x00, 0x00, 0x00, 0x00, 0x00, 0x00, 0x00, 0x00, 0x00, 0x00, 0x00, 
0x00, 0x00, 0x00, 0x00, 0x00, 0x00, 0x00, 0x00, 0x00, 0x00, 0x00, 0x00, 0x00, 0x00, 0x00, 0x00, 
0x00, 0x00, 0x00, 0x00, 0x00, 0x00, 0x00, 0x00, 0x00, 0x00, 0x00, 0x00, 0x00, 0x00, 0x00, 0x00, 
0x00, 0x00, 0x00, 0x00, 0x00, 0x00, 0x00, 0x00, 0x00, 0x00, 0x00, 0x00, 0x00, 0x00, 0x00, 0x00, 
0x00, 0x00, 0x00, 0x00, 0x00, 0x00, 0x00, 0x00, 0x00, 0x00, 0x00, 0x00, 0x00, 0x00, 0x00, 0x00, 
0x00, 0x00, 0x00, 0x00, 0x00, 0x00, 0x00, 0x00, 0x00, 0x00, 0x00, 0x00, 0x00, 0x00, 0x00, 0x00, 
0x00, 0x00, 0x00, 0x00, 0x00, 0x00, 0x00, 0x00, 0x00, 0x00, 0x00, 0x00, 0x00, 0x00, 0x00, 0x00, 
0x00, 0x00, 0x00, 0x00, 0x00, 0x00, 0x00, 0x00, 0x00, 0x00, 0x00, 0x00, 0x00, 0x00, 0x00, 0x00, 
0x00, 0x00, 0x00, 0x00, 0x00, 0x00, 0x00, 0x00, 0x00, 0x00, 0x00, 0x00, 0x00, 0x00, 0x00, 0x00, 
0x00, 0x00, 0x00, 0x00, 0x00, 0x00, 0x00, 0x00, 0x00, 0x00, 0x00, 0x00, 0x00, 0x00, 0x00, 0x00, 
0x00, 0x00, 0x00, 0x00, 0x00, 0x00, 0x00, 0x00, 0x00, 0x00, 0x00, 0x00, 0x00, 0x00, 0x00, 0x00, 
0x00, 0x00, 0x00, 0x00, 0x00, 0x00, 0x00, 0x00, 0x00, 0x00, 0x00, 0x00, 0x00, 0x00, 0x00, 0x00, 
0x00, 0x00, 0x00, 0x00, 0x00, 0x00, 0x00, 0x00, 0x00, 0x00, 0x00, 0x00, 0x00, 0x00, 0x00, 0x00, 
0x00, 0x00, 0x00, 0x00, 0x00, 0x00, 0x00, 0x00, 0x00, 0x00, 0x00, 0x00, 0x00, 0x00, 0x00, 0x00, 
0x00, 0x00, 0x00, 0x00, 0x00, 0x00, 0x00, 0x00, 0x00, 0x00, 0x00, 0x00, 0x00, 0x00, 0x00, 0x00, 
0x00, 0x00, 0x00, 0x00, 0x00, 0x00, 0x00, 0x00, 0x00, 0x00, 0x00, 0x00, 0x00, 0x00, 0x00, 0x00, 
0x00, 0x00, 0x00, 0x00, 0x00, 0x00, 0x00, 0x00, 0x00, 0x00, 0x00, 0x00, 0x00, 0x00, 0x00, 0x00, 
0x00, 0x00, 0x00, 0x00, 0x00, 0x00, 0x00, 0x00, 0x00, 0x00, 0x00, 0x00, 0x00, 0x00, 0x00, 0x00, 
0x00, 0x00, 0x00, 0x00, 0x00, 0x00, 0x00, 0x00, 0x00, 0x00, 0x00, 0x00, 0x00, 0x00, 0x00, 0x00, 
0x00, 0x00, 0x00, 0x00, 0x00, 0x00, 0x00, 0x00, 0x00, 0x00, 0x00, 0x00, 0x00, 0x00, 0x00, 0x00, 
0x00, 0x00, 0x00, 0x00, 0x00, 0x00, 0x00, 0x00, 0x00, 0x00, 0x00, 0x00, 0x00, 0x00, 0x00, 0x00, 
0x00, 0x00, 0x00, 0x00, 0x00, 0x00, 0x00, 0x00, 0x00, 0x00, 0x00, 0x00, 0x00, 0x00, 0x00, 0x00, 
0x00, 0x00, 0x00, 0x00, 0x00, 0x00, 0x00, 0x00, 0x00, 0x00, 0x00, 0x00, 0x00, 0x00, 0x00, 0x00, 
0x00, 0x00, 0x00, 0x00, 0x00, 0x00, 0x00, 0x00, 0x00, 0x00, 0x00, 0x00, 0x00, 0x00, 0x00, 0x00, 
0x00, 0x00, 0x00, 0x00, 0x00, 0x00, 0x00, 0x00, 0x00, 0x00, 0x00, 0x00, 0x00, 0x00, 0x00, 0x00, 
0x00, 0x00, 0x00, 0x00, 0x00, 0x00, 0x00, 0x00, 0x00, 0x00, 0x00, 0x00, 0x00, 0x00, 0x00, 0x00, 
0x00, 0x00, 0x00, 0x00, 0x00, 0x00, 0x00, 0x00, 0x00, 0x00, 0x00, 0x00, 0x00, 0x00, 0x00, 0x00, 
0x00, 0x00, 0x00, 0x00, 0x00, 0x00, 0x00, 0x00, 0x00, 0x00, 0x00, 0x00, 0x00, 0x00, 0x00, 0x00, 
0x00, 0x00, 0x00, 0x00, 0x00, 0x00, 0x00, 0x00, 0x00, 0x00, 0x00, 0x00, 0x00, 0x00, 0x00, 0x00, 
0x00, 0x00, 0x00, 0x00, 0x00, 0x00, 0x00, 0x00, 0x00, 0x00, 0x00, 0x00, 0x00, 0x00, 0x00, 0x00, 
0x00, 0x00, 0x00, 0x00, 0x00, 0x00, 0x00, 0x00, 0x00, 0x00, 0x00, 0x00, 0x00, 0x00, 0x00, 0x00, 
0x00, 0x00, 0x00, 0x00, 0x00, 0x00, 0x00, 0x00, 0x00, 0x00, 0x00, 0x00, 0x00, 0x00, 0x00, 0x00, 
0x00, 0x00, 0x00, 0x00, 0x00, 0x00, 0x00, 0x00, 0x00, 0x00, 0x00, 0x00, 0x00, 0x00, 0x00, 0x00, 
0xc8, 0x2f, 0x04, 0x00, 0x58, 0x00, 0x00, 0x00, 0x44, 0x5b, 0x04, 0x20, 0x40, 0x5b, 0x04, 0x20, 
0x44, 0x5b, 0x04, 0x20, 0x79, 0x2b, 0x04, 0x20, 0x05, 0xb1, 0x59, 0x00, 0x00, 0x11, 0x09, 0xf8, 
0x91, 0x63, 0x0f, 0x9f, 0xad, 0x06, 0x34, 0x02, 0x00, 0x00, 0x00, 0x00, 0xc0, 0x30, 0x04, 0x20, 
0x00, 0x00, 0x00, 0x00, 0x00, 0x00, 0x00, 0x00, 0x00, 0x00, 0x00, 0x00, 0x87, 0xc6, 0xdf, 0xf9, 
0xf0, 0xb5, 0x80, 0x4d, 0x87, 0xb0, 0x7e, 0x48, 0x28, 0x62, 0x80, 0x4e, 0x7e, 0x48, 0x05, 0x96, 
0xf0, 0x61, 0x2b, 0x46, 0x7e, 0x48, 0xc0, 0x3b, 0x58, 0x63, 0x7e, 0x48, 0x98, 0x62, 0x7f, 0x49, 
0x7d, 0x48, 0x48, 0x62, 0x7f, 0x4a, 0x7e, 0x48, 0x10, 0x62, 0xff, 0x3a, 0x81, 0x3a, 0x7e, 0x48, 
0x04, 0x92, 0x90, 0x60, 0x7e, 0x48, 0x7d, 0x4a, 0x7f, 0x4c, 0x42, 0x62, 0x7d, 0x4e, 0x66, 0x66, 
0x22, 0x46, 0x60, 0x32, 0x7d, 0x4c, 0x7c, 0x4e, 0xd4, 0x60, 0xc0, 0x36, 0x7c, 0x4c, 0x00, 0x96, 
0x74, 0x60, 0x7c, 0x4c, 0x94, 0x61, 0x7c, 0x4c, 0x04, 0x63, 0x0e, 0x46, 0x7b, 0x4c, 0xc0, 0x3e, 
0xf4, 0x62, 0x7c, 0x4e, 0x7a, 0x4c, 0x34, 0x63, 0x07, 0x46, 0xc0, 0x3f, 0x7a, 0x4c, 0x03, 0x97, 
0x3c, 0x62, 0x7a, 0x4c, 0x84, 0x62, 0x7a, 0x4c, 0x8c, 0x62, 0xb6, 0x46, 0x79, 0x4c, 0xcc, 0x61, 
0xff, 0x36, 0x01, 0x36, 0x78, 0x4c, 0x02, 0x96, 0x34, 0x61, 0x6b, 0x4e, 0x77, 0x4c, 0xf4, 0x64, 
0x77, 0x4c, 0x2c, 0x60, 0x77, 0x4c, 0x1f, 0x46, 0x40, 0x37, 0x3c, 0x60, 0x06, 0x46, 0x40, 0x36, 
0x75, 0x4c, 0x01, 0x96, 0xb4, 0x61, 0x75, 0x4c, 0xc4, 0x63, 0x75, 0x4c, 0x84, 0x61, 0x62, 0x4c, 
0x74, 0x4e, 0xa0, 0x34, 0x26, 0x60, 0x74, 0x4e, 0x66, 0x60, 0xbc, 0x46, 0x00, 0x9e, 0x73, 0x4f, 
0xb7, 0x61, 0x73, 0x4e, 0xee, 0x61, 0x5c, 0x4e, 0x72, 0x4d, 0x75, 0x62, 0x55, 0x4e, 0x72, 0x4d, 
0x40, 0x36, 0x00, 0x96, 0x35, 0x61, 0x72, 0x4e, 0x70, 0x4d, 0x35, 0x60, 0x71, 0x4d, 0xcd, 0x60, 
0x05, 0x9e, 0x71, 0x4d, 0xb5, 0x62, 0x71, 0x4d, 0x67, 0x46, 0xfd, 0x63, 0x1e, 0x46, 0x70, 0x4d, 
0x80, 0x36, 0x35, 0x60, 0x80, 0x36, 0x6f, 0x4d, 0x05, 0x96, 0x35, 0x61, 0x6e, 0x4d, 0x40, 0x36, 
0x35, 0x60, 0x6e, 0x4d, 0x9d, 0x63, 0x6e, 0x4d, 0xdd, 0x63, 0x6e, 0x4b, 0x3b, 0x61, 0x05, 0x46, 
0x6d, 0x4b, 0x80, 0x3d, 0x6b, 0x62, 0x03, 0x9f, 0x6c, 0x4b, 0x3b, 0x63, 0x6c, 0x4b, 0x60, 0x4d, 
0x0b, 0x61, 0x6c, 0x4b, 0xe4, 0x35, 0x6b, 0x60, 0x6b, 0x4d, 0x6c, 0x4b, 0x49, 0x4f, 0x1d, 0x60, 
0x6b, 0x4d, 0xdd, 0x61, 0x6b, 0x4d, 0xb5, 0x60, 0x6b, 0x4d, 0x40, 0x37, 0xbd, 0x62, 0x02, 0x9e, 
0x6a, 0x4d, 0x75, 0x63, 0x6a, 0x4d, 0x15, 0x61, 0x6a, 0x4a, 0x0a, 0x62, 0x01, 0x9e, 0x6a, 0x49, 
0x71, 0x61, 0x00, 0x9e, 0x69, 0x49, 0x71, 0x62, 0x37, 0x4a, 0x69, 0x49, 0x91, 0x60, 0x50, 0x4a, 
0x68, 0x49, 0x64, 0x32, 0x51, 0x60, 0x1a, 0x46, 0x67, 0x49, 0x40, 0x3a, 0xd1, 0x60, 0x67, 0x49, 
0x76, 0x46, 0xb1, 0x61, 0x66, 0x49, 0x79, 0x61, 0x66, 0x49, 0x61, 0x61, 0x21, 0x46, 0x66, 0x4a, 
0x40, 0x31, 0x8a, 0x60, 0x65, 0x4a, 0xca, 0x60, 0x04, 0x9a, 0x65, 0x49, 0x11, 0x61, 0x05, 0x9e, 
0x64, 0x49, 0x71, 0x60, 0x64, 0x49, 0x41, 0x63, 0x64, 0x48, 0x76, 0x46, 0xf0, 0x61, 0x64, 0x48, 
0x1e, 0x49, 0x58, 0x61, 0x63, 0x48, 0x80, 0x39, 0x08, 0x62, 0x63, 0x48, 0x80, 0x78, 0x00, 0x28, 
0x09, 0xd0, 0x62, 0x48, 0xc1, 0x68, 0x00, 0x29, 0x02, 0xd0, 0x80, 0x68, 0x02, 0xf0, 0x1c, 0xfc, 
0x5f, 0x49, 0x07, 0x20, 0x08, 0x70, 0x5f, 0x48, 0x5f, 0x4a, 0xc1, 0x78, 0x13, 0x8f, 0x09, 0x07, 
0x09, 0x0f, 0x30, 0x31, 0x09, 0x09, 0xdb, 0x06, 0x09, 0x01, 0x1b, 0x0f, 0x19, 0x43, 0xc1, 0x70, 
0x81, 0x78, 0x92, 0x8e, 0x09, 0x07, 0x09, 0x0f, 0x10, 0x31, 0x09, 0x09, 0x52, 0x06, 0x09, 0x01, 
0x12, 0x0f, 0x11, 0x43, 0x81, 0x70, 0x02, 0xf0, 0x05, 0xfc, 0x07, 0xb0, 0xf0, 0xbd, 0x00, 0x00, 
0xd3, 0x46, 0x04, 0x20, 0x78, 0x0d, 0x04, 0x20, 0xc1, 0x36, 0x04, 0x20, 0xf8, 0x05, 0x04, 0x20, 
0x25, 0x44, 0x04, 0x20, 0x2d, 0x44, 0x04, 0x20, 0x85, 0x33, 0x04, 0x20, 0xf8, 0x11, 0x04, 0x20, 
0x11, 0x3f, 0x04, 0x20, 0xf8, 0x09, 0x04, 0x20, 0x63, 0x3c, 0x04, 0x20, 0x19, 0x4a, 0x04, 0x20, 
0xb8, 0x0f, 0x04, 0x20, 0x75, 0x3f, 0x04, 0x20, 0xa8, 0x00, 0x04, 0x20, 0x3b, 0x40, 0x04, 0x20, 
0xe5, 0x41, 0x04, 0x20, 0xab, 0x3a, 0x04, 0x20, 0x9d, 0x49, 0x04, 0x20, 0x29, 0x37, 0x04, 0x20, 
0xb9, 0x38, 0x04, 0x20, 0xb8, 0x08, 0x04, 0x20, 0x85, 0x48, 0x04, 0x20, 0xb7, 0x49, 0x04, 0x20, 
0xc5, 0x2e, 0x04, 0x20, 0x95, 0x2f, 0x04, 0x20, 0xe1, 0x38, 0x04, 0x20, 0x21, 0x39, 0x04, 0x20, 
0x39, 0x46, 0x04, 0x20, 0x4f, 0x45, 0x04, 0x20, 0xaf, 0x4c, 0x04, 0x20, 0x39, 0x50, 0x04, 0x20, 
0x4b, 0x54, 0x04, 0x20, 0x83, 0x39, 0x04, 0x20, 0x99, 0x39, 0x04, 0x20, 0xd9, 0x39, 0x04, 0x20, 
0x7d, 0x46, 0x04, 0x20, 0xfb, 0x39, 0x04, 0x20, 0x41, 0x3a, 0x04, 0x20, 0x55, 0x3a, 0x04, 0x20, 
0xe4, 0x02, 0x04, 0x20, 0x95, 0x30, 0x04, 0x20, 0xed, 0x36, 0x04, 0x20, 0xdd, 0x45, 0x04, 0x20, 
0x0b, 0x46, 0x04, 0x20, 0x2d, 0x48, 0x04, 0x20, 0xa5, 0x47, 0x04, 0x20, 0xad, 0x44, 0x04, 0x20, 
0xff, 0x44, 0x04, 0x20, 0x03, 0x45, 0x04, 0x20, 0xc7, 0x48, 0x04, 0x20, 0xdb, 0x48, 0x04, 0x20, 
0x83, 0x33, 0x04, 0x20, 0x07, 0x3b, 0x04, 0x20, 0xb3, 0x42, 0x04, 0x20, 0x38, 0x0c, 0x04, 0x20, 
0x6d, 0x42, 0x04, 0x20, 0x05, 0x47, 0x04, 0x20, 0x5d, 0x3b, 0x04, 0x20, 0x85, 0x41, 0x04, 0x20, 
0x99, 0x41, 0x04, 0x20, 0xd1, 0x33, 0x04, 0x20, 0x9b, 0x54, 0x04, 0x20, 0x4b, 0x38, 0x04, 0x20, 
0x99, 0x38, 0x04, 0x20, 0x91, 0x3b, 0x04, 0x20, 0x99, 0x3c, 0x04, 0x20, 0xa1, 0x3b, 0x04, 0x20, 
0x87, 0x3d, 0x04, 0x20, 0x05, 0x3e, 0x04, 0x20, 0x2b, 0x3e, 0x04, 0x20, 0x47, 0x3e, 0x04, 0x20, 
0x65, 0x3e, 0x04, 0x20, 0x35, 0x47, 0x04, 0x20, 0xd7, 0x54, 0x04, 0x20, 0x9d, 0x3e, 0x04, 0x20, 
0x77, 0x43, 0x04, 0x20, 0xcf, 0x43, 0x04, 0x20, 0x44, 0x2a, 0x04, 0x20, 0x1c, 0x2b, 0x04, 0x20, 
0x60, 0x2a, 0x04, 0x20, 0x58, 0x00, 0x04, 0x20, 0x70, 0x1d, 0x04, 0x20, 0x70, 0xb5, 0x0d, 0x46, 
0x04, 0x46, 0x35, 0x21, 0x01, 0xf0, 0x52, 0xfc, 0x00, 0x28, 0x30, 0xd1, 0xc5, 0x20, 0xc0, 0x00, 
0xfc, 0x49, 0x60, 0x43, 0x42, 0x18, 0x09, 0x20, 0x80, 0x01, 0x10, 0x18, 0x00, 0x7f, 0x01, 0x28, 
0x10, 0xd0, 0x13, 0x20, 0x40, 0x01, 0x10, 0x18, 0xc0, 0x7d, 0x01, 0x28, 0x0a, 0xd0, 0x00, 0x2d, 
0x23, 0x46, 0x02, 0xd0, 0x01, 0x22, 0x11, 0x46, 0x01, 0xe0, 0x01, 0x22, 0x00, 0x21, 0x8e, 0x20, 
0x02, 0xf0, 0x3e, 0xfb, 0x20, 0x46, 0x02, 0xf0, 0x41, 0xfb, 0x00, 0x28, 0x0f, 0xd0, 0x00, 0x2d, 
0x02, 0xd0, 0x00, 0x22, 0x84, 0x21, 0x07, 0xe0, 0xeb, 0x48, 0x01, 0x5d, 0x0b, 0x29, 0x06, 0xd0, 
0x0a, 0x29, 0x04, 0xd0, 0x00, 0x22, 0x85, 0x21, 0x20, 0x46, 0x02, 0xf0, 0x35, 0xfb, 0x70, 0xbd, 
0x70, 0xb5, 0x04, 0x46, 0x00, 0x21, 0x02, 0xf0, 0x35, 0xfb, 0xef, 0xf3, 0x10, 0x80, 0xc5, 0x07, 
0xed, 0x0f, 0x72, 0xb6, 0x20, 0x46, 0x02, 0xf0, 0x33, 0xfb, 0x00, 0x28, 0x09, 0xd0, 0xde, 0x48, 
0x01, 0x5d, 0x3a, 0x29, 0x01, 0xd0, 0x2d, 0x29, 0x14, 0xd1, 0x20, 0x46, 0x02, 0xf0, 0x2e, 0xfb, 
0x10, 0xe0, 0xc5, 0x20, 0xc0, 0x00, 0xd7, 0x49, 0x60, 0x43, 0x41, 0x18, 0x0f, 0x20, 0x80, 0x01, 
0x08, 0x18, 0x00, 0x79, 0x64, 0x28, 0x01, 0xd0, 0x65, 0x28, 0x03, 0xd1, 0x02, 0x21, 0x20, 0x46, 
0x02, 0xf0, 0x22, 0xfb, 0x00, 0x2d, 0x00, 0xd1, 0x62, 0xb6, 0x70, 0xbd, 0x70, 0xb5, 0x0c, 0x46, 
0x05, 0x46, 0x02, 0xf0, 0xfb, 0xfa, 0x00, 0x28, 0x15, 0xd0, 0x21, 0x46, 0x01, 0x20, 0x41, 0x40, 
0x28, 0x46, 0x02, 0xf0, 0xff, 0xfa, 0x00, 0x2c, 0x02, 0xd0, 0x00, 0x22, 0x7c, 0x21, 0x07, 0xe0, 
0xc6, 0x4b, 0xc7, 0x4a, 0x35, 0x21, 0x28, 0x46, 0x02, 0xf0, 0x0c, 0xfb, 0x00, 0x22, 0x7d, 0x21, 
0x28, 0x46, 0x02, 0xf0, 0xe9, 0xfa, 0x70, 0xbd, 0xfe, 0xb5, 0x00, 0x20, 0x01, 0x27, 0x04, 0x46, 
0x01, 0x90, 0x20, 0x46, 0x02, 0xf0, 0xda, 0xfa, 0x00, 0x28, 0x30, 0xd0, 0x58, 0x20, 0x21, 0x46, 
0x41, 0x43, 0xbc, 0x48, 0x01, 0xab, 0x0d, 0x18, 0x28, 0x46, 0x20, 0x30, 0x81, 0x7f, 0x49, 0x07, 
0x49, 0x0f, 0x00, 0x91, 0x42, 0x7f, 0xb8, 0x48, 0x00, 0x21, 0x40, 0x7b, 0x40, 0x06, 0x40, 0x0e, 
0x02, 0xf0, 0xee, 0xfa, 0x6b, 0x46, 0x5a, 0x79, 0x19, 0x79, 0x12, 0x02, 0x89, 0x18, 0x9a, 0x79, 
0xdb, 0x79, 0x12, 0x04, 0x1b, 0x06, 0xd2, 0x18, 0x8e, 0x18, 0x00, 0x28, 0x0f, 0xd1, 0x28, 0x46, 
0x3f, 0x30, 0x02, 0xf0, 0xe3, 0xfa, 0x06, 0x40, 0x28, 0x46, 0x43, 0x30, 0x02, 0xf0, 0xde, 0xfa, 
0x86, 0x42, 0x04, 0xd9, 0x00, 0x21, 0x01, 0x20, 0x02, 0xf0, 0xde, 0xfa, 0xfe, 0xbd, 0x64, 0x1c, 
0x24, 0x06, 0x24, 0x0e, 0xc5, 0xd0, 0x00, 0x2f, 0xf8, 0xd0, 0xa2, 0x48, 0x31, 0x30, 0xc1, 0x7a, 
0x82, 0x7a, 0x08, 0x02, 0x10, 0x43, 0x81, 0x00, 0xa0, 0x4a, 0x0e, 0x20, 0x02, 0xf0, 0xd2, 0xfa, 
0xfe, 0xbd, 0x70, 0xb5, 0x0c, 0x46, 0x05, 0x46, 0x02, 0xf0, 0x90, 0xfa, 0x00, 0x28, 0x0a, 0xd0, 
0x00, 0x22, 0x96, 0x21, 0x28, 0x46, 0x02, 0xf0, 0x8f, 0xfa, 0x00, 0x2c, 0x04, 0xd0, 0x39, 0x21, 
0x28, 0x46, 0x02, 0xf0, 0xc5, 0xfa, 0x70, 0xbd, 0x38, 0x21, 0xf9, 0xe7, 0x7c, 0xb5, 0x01, 0x20, 
0x00, 0x90, 0x00, 0x20, 0x01, 0x90, 0x02, 0xf0, 0x79, 0xfa, 0x00, 0x28, 0x2c, 0xd0, 0x8d, 0x4c, 
0x8d, 0x4d, 0x8f, 0x4e, 0x20, 0x34, 0x00, 0x98, 0x00, 0x28, 0x10, 0xd0, 0xa0, 0x7f, 0x01, 0xab, 
0x40, 0x07, 0x40, 0x0f, 0x00, 0x90, 0x68, 0x7b, 0x62, 0x7f, 0x40, 0x06, 0x40, 0x0e, 0x00, 0x21, 
0x02, 0xf0, 0x8e, 0xfa, 0x00, 0x90, 0x30, 0x46, 0x02, 0xf0, 0xa8, 0xfa, 0xeb, 0xe7, 0x02, 0xf0, 
0xab, 0xfa, 0x00, 0x21, 0x08, 0x46, 0xff, 0xf7, 0xc4, 0xff, 0x82, 0x48, 0x80, 0x78, 0xc0, 0x09, 
0x0a, 0xd0, 0x81, 0x48, 0x00, 0x78, 0x40, 0x07, 0x06, 0xd5, 0x00, 0x20, 0x02, 0xf0, 0x4e, 0xfa, 
0x00, 0x28, 0x01, 0xd0, 0xff, 0xf7, 0x68, 0xff, 0x7c, 0xbd, 0x70, 0xb5, 0x0c, 0x46, 0x05, 0x46, 
0x02, 0xf0, 0x44, 0xfa, 0x00, 0x28, 0x06, 0xd0, 0x00, 0x2c, 0x05, 0xd0, 0x00, 0x22, 0x91, 0x21, 
0x28, 0x46, 0x02, 0xf0, 0x41, 0xfa, 0x70, 0xbd, 0x00, 0x22, 0x90, 0x21, 0xf8, 0xe7, 0xf7, 0xb5, 
0x7d, 0x20, 0xc0, 0x00, 0x41, 0x43, 0x42, 0x43, 0x84, 0xb0, 0x0d, 0x46, 0x16, 0x46, 0x04, 0x98, 
0x02, 0xf0, 0x2c, 0xfa, 0x00, 0x28, 0x40, 0xd0, 0x04, 0x98, 0x58, 0x21, 0x48, 0x43, 0x65, 0x49, 
0x44, 0x18, 0x20, 0x46, 0x29, 0x30, 0x02, 0xf0, 0x51, 0xfa, 0x07, 0x46, 0x20, 0x46, 0x31, 0x30, 
0x02, 0xf0, 0x4c, 0xfa, 0x01, 0x46, 0x01, 0xab, 0x3a, 0x46, 0x28, 0x46, 0x02, 0xf0, 0x6a, 0xfa, 
0x05, 0x46, 0x20, 0x46, 0x25, 0x30, 0x02, 0xf0, 0x41, 0xfa, 0x07, 0x46, 0x20, 0x46, 0x2d, 0x30, 
0x02, 0xf0, 0x3c, 0xfa, 0x01, 0x46, 0x02, 0xab, 0x3a, 0x46, 0x30, 0x46, 0x02, 0xf0, 0x5a, 0xfa, 
0x05, 0x42, 0x1a, 0xd0, 0x00, 0x22, 0x92, 0x21, 0x04, 0x98, 0x02, 0xf0, 0x05, 0xfa, 0x20, 0x34, 
0x20, 0x7e, 0x00, 0x90, 0xa3, 0x7d, 0x93, 0x21, 0x01, 0x9a, 0x04, 0x98, 0x02, 0xf0, 0x50, 0xfa, 
0xe0, 0x7d, 0x00, 0x90, 0x63, 0x7d, 0x94, 0x21, 0x02, 0x9a, 0x04, 0x98, 0x02, 0xf0, 0x48, 0xfa, 
0x00, 0x22, 0x95, 0x21, 0x04, 0x98, 0x02, 0xf0, 0xef, 0xf9, 0x07, 0xb0, 0xf0, 0xbd, 0xff, 0xb5, 
0x07, 0x46, 0x85, 0xb0, 0x00, 0x20, 0x01, 0x90, 0x01, 0x20, 0xc0, 0x1b, 0xc0, 0xb2, 0x00, 0x90, 
0x00, 0x2a, 0x0b, 0xd0, 0x00, 0x23, 0x1a, 0x46, 0x01, 0x21, 0x60, 0x20, 0x02, 0xf0, 0xd0, 0xf9, 
0x4a, 0x21, 0x38, 0x46, 0x02, 0xf0, 0x14, 0xfa, 0x09, 0xb0, 0xf0, 0xbd, 0x00, 0x23, 0x1a, 0x46, 
0x19, 0x46, 0x60, 0x20, 0x02, 0xf0, 0xc4, 0xf9, 0xc5, 0x20, 0xc0, 0x00, 0x31, 0x49, 0x78, 0x43, 
0x45, 0x18, 0x2f, 0x20, 0x40, 0x01, 0x2c, 0x18, 0x66, 0x7d, 0x08, 0x98, 0x00, 0x78, 0x60, 0x75, 
0x60, 0x7d, 0xb0, 0x42, 0x3c, 0xd0, 0xb0, 0x07, 0x62, 0x7d, 0x80, 0x0f, 0x92, 0x07, 0x92, 0x0f, 
0x90, 0x42, 0x2d, 0xd0, 0x60, 0x7d, 0xc0, 0x43, 0x80, 0x07, 0x60, 0x7e, 0x18, 0xd0, 0xf7, 0x21, 
0x08, 0x40, 0x60, 0x76, 0x01, 0x22, 0x3b, 0x46, 0x11, 0x46, 0x23, 0x20, 0x02, 0xf0, 0xa0, 0xf9, 
0x21, 0x22, 0x52, 0x01, 0x00, 0x20, 0xa9, 0x18, 0xc8, 0x72, 0xc5, 0x21, 0x00, 0x98, 0xc9, 0x00, 
0x48, 0x43, 0x1c, 0x49, 0x40, 0x18, 0x80, 0x18, 0xc0, 0x7a, 0x00, 0x28, 0x08, 0xd0, 0x0d, 0xe0, 
0x08, 0x21, 0x08, 0x43, 0x60, 0x76, 0x09, 0x21, 0x38, 0x46, 0x02, 0xf0, 0xd1, 0xf9, 0x05, 0xe0, 
0x3b, 0x46, 0x00, 0x22, 0x01, 0x21, 0x43, 0x20, 0x02, 0xf0, 0x82, 0xf9, 0x01, 0x20, 0x01, 0x90, 
0x04, 0x20, 0x61, 0x7d, 0x06, 0x40, 0x01, 0x40, 0x8e, 0x42, 0x01, 0xd0, 0x01, 0x20, 0x01, 0x90, 
0x38, 0x46, 0x02, 0xf0, 0xdb, 0xf9, 0x06, 0x46, 0x03, 0xa8, 0x00, 0x90, 0x02, 0xab, 0x00, 0x22, 
0x01, 0x21, 0x38, 0x46, 0x02, 0xf0, 0xd8, 0xf9, 0x9c, 0x21, 0x49, 0x5b, 0x49, 0x05, 0x26, 0xd5, 
0x05, 0x49, 0xc9, 0x5d, 0xc9, 0x29, 0x22, 0xd1, 0xa0, 0x35, 0x69, 0x8a, 0x81, 0x42, 0x15, 0xd8, 
0xe6, 0x82, 0x16, 0xe0, 0x90, 0x12, 0x04, 0x20, 0x7d, 0x21, 0x04, 0x20, 0x39, 0x2f, 0x04, 0x20, 
0x28, 0x0a, 0x00, 0x00, 0x44, 0x5b, 0x04, 0x20, 0x70, 0x18, 0x04, 0x20, 0xd1, 0x2f, 0x04, 0x20, 
0x40, 0x9c, 0x00, 0x00, 0x90, 0x1d, 0x04, 0x20, 0xc0, 0x2a, 0x04, 0x20, 0x00, 0x21, 0xc9, 0x43, 
0xe1, 0x82, 0x61, 0x7e, 0xf9, 0x22, 0x11, 0x40, 0x61, 0x76, 0xff, 0x21, 0x21, 0x76, 0x52, 0x49, 
0x80, 0x22, 0x89, 0x6b, 0x09, 0x02, 0x09, 0x0e, 0x51, 0x1a, 0x41, 0x43, 0x32, 0x20, 0x41, 0x43, 
0xc8, 0x09, 0x14, 0x21, 0x4e, 0x43, 0x86, 0x42, 0x60, 0x7e, 0x02, 0xd2, 0x08, 0x21, 0x08, 0x43, 
0x01, 0xe0, 0xf7, 0x21, 0x08, 0x40, 0x60, 0x76, 0x38, 0x46, 0x01, 0x99, 0x02, 0xf0, 0x9a, 0xf9, 
0x5a, 0xe7, 0x30, 0xb5, 0x87, 0xb0, 0x05, 0x46, 0x0b, 0x21, 0x02, 0xf0, 0x99, 0xf9, 0x80, 0x21, 
0x08, 0x43, 0x69, 0x46, 0xc8, 0x70, 0x88, 0x78, 0xe7, 0x21, 0x08, 0x40, 0x69, 0x46, 0x88, 0x70, 
0x21, 0x20, 0x48, 0x71, 0x01, 0x24, 0x8c, 0x71, 0x0d, 0x70, 0x3c, 0x48, 0x05, 0x90, 0x68, 0x46, 
0x02, 0xf0, 0x8c, 0xf9, 0x00, 0x28, 0x06, 0xd0, 0x39, 0x48, 0x01, 0x78, 0x00, 0x29, 0x02, 0xd1, 
0x04, 0x70, 0x02, 0xf0, 0x89, 0xf9, 0x07, 0xb0, 0x30, 0xbd, 0xda, 0xe7, 0xc5, 0x22, 0xd2, 0x00, 
0x34, 0x4b, 0x42, 0x43, 0x70, 0xb5, 0xd3, 0x18, 0x2f, 0x22, 0x52, 0x01, 0x9a, 0x18, 0x12, 0x7c, 
0x00, 0x2a, 0x09, 0xd1, 0x58, 0x24, 0x30, 0x4d, 0x44, 0x43, 0x64, 0x19, 0x24, 0x79, 0x2f, 0x4d, 
0xa4, 0x07, 0x64, 0x0f, 0x2c, 0x5b, 0x61, 0x18, 0xa0, 0x33, 0xdb, 0x7b, 0x5b, 0x06, 0x9b, 0x0f, 
0x03, 0x2b, 0x06, 0xd1, 0x00, 0x2a, 0x04, 0xd0, 0x29, 0x4a, 0x59, 0x00, 0x51, 0x5a, 0x29, 0x4a, 
0x51, 0x1a, 0x02, 0xf0, 0x67, 0xf9, 0x70, 0xbd, 0xfe, 0xb5, 0x06, 0x46, 0x7d, 0x20, 0xc0, 0x00, 
0x41, 0x43, 0x0d, 0x46, 0x30, 0x46, 0x02, 0xf0, 0xd9, 0xf8, 0x00, 0x28, 0x33, 0xd0, 0xc5, 0x20, 
0xc0, 0x00, 0x31, 0x46, 0x41, 0x43, 0x1b, 0x48, 0x0c, 0x18, 0x1f, 0x48, 0x20, 0x18, 0x02, 0xf0, 
0xfd, 0xf8, 0x07, 0x46, 0x1c, 0x48, 0x00, 0x1f, 0x20, 0x18, 0x02, 0xf0, 0xf7, 0xf8, 0x01, 0x46, 
0x01, 0xab, 0x3a, 0x46, 0x28, 0x46, 0x02, 0xf0, 0x15, 0xf9, 0x00, 0x28, 0x1b, 0xd0, 0x00, 0x22, 
0x7e, 0x21, 0x30, 0x46, 0x02, 0xf0, 0xc0, 0xf8, 0x19, 0x21, 0x01, 0x98, 0x49, 0x01, 0x88, 0x42, 
0x01, 0xd3, 0x80, 0x1c, 0x01, 0x90, 0x03, 0x20, 0x40, 0x02, 0x20, 0x18, 0x81, 0x7f, 0x00, 0x91, 
0x43, 0x7f, 0x7f, 0x21, 0x30, 0x46, 0x01, 0x9a, 0x02, 0xf0, 0x02, 0xf9, 0x00, 0x22, 0x80, 0x21, 
0x30, 0x46, 0x02, 0xf0, 0xa9, 0xf8, 0xfe, 0xbd, 0x70, 0x1d, 0x04, 0x20, 0xc7, 0x31, 0x04, 0x20, 
0x51, 0x24, 0x04, 0x20, 0x90, 0x12, 0x04, 0x20, 0x44, 0x5b, 0x04, 0x20, 0xe0, 0x5a, 0x04, 0x20, 
0x2e, 0x55, 0x02, 0x00, 0xb8, 0x0b, 0x00, 0x00, 0x11, 0x06, 0x00, 0x00, 0x10, 0xb5, 0x04, 0x46, 
0x3c, 0x21, 0x02, 0xf0, 0xcd, 0xf8, 0x20, 0x46, 0x58, 0x21, 0x48, 0x43, 0x8c, 0x49, 0x40, 0x18, 
0x00, 0x7c, 0x80, 0x07, 0x06, 0xd5, 0x04, 0x21, 0x00, 0x20, 0x02, 0xf0, 0x09, 0xf9, 0x20, 0x46, 
0x02, 0xf0, 0x0c, 0xf9, 0x10, 0xbd, 0xfe, 0xb5, 0x01, 0x20, 0x02, 0x90, 0x00, 0x27, 0x01, 0x90, 
0x58, 0x20, 0x39, 0x46, 0x41, 0x43, 0x82, 0x48, 0x0c, 0x18, 0x20, 0x7c, 0x40, 0x07, 0x70, 0xd5, 
0x07, 0x20, 0x02, 0xf0, 0x01, 0xf9, 0x00, 0x90, 0x08, 0x20, 0x02, 0xf0, 0xfd, 0xf8, 0xa5, 0x8b, 
0x06, 0x46, 0xe8, 0x07, 0x00, 0x98, 0x02, 0xd0, 0xff, 0x28, 0x1d, 0xd0, 0x26, 0xe0, 0xff, 0x28, 
0x09, 0xd1, 0x00, 0x2d, 0x07, 0xd0, 0xe0, 0x8a, 0x69, 0x08, 0x00, 0x90, 0x02, 0xf0, 0xf2, 0xf8, 
0x01, 0x46, 0x00, 0x98, 0x00, 0xe0, 0xe1, 0x8a, 0x08, 0x18, 0xe0, 0x82, 0xff, 0x2e, 0x07, 0xd1, 
0x00, 0x2d, 0x05, 0xd0, 0x66, 0x8b, 0x69, 0x08, 0x30, 0x46, 0x02, 0xf0, 0xe3, 0xf8, 0x00, 0xe0, 
0x60, 0x8b, 0x80, 0x19, 0x60, 0x83, 0x19, 0xe0, 0x01, 0x2d, 0x07, 0xd9, 0xa0, 0x8a, 0x69, 0x08, 
0x00, 0x90, 0x02, 0xf0, 0xd7, 0xf8, 0x01, 0x46, 0x00, 0x98, 0x00, 0xe0, 0xa1, 0x8a, 0x08, 0x18, 
0xa0, 0x82, 0xff, 0x2e, 0x07, 0xd1, 0x01, 0x2d, 0x05, 0xd9, 0x26, 0x8b, 0x69, 0x08, 0x30, 0x46, 
0x02, 0xf0, 0xc8, 0xf8, 0x00, 0xe0, 0x20, 0x8b, 0x80, 0x19, 0x20, 0x83, 0xa1, 0x7a, 0x02, 0x20, 
0x88, 0x40, 0x85, 0x42, 0x07, 0xdb, 0x20, 0x7c, 0x40, 0x07, 0x04, 0xd5, 0x38, 0x46, 0x01, 0x99, 
0x00, 0xf0, 0x3a, 0xf8, 0x2f, 0xe0, 0xe8, 0x07, 0x3b, 0x46, 0x1b, 0xd0, 0x01, 0x22, 0x11, 0x46, 
0x9b, 0x20, 0x02, 0xf0, 0x0d, 0xf8, 0x01, 0x22, 0x3b, 0x46, 0x11, 0x46, 0x9c, 0x20, 0x02, 0xf0, 
0x07, 0xf8, 0xa0, 0x8b, 0x40, 0x1c, 0xa0, 0x83, 0x02, 0x98, 0x00, 0x28, 0x1b, 0xd0, 0x20, 0x7c, 
0x40, 0x07, 0x18, 0xd5, 0x24, 0x20, 0x00, 0x5d, 0x00, 0x28, 0xe0, 0x7b, 0x0b, 0xd0, 0x01, 0x09, 
0x0b, 0xe0, 0x13, 0xe0, 0x01, 0x22, 0x00, 0x21, 0x9b, 0x20, 0x01, 0xf0, 0xf1, 0xff, 0x01, 0x22, 
0x3b, 0x46, 0x00, 0x21, 0xe2, 0xe7, 0x01, 0x07, 0x09, 0x0f, 0x28, 0x20, 0x41, 0x43, 0x41, 0x4a, 
0x0e, 0x20, 0x02, 0xf0, 0x27, 0xf8, 0x00, 0x20, 0x02, 0x90, 0x01, 0x90, 0x7f, 0x1c, 0x3f, 0x06, 
0x3f, 0x0e, 0x00, 0xd1, 0x6c, 0xe7, 0xfe, 0xbd, 0xf3, 0xb5, 0x81, 0xb0, 0x01, 0x98, 0x58, 0x21, 
0x48, 0x43, 0x37, 0x49, 0x44, 0x18, 0xa7, 0x8a, 0xa0, 0x7a, 0x25, 0x46, 0xc7, 0x40, 0xa7, 0x82, 
0x21, 0x8b, 0xc1, 0x40, 0x21, 0x83, 0xe6, 0x8a, 0x8c, 0x46, 0xc6, 0x40, 0xe6, 0x82, 0x63, 0x8b, 
0xc3, 0x40, 0x63, 0x83, 0x20, 0x35, 0x2a, 0x79, 0x00, 0x2a, 0x02, 0xd0, 0x21, 0x7b, 0xe0, 0x7a, 
0x01, 0xe0, 0xa1, 0x7b, 0x60, 0x7b, 0x8f, 0x42, 0x05, 0xd3, 0x86, 0x42, 0x03, 0xd8, 0x8c, 0x45, 
0x01, 0xd3, 0x83, 0x42, 0x0d, 0xd9, 0x00, 0x2a, 0x20, 0xd1, 0x01, 0x20, 0x28, 0x71, 0x02, 0x46, 
0x01, 0x46, 0x00, 0x23, 0x9d, 0x20, 0x01, 0xf0, 0xab, 0xff, 0x01, 0x98, 0xff, 0xf7, 0x1e, 0xff, 
0x14, 0xe0, 0x00, 0x2a, 0x12, 0xd0, 0x00, 0x20, 0x28, 0x71, 0x03, 0x46, 0x01, 0x46, 0x01, 0x22, 
0x9d, 0x20, 0x01, 0xf0, 0x9d, 0xff, 0x3c, 0x21, 0x01, 0x98, 0x01, 0xf0, 0xe1, 0xff, 0x20, 0x7c, 
0x80, 0x07, 0x03, 0xd5, 0x23, 0x21, 0x01, 0x98, 0x02, 0xf0, 0x3a, 0xf8, 0x00, 0x20, 0x60, 0x61, 
0xa0, 0x61, 0xe0, 0x61, 0x20, 0x62, 0x01, 0x22, 0x11, 0x46, 0x9b, 0x20, 0x01, 0x9b, 0x01, 0xf0, 
0x87, 0xff, 0x01, 0x22, 0x00, 0x21, 0x9c, 0x20, 0x01, 0x9b, 0x01, 0xf0, 0x81, 0xff, 0x02, 0x98, 
0x00, 0x28, 0x0c, 0xd0, 0x28, 0x79, 0x00, 0x28, 0x01, 0xd0, 0x21, 0x89, 0x00, 0xe0, 0xe1, 0x88, 
0x7d, 0x20, 0x40, 0x01, 0x41, 0x43, 0x07, 0x4a, 0x0f, 0x20, 0x01, 0xf0, 0xb3, 0xff, 0x20, 0x7c, 
0x29, 0x79, 0x40, 0x08, 0x40, 0x00, 0xc9, 0x07, 0xc9, 0x0f, 0x08, 0x43, 0x20, 0x74, 0xfe, 0xbd, 
0x44, 0x5b, 0x04, 0x20, 0x9f, 0x34, 0x04, 0x20, 0x10, 0xb5, 0x02, 0xf0, 0x0f, 0xf8, 0x16, 0x48, 
0x01, 0x68, 0xc0, 0x22, 0x91, 0x43, 0x01, 0x60, 0x14, 0x48, 0x41, 0x6a, 0x40, 0x22, 0x91, 0x43, 
0x41, 0x62, 0x10, 0xbd, 0x10, 0xb5, 0x00, 0x29, 0x03, 0xd0, 0x49, 0x21, 0x00, 0x20, 0x01, 0xf0, 
0x97, 0xff, 0x10, 0xbd, 0x70, 0xb5, 0x01, 0x24, 0x0d, 0x46, 0x92, 0x28, 0x04, 0xd0, 0x01, 0xf0, 
0xfb, 0xff, 0x04, 0x46, 0x20, 0x46, 0x70, 0xbd, 0x00, 0x22, 0x11, 0x46, 0x92, 0x20, 0x01, 0xf0, 
0xf9, 0xff, 0x00, 0x28, 0x01, 0xd0, 0x01, 0x21, 0x00, 0xe0, 0x00, 0x21, 0x01, 0x20, 0x41, 0x40, 
0x28, 0x46, 0xff, 0xf7, 0xdf, 0xff, 0xed, 0xe7, 0x00, 0x05, 0x06, 0x40, 0x00, 0x41, 0x09, 0x40, 
0xf8, 0xb5, 0x01, 0x23, 0x13, 0x70, 0x8a, 0x88, 0xc5, 0x27, 0xff, 0x00, 0x06, 0x46, 0x7e, 0x43, 
0xd5, 0x06, 0x51, 0x04, 0xfc, 0x4f, 0xd4, 0x0b, 0x09, 0x22, 0xf7, 0x19, 0x92, 0x01, 0xed, 0x0e, 
0x49, 0x0f, 0xba, 0x18, 0xf9, 0x4e, 0x00, 0x29, 0x01, 0xd0, 0x00, 0x2c, 0x02, 0xd0, 0x21, 0x43, 
0x34, 0xd0, 0x74, 0xe0, 0xc5, 0x21, 0xc9, 0x00, 0xf3, 0x4c, 0x41, 0x43, 0x09, 0x19, 0x80, 0x31, 
0x01, 0x2d, 0x1c, 0xd0, 0x09, 0x2d, 0x1f, 0xd0, 0x0a, 0x2d, 0x68, 0xd1, 0xff, 0x37, 0xa1, 0x37, 
0x7a, 0x7d, 0x01, 0x2a, 0x02, 0xd0, 0x00, 0x2a, 0x05, 0xd0, 0x60, 0xe0, 0xec, 0x49, 0x89, 0x7e, 
0x89, 0x06, 0x08, 0xd5, 0x5b, 0xe0, 0xea, 0x4a, 0x92, 0x7e, 0x52, 0x06, 0x57, 0xd4, 0xc9, 0x7b, 
0x89, 0x06, 0x49, 0x0f, 0x53, 0xd1, 0x11, 0x21, 0x01, 0xf0, 0xb2, 0xff, 0x2f, 0xe0, 0x88, 0x7b, 
0xc7, 0x22, 0x10, 0x40, 0x88, 0x73, 0x4a, 0xe0, 0x11, 0x7f, 0x01, 0x29, 0x04, 0xd1, 0x31, 0x5c, 
0xc5, 0x29, 0x44, 0xd0, 0x17, 0x29, 0x42, 0xd0, 0x16, 0x21, 0x1e, 0xe0, 0xc5, 0x24, 0xe4, 0x00, 
0xd9, 0x4f, 0x44, 0x43, 0x07, 0x21, 0xe4, 0x19, 0xc9, 0x01, 0x64, 0x18, 0x58, 0x21, 0xd9, 0x4f, 
0x41, 0x43, 0xc9, 0x19, 0x40, 0x31, 0x04, 0x2d, 0x13, 0xd0, 0x0c, 0x2d, 0x02, 0xd0, 0x10, 0x2d, 
0x2d, 0xd1, 0x1c, 0xe0, 0x31, 0x5c, 0x27, 0x29, 0x29, 0xd1, 0x11, 0x7f, 0x01, 0x29, 0x26, 0xd1, 
0xcf, 0x49, 0x89, 0x7e, 0x49, 0x06, 0x22, 0xd5, 0x11, 0x21, 0x01, 0xf0, 0x87, 0xff, 0x00, 0x23, 
0x1d, 0xe0, 0x30, 0x5c, 0x0e, 0x28, 0x1a, 0xd1, 0x20, 0x7f, 0x02, 0x22, 0x08, 0x28, 0x02, 0xd0, 
0x07, 0x28, 0x02, 0xd0, 0x13, 0xe0, 0x0a, 0x73, 0x11, 0xe0, 0x8a, 0x73, 0x0f, 0xe0, 0x30, 0x5c, 
0x0e, 0x28, 0x0c, 0xd1, 0x20, 0x7f, 0x00, 0x24, 0x04, 0x22, 0x08, 0x28, 0x02, 0xd0, 0x07, 0x28, 
0x03, 0xd0, 0x04, 0xe0, 0x0a, 0x73, 0x4c, 0x73, 0x01, 0xe0, 0x8a, 0x73, 0xcc, 0x73, 0x18, 0x46, 
0xf8, 0xbd, 0x10, 0xb5, 0x04, 0x46, 0x01, 0xf0, 0x67, 0xff, 0xc5, 0x20, 0xc0, 0x00, 0xb6, 0x49, 
0x60, 0x43, 0x41, 0x18, 0x11, 0x20, 0x40, 0x01, 0x09, 0x18, 0x58, 0x20, 0x44, 0x43, 0xb5, 0x48, 
0x4a, 0x7e, 0x20, 0x18, 0x00, 0x23, 0x40, 0x30, 0x01, 0x2a, 0x06, 0xd1, 0x02, 0x7b, 0x00, 0x2a, 
0x02, 0xd1, 0x42, 0x7b, 0x00, 0x2a, 0x00, 0xd1, 0x4b, 0x76, 0x8a, 0x7e, 0x01, 0x2a, 0x06, 0xd1, 
0x82, 0x7b, 0x00, 0x2a, 0x02, 0xd1, 0xc0, 0x7b, 0x00, 0x28, 0x00, 0xd1, 0x8b, 0x76, 0x10, 0xbd, 
0x10, 0xb5, 0x04, 0x46, 0x01, 0xf0, 0x46, 0xff, 0x58, 0x21, 0x4c, 0x43, 0xa5, 0x49, 0x01, 0x23, 
0x61, 0x18, 0x40, 0x31, 0x4b, 0x73, 0x00, 0x22, 0x0a, 0x73, 0xcb, 0x73, 0x8a, 0x73, 0x10, 0xbd, 
0x10, 0xb5, 0x04, 0x46, 0x01, 0xf0, 0x3c, 0xff, 0xc5, 0x21, 0xc9, 0x00, 0x4c, 0x43, 0x9a, 0x49, 
0x61, 0x18, 0xff, 0x31, 0x81, 0x31, 0xc9, 0x6b, 0xc9, 0x00, 0x89, 0x0f, 0x02, 0x29, 0x02, 0xd0, 
0x01, 0x21, 0x89, 0x05, 0x88, 0x43, 0x10, 0xbd, 0x38, 0xb5, 0x05, 0x46, 0xc5, 0x20, 0xc0, 0x00, 
0x91, 0x49, 0x68, 0x43, 0x44, 0x18, 0xff, 0x20, 0x00, 0x22, 0xb9, 0x30, 0x02, 0x55, 0x28, 0x46, 
0x01, 0xf0, 0x24, 0xff, 0x11, 0x20, 0x40, 0x01, 0x20, 0x18, 0x41, 0x68, 0x68, 0x46, 0x00, 0x91, 
0xc0, 0x78, 0x80, 0x09, 0x03, 0x28, 0x06, 0xd1, 0x88, 0x00, 0x80, 0x0f, 0x03, 0xd0, 0x00, 0x21, 
0x28, 0x46, 0x01, 0xf0, 0x19, 0xff, 0x38, 0xbd, 0x70, 0xb5, 0x05, 0x46, 0x58, 0x20, 0x85, 0x49, 
0x68, 0x43, 0x44, 0x18, 0x40, 0x34, 0xe0, 0x7a, 0x01, 0x28, 0x0b, 0xd1, 0x00, 0x20, 0xe0, 0x72, 
0xa0, 0x7a, 0x00, 0x21, 0x01, 0xf0, 0x0e, 0xff, 0xa0, 0x7a, 0x00, 0x21, 0x01, 0xf0, 0x10, 0xff, 
0xff, 0x20, 0xa0, 0x72, 0x28, 0x46, 0x01, 0xf0, 0x11, 0xff, 0x70, 0xbd, 0xc5, 0x21, 0xc9, 0x00, 
0x75, 0x4a, 0x41, 0x43, 0x89, 0x18, 0x11, 0x22, 0x10, 0xb5, 0x52, 0x01, 0x89, 0x18, 0xc9, 0x79, 
0x89, 0x09, 0x02, 0xd0, 0x01, 0xf0, 0x08, 0xff, 0x10, 0xbd, 0x73, 0x49, 0x80, 0x00, 0x08, 0x58, 
0x0a, 0x21, 0x00, 0x03, 0x80, 0x0d, 0x48, 0x43, 0x10, 0xbd, 0x70, 0xb5, 0x05, 0x46, 0x01, 0xf0, 
0x01, 0xff, 0x04, 0x46, 0x00, 0x21, 0x28, 0x46, 0xff, 0xf7, 0x6b, 0xfb, 0x20, 0x46, 0x70, 0xbd, 
0x70, 0xb5, 0x04, 0x46, 0x01, 0xf0, 0xfc, 0xfe, 0x05, 0x46, 0xc5, 0x20, 0xc0, 0x00, 0x62, 0x49, 
0x60, 0x43, 0x40, 0x18, 0x65, 0x49, 0x40, 0x18, 0x41, 0x79, 0x02, 0x79, 0x08, 0x02, 0x10, 0x43, 
0x00, 0x05, 0x86, 0x0d, 0x32, 0x20, 0x46, 0x43, 0x20, 0x46, 0xff, 0xf7, 0xc7, 0xff, 0x01, 0x46, 
0x5f, 0x48, 0x32, 0x46, 0x01, 0x80, 0x20, 0x46, 0xff, 0xf7, 0xa9, 0xfb, 0x28, 0x46, 0x70, 0xbd, 
0x10, 0xb5, 0x04, 0x46, 0xc5, 0x20, 0xc0, 0x00, 0x53, 0x49, 0x60, 0x43, 0x40, 0x18, 0xff, 0x30, 
0xa1, 0x30, 0x41, 0x7d, 0x20, 0x46, 0xff, 0xf7, 0x3c, 0xfb, 0x20, 0x46, 0x01, 0xf0, 0xd6, 0xfe, 
0x10, 0xbd, 0x10, 0xb5, 0x04, 0x46, 0xc5, 0x20, 0xc0, 0x00, 0x21, 0x46, 0x41, 0x43, 0x4a, 0x48, 
0x00, 0x22, 0x09, 0x18, 0x1d, 0x20, 0x40, 0x01, 0x08, 0x18, 0x42, 0x72, 0xff, 0x20, 0xb6, 0x30, 
0x40, 0x5c, 0x00, 0x28, 0x0c, 0xd0, 0x09, 0x20, 0x80, 0x01, 0x08, 0x18, 0x00, 0x7f, 0x01, 0x28, 
0x08, 0xd0, 0x16, 0x21, 0x20, 0x46, 0x01, 0xf0, 0x6b, 0xfe, 0x40, 0x48, 0x00, 0x5d, 0x10, 0xbd, 
0x24, 0x21, 0xf7, 0xe7, 0xc5, 0x21, 0xf5, 0xe7, 0x70, 0xb5, 0x0c, 0x46, 0x05, 0x46, 0x01, 0xf0, 
0xb3, 0xfe, 0x21, 0x46, 0x28, 0x46, 0xff, 0xf7, 0x58, 0xfb, 0x70, 0xbd, 0x7f, 0xb5, 0x04, 0x46, 
0x01, 0xf0, 0xb0, 0xfe, 0x3b, 0x4b, 0x05, 0x46, 0x0f, 0xcb, 0x6e, 0x46, 0x0f, 0xc6, 0xc5, 0x20, 
0xc0, 0x00, 0x31, 0x49, 0x60, 0x43, 0x46, 0x18, 0xbb, 0x20, 0x81, 0x5d, 0xc8, 0x43, 0x80, 0x07, 
0x03, 0xd0, 0x88, 0x07, 0x80, 0x0f, 0x01, 0x28, 0x10, 0xd1, 0x00, 0x21, 0x20, 0x46, 0xff, 0xf7, 
0x3c, 0xfb, 0x07, 0x20, 0xc0, 0x01, 0x30, 0x18, 0x00, 0x7c, 0x69, 0x46, 0x00, 0x07, 0x80, 0x0f, 
0x80, 0x00, 0x09, 0x58, 0x2c, 0x4a, 0x20, 0x46, 0xff, 0xf7, 0x41, 0xfb, 0x28, 0x46, 0x04, 0xb0, 
0x70, 0xbd, 0x70, 0xb5, 0x05, 0x46, 0x01, 0xf0, 0x8b, 0xfe, 0xc5, 0x20, 0xc0, 0x00, 0x29, 0x46, 
0x41, 0x43, 0x1d, 0x48, 0x00, 0x22, 0x0c, 0x18, 0x07, 0x20, 0xc0, 0x01, 0x20, 0x18, 0x42, 0x77, 
0x13, 0x46, 0x01, 0x22, 0x11, 0x46, 0x28, 0x46, 0x01, 0xf0, 0x80, 0xfe, 0x2f, 0x20, 0x40, 0x01, 
0x21, 0x18, 0x88, 0x7b, 0x01, 0x28, 0x0b, 0xd0, 0xc8, 0x7b, 0x01, 0x28, 0x08, 0xd0, 0x88, 0x7c, 
0x01, 0x28, 0x05, 0xd0, 0x1f, 0x22, 0x19, 0x49, 0x28, 0x46, 0x01, 0xf0, 0x75, 0xfe, 0x03, 0xe0, 
0x1f, 0x21, 0x28, 0x46, 0x01, 0xf0, 0x04, 0xfe, 0x0c, 0x48, 0x40, 0x5d, 0x70, 0xbd, 0x10, 0xb5, 
0x04, 0x46, 0x01, 0xf0, 0x6f, 0xfe, 0x00, 0x28, 0x0a, 0xd0, 0x11, 0x4b, 0x3c, 0x22, 0x34, 0x21, 
0x20, 0x46, 0x01, 0xf0, 0x5f, 0xfd, 0xc8, 0x22, 0x50, 0x21, 0x20, 0x46, 0x01, 0xf0, 0x5c, 0xfe, 
0x02, 0x48, 0x00, 0x5d, 0x10, 0xbd, 0x00, 0x00, 0x90, 0x12, 0x04, 0x20, 0x7d, 0x21, 0x04, 0x20, 
0x70, 0x1d, 0x04, 0x20, 0x44, 0x5b, 0x04, 0x20, 0x74, 0x21, 0x04, 0x20, 0x21, 0x02, 0x00, 0x00, 
0x42, 0x5b, 0x04, 0x20, 0x2c, 0x5b, 0x04, 0x20, 0x88, 0x13, 0x00, 0x00, 0x50, 0xc3, 0x00, 0x00, 
0xd3, 0x48, 0x02, 0x00, 0x70, 0xb5, 0x58, 0x21, 0x02, 0x46, 0x4a, 0x43, 0xfa, 0x49, 0x00, 0x25, 
0x51, 0x18, 0x0c, 0x46, 0x40, 0x34, 0x0d, 0x65, 0x25, 0x75, 0x01, 0xf0, 0x41, 0xfe, 0xff, 0x26, 
0x26, 0x72, 0x65, 0x72, 0xe0, 0x7a, 0x01, 0x28, 0x03, 0xd1, 0xa0, 0x7a, 0x00, 0x21, 0x01, 0xf0, 
0xe9, 0xfd, 0xa6, 0x72, 0xe5, 0x72, 0x70, 0xbd, 0x10, 0xb5, 0x04, 0x46, 0x11, 0x21, 0x01, 0xf0, 
0xb7, 0xfd, 0xee, 0x49, 0x08, 0x5d, 0xc5, 0xe7, 0xf7, 0xb5, 0x82, 0xb0, 0x04, 0x9a, 0x02, 0x98, 
0x01, 0xf0, 0x2c, 0xfe, 0x01, 0x90, 0xea, 0x48, 0x00, 0x78, 0x40, 0x07, 0x52, 0xd4, 0xc5, 0x23, 
0x02, 0x99, 0xe8, 0x4a, 0xdb, 0x00, 0x59, 0x43, 0x8b, 0x18, 0x0f, 0x24, 0xa4, 0x01, 0x07, 0x21, 
0x01, 0x20, 0x1a, 0x19, 0xc9, 0x01, 0x59, 0x18, 0x8c, 0x46, 0x3a, 0xe0, 0x86, 0x00, 0x99, 0x19, 
0xcc, 0x1d, 0xf9, 0x34, 0x65, 0x69, 0x6f, 0x46, 0x00, 0x95, 0xff, 0x78, 0xbf, 0x09, 0x03, 0x2f, 
0x2d, 0xd1, 0xad, 0x00, 0xad, 0x0f, 0x02, 0x2d, 0x29, 0xd1, 0x13, 0x25, 0xad, 0x01, 0x49, 0x19, 
0x4d, 0x69, 0xff, 0x21, 0xab, 0x31, 0x00, 0x95, 0xc9, 0x5a, 0xaf, 0x05, 0xbf, 0x0d, 0x8f, 0x42, 
0x09, 0xd9, 0xad, 0x0a, 0xad, 0x02, 0x8f, 0x05, 0xbf, 0x0d, 0x3d, 0x43, 0x00, 0x95, 0x95, 0x7f, 
0x02, 0x27, 0x3d, 0x43, 0x95, 0x77, 0x00, 0x9d, 0x2f, 0x03, 0xbf, 0x0d, 0x8f, 0x42, 0x09, 0xd9, 
0xcd, 0x4f, 0x89, 0x05, 0x3d, 0x40, 0x09, 0x0b, 0x0d, 0x43, 0x00, 0x95, 0x91, 0x7f, 0x02, 0x25, 
0x29, 0x43, 0x91, 0x77, 0x00, 0x99, 0x61, 0x61, 0x00, 0x9c, 0x04, 0x99, 0x8c, 0x51, 0x40, 0x1c, 
0xc0, 0xb2, 0x61, 0x46, 0x89, 0x7d, 0x81, 0x42, 0x01, 0xd3, 0x07, 0x28, 0xbe, 0xd3, 0x02, 0x98, 
0x01, 0xf0, 0xda, 0xfd, 0x01, 0x98, 0x05, 0xb0, 0xf0, 0xbd, 0x01, 0xb5, 0x00, 0x98, 0x01, 0xf0, 
0xd9, 0xfd, 0x69, 0x46, 0xc9, 0x78, 0x89, 0x09, 0x03, 0x29, 0x10, 0xd1, 0x00, 0x99, 0x6a, 0x46, 
0x89, 0x00, 0x89, 0x0f, 0x02, 0x29, 0x0a, 0xd1, 0x90, 0x05, 0xb8, 0x49, 0x80, 0x0d, 0x48, 0x43, 
0x11, 0x03, 0xb7, 0x4a, 0x89, 0x0d, 0x51, 0x43, 0x88, 0x42, 0x00, 0xd8, 0x08, 0x46, 0x08, 0xbd, 
0x7c, 0xb5, 0xaf, 0x49, 0x09, 0x78, 0x49, 0x07, 0x5e, 0xd4, 0xc5, 0x21, 0xc9, 0x00, 0x48, 0x43, 
0xac, 0x49, 0x45, 0x18, 0xff, 0x20, 0xb6, 0x30, 0x40, 0x5d, 0x2c, 0x46, 0x80, 0x34, 0x00, 0x28, 
0x23, 0xd0, 0x15, 0x20, 0x80, 0x01, 0x28, 0x18, 0x86, 0x69, 0x00, 0x21, 0x0d, 0x20, 0x13, 0x22, 
0x92, 0x01, 0x01, 0x96, 0x83, 0x00, 0xeb, 0x18, 0x9b, 0x18, 0x5b, 0x69, 0x00, 0x93, 0x00, 0x9b, 
0x00, 0x2b, 0x03, 0xd0, 0x6b, 0x46, 0xdb, 0x78, 0x9b, 0x09, 0x12, 0xd0, 0x40, 0x1e, 0x00, 0x06, 
0x00, 0x0e, 0xef, 0xd1, 0x01, 0x98, 0x00, 0x28, 0x03, 0xd0, 0x70, 0x06, 0x80, 0x0f, 0x01, 0x28, 
0x15, 0xd8, 0x3c, 0x29, 0x15, 0xd9, 0x3c, 0x21, 0x13, 0xe0, 0x20, 0x7b, 0xe0, 0x72, 0x00, 0x20, 
0x3b, 0xe0, 0x6a, 0x46, 0x10, 0x88, 0x81, 0x05, 0x90, 0x78, 0x52, 0x78, 0x00, 0x02, 0x10, 0x43, 
0x00, 0x05, 0x89, 0x0d, 0x80, 0x0d, 0x01, 0xf0, 0x83, 0xfd, 0x81, 0x08, 0xe2, 0xe7, 0xb0, 0x03, 
0x05, 0xd5, 0x07, 0x20, 0xc0, 0x01, 0xe1, 0x72, 0x28, 0x18, 0x80, 0x7d, 0x12, 0xe0, 0x64, 0x29, 
0xf7, 0xd9, 0x64, 0x21, 0xf5, 0xe7, 0x81, 0x00, 0x69, 0x18, 0xff, 0x31, 0x01, 0x31, 0x09, 0x69, 
0x00, 0x91, 0x00, 0x99, 0x00, 0x29, 0x03, 0xd0, 0x69, 0x46, 0xc9, 0x78, 0x89, 0x09, 0x04, 0xd0, 
0x40, 0x1e, 0xc0, 0xb2, 0x00, 0x28, 0xee, 0xd1, 0x7c, 0xbd, 0x6a, 0x46, 0x10, 0x88, 0x81, 0x05, 
0x90, 0x78, 0x52, 0x78, 0x00, 0x02, 0x10, 0x43, 0x00, 0x05, 0x89, 0x0d, 0x80, 0x0d, 0x01, 0xf0, 
0x57, 0xfd, 0x80, 0x08, 0xf0, 0x28, 0x00, 0xd9, 0xf0, 0x20, 0xa0, 0x72, 0x7c, 0xbd, 0x70, 0xb5, 
0x00, 0x29, 0x04, 0xd0, 0xd1, 0x06, 0xc9, 0x0e, 0x01, 0x29, 0x03, 0xd0, 0x32, 0xe0, 0x01, 0xf0, 
0x4d, 0xfd, 0x70, 0xbd, 0x51, 0x04, 0x8b, 0x0f, 0xc5, 0x21, 0xc9, 0x00, 0x04, 0x46, 0x4c, 0x43, 
0x6c, 0x49, 0xd2, 0x04, 0x64, 0x18, 0x21, 0x46, 0xff, 0x31, 0xc1, 0x31, 0xcb, 0x72, 0x92, 0x0f, 
0xca, 0x73, 0x4d, 0x7d, 0xab, 0x42, 0x00, 0xd2, 0x4b, 0x75, 0xcb, 0x7d, 0x9a, 0x42, 0x00, 0xd2, 
0xca, 0x75, 0xff, 0x34, 0x81, 0x34, 0x03, 0x23, 0xe2, 0x6b, 0x5b, 0x06, 0x9a, 0x43, 0x4b, 0x7d, 
0x9b, 0x07, 0x5b, 0x09, 0x1a, 0x43, 0x03, 0x23, 0x5b, 0x05, 0x9a, 0x43, 0xcb, 0x7d, 0x89, 0x7d, 
0x9b, 0x07, 0x5b, 0x0a, 0x1a, 0x43, 0x03, 0x23, 0xdb, 0x04, 0x89, 0x07, 0x9a, 0x43, 0xc9, 0x0a, 
0x0a, 0x43, 0xe2, 0x63, 0x40, 0x21, 0x01, 0xf0, 0x0b, 0xfc, 0x70, 0xbd, 0x10, 0xb5, 0x04, 0x46, 
0x35, 0x21, 0x00, 0xf0, 0xb3, 0xfc, 0x00, 0x28, 0x02, 0xd0, 0x50, 0x48, 0x00, 0x5d, 0x89, 0xe6, 
0x00, 0x22, 0x85, 0x21, 0x20, 0x46, 0x01, 0xf0, 0xbf, 0xfb, 0x20, 0x46, 0x01, 0xf0, 0x0c, 0xfd, 
0x80, 0xe6, 0x10, 0xb5, 0x04, 0x46, 0x35, 0x21, 0x00, 0xf0, 0xa0, 0xfc, 0x00, 0x28, 0x02, 0xd0, 
0x46, 0x48, 0x00, 0x5d, 0x76, 0xe6, 0x20, 0x46, 0x01, 0xf0, 0x04, 0xfd, 0x72, 0xe6, 0x58, 0x21, 
0x41, 0x4a, 0x41, 0x43, 0x10, 0xb5, 0x89, 0x18, 0x40, 0x31, 0x49, 0x7a, 0x01, 0x29, 0x02, 0xd0, 
0x01, 0xf0, 0xfe, 0xfc, 0x66, 0xe6, 0x3d, 0x49, 0x08, 0x5c, 0x63, 0xe6, 0x10, 0xb5, 0x04, 0x46, 
0x01, 0xf0, 0xfc, 0xfc, 0xc5, 0x20, 0xc0, 0x00, 0x44, 0x43, 0x3a, 0x48, 0x21, 0x18, 0x08, 0x46, 
0xff, 0x30, 0xc1, 0x30, 0x82, 0x7c, 0x02, 0x2a, 0x0b, 0xd2, 0x00, 0x23, 0xff, 0x31, 0x83, 0x75, 
0x81, 0x31, 0x03, 0x24, 0xca, 0x6b, 0xe4, 0x04, 0xc3, 0x75, 0xa2, 0x43, 0xa0, 0x00, 0x82, 0x43, 
0xca, 0x63, 0x47, 0xe6, 0x38, 0xb5, 0x04, 0x46, 0x97, 0x20, 0xc0, 0x00, 0x31, 0x49, 0x60, 0x43, 
0x40, 0x18, 0x71, 0x21, 0xc9, 0x00, 0x42, 0x18, 0x00, 0x21, 0x20, 0x46, 0x01, 0xf0, 0xdc, 0xfc, 
0x03, 0x46, 0xc5, 0x20, 0xc0, 0x00, 0x27, 0x49, 0x60, 0x43, 0x40, 0x18, 0xff, 0x21, 0xd3, 0x31, 
0x09, 0x5c, 0x02, 0x29, 0x16, 0xd2, 0x07, 0x21, 0xc9, 0x01, 0x42, 0x18, 0x91, 0x7d, 0x00, 0x23, 
0x0c, 0xe0, 0x9d, 0x00, 0x45, 0x19, 0xff, 0x35, 0x01, 0x35, 0x6d, 0x69, 0x00, 0x95, 0x6d, 0x46, 
0xed, 0x78, 0xad, 0x09, 0x03, 0x2d, 0x0d, 0xd0, 0x5b, 0x1c, 0xdb, 0xb2, 0x8b, 0x42, 0x01, 0xd2, 
0x07, 0x2b, 0xee, 0xd3, 0x00, 0x20, 0x01, 0x46, 0x00, 0x90, 0x01, 0x22, 0x20, 0x46, 0x01, 0xf0, 
0xb9, 0xfc, 0x38, 0xbd, 0x93, 0x75, 0xf5, 0xe7, 0x38, 0xb5, 0x04, 0x46, 0x01, 0xf0, 0xb8, 0xfc, 
0xc5, 0x21, 0xc9, 0x00, 0x0f, 0x4a, 0x61, 0x43, 0x89, 0x18, 0x11, 0x22, 0x52, 0x01, 0x89, 0x18, 
0x49, 0x68, 0x6a, 0x46, 0x00, 0x91, 0xd2, 0x78, 0x92, 0x09, 0x03, 0x2a, 0x0b, 0xd1, 0x89, 0x00, 
0x89, 0x0f, 0x02, 0x29, 0x07, 0xd1, 0x0c, 0x49, 0xa0, 0x00, 0x40, 0x18, 0x00, 0x68, 0x19, 0x21, 
0xc0, 0x02, 0x00, 0x0d, 0x48, 0x43, 0x38, 0xbd, 0x44, 0x5b, 0x04, 0x20, 0x7d, 0x21, 0x04, 0x20, 
0xc0, 0x2a, 0x04, 0x20, 0x90, 0x12, 0x04, 0x20, 0xff, 0x03, 0xf0, 0xff, 0x40, 0x0d, 0x03, 0x00, 
0xf0, 0x49, 0x02, 0x00, 0xb8, 0x18, 0x04, 0x20, 0x74, 0x21, 0x04, 0x20, 0xf8, 0xb5, 0x04, 0x46, 
0xb7, 0x4a, 0x80, 0x00, 0xc5, 0x23, 0x11, 0x58, 0xdb, 0x00, 0xb6, 0x4d, 0x63, 0x43, 0x09, 0x0f, 
0x5d, 0x19, 0x89, 0x00, 0x69, 0x18, 0xff, 0x31, 0x01, 0x31, 0x09, 0x69, 0x6b, 0x46, 0x00, 0x91, 
0xdb, 0x78, 0x9b, 0x09, 0x03, 0x2b, 0x48, 0xd1, 0x80, 0x18, 0x8a, 0x00, 0x92, 0x0f, 0x02, 0x2a, 
0x43, 0xd1, 0x03, 0x68, 0xd8, 0x02, 0x02, 0x0d, 0x4b, 0x20, 0xc0, 0x00, 0x82, 0x42, 0x09, 0xd9, 
0x88, 0x05, 0x2e, 0xd0, 0x58, 0x06, 0x40, 0x0e, 0x86, 0x00, 0x80, 0x19, 0x8e, 0x05, 0xb6, 0x0d, 
0xb0, 0x42, 0x26, 0xd8, 0x10, 0x46, 0xff, 0x38, 0x69, 0x38, 0xf0, 0x28, 0x09, 0xd2, 0x08, 0x03, 
0x86, 0x0d, 0x1e, 0xd0, 0x5e, 0x06, 0x76, 0x0e, 0xb7, 0x00, 0xf6, 0x19, 0x80, 0x0d, 0x86, 0x42, 
0x17, 0xd8, 0x4b, 0x20, 0xc0, 0x00, 0x82, 0x42, 0x0b, 0xd1, 0x58, 0x06, 0x40, 0x0e, 0x83, 0x00, 
0xc0, 0x18, 0x0b, 0x03, 0x9b, 0x0d, 0x98, 0x42, 0x03, 0xd9, 0x89, 0x05, 0x89, 0x0d, 0x88, 0x42, 
0x07, 0xd8, 0xff, 0x20, 0x69, 0x30, 0x82, 0x42, 0x03, 0xd3, 0x19, 0x20, 0x40, 0x01, 0x82, 0x42, 
0x0b, 0xd9, 0x1f, 0x21, 0x49, 0x01, 0x04, 0x20, 0x69, 0x18, 0x08, 0x76, 0x18, 0x21, 0x20, 0x46, 
0x01, 0xf0, 0x6e, 0xfb, 0x8c, 0x48, 0x00, 0x5d, 0xf8, 0xbd, 0x20, 0x46, 0x01, 0xf0, 0x2e, 0xfc, 
0xf8, 0xbd, 0xf0, 0xb5, 0x05, 0x46, 0xc5, 0x20, 0xc0, 0x00, 0x86, 0x49, 0x68, 0x43, 0x44, 0x18, 
0x11, 0x20, 0x40, 0x01, 0x20, 0x18, 0x85, 0xb0, 0x40, 0x68, 0x00, 0x90, 0x01, 0x90, 0x28, 0x46, 
0x01, 0xf0, 0x22, 0xfc, 0x03, 0x90, 0x58, 0x20, 0x29, 0x46, 0x41, 0x43, 0x7f, 0x48, 0x0e, 0x18, 
0x40, 0x36, 0x31, 0x7d, 0x00, 0x20, 0x00, 0x29, 0x02, 0xd0, 0x30, 0x75, 0x03, 0x98, 0xf2, 0xe5, 
0x00, 0x23, 0x2f, 0x20, 0x40, 0x01, 0x20, 0x18, 0x03, 0x75, 0x01, 0x27, 0x37, 0x75, 0xae, 0x00, 
0x73, 0x4d, 0x77, 0x4f, 0xad, 0x59, 0xf7, 0x19, 0x2d, 0x0f, 0xad, 0x00, 0x65, 0x19, 0xff, 0x35, 
0x01, 0x35, 0x2d, 0x69, 0x02, 0x95, 0xac, 0x46, 0x6d, 0x46, 0xed, 0x78, 0x1a, 0x46, 0xad, 0x09, 
0x19, 0x46, 0xb6, 0x46, 0x00, 0x95, 0x03, 0x2d, 0x17, 0xd1, 0x01, 0x9d, 0xad, 0x00, 0xad, 0x0f, 
0x02, 0x2d, 0x04, 0xd0, 0x01, 0x2d, 0x02, 0xd0, 0x00, 0x2d, 0x07, 0xd0, 0x0d, 0xe0, 0x3d, 0x68, 
0x19, 0x23, 0xea, 0x02, 0x12, 0x0d, 0x5a, 0x43, 0x2b, 0x0f, 0x06, 0xe0, 0x3d, 0x68, 0x14, 0x23, 
0x2a, 0x03, 0x52, 0x0d, 0x5a, 0x43, 0x6b, 0x00, 0x5b, 0x0f, 0x6d, 0x46, 0xed, 0x7a, 0xad, 0x09, 
0x02, 0x95, 0x03, 0x2d, 0x1a, 0xd1, 0x65, 0x46, 0xad, 0x00, 0xad, 0x0f, 0x02, 0x2d, 0x01, 0xd0, 
0x01, 0x2d, 0x09, 0xd1, 0x3f, 0x68, 0x19, 0x26, 0xf9, 0x02, 0x09, 0x0d, 0x71, 0x43, 0x3f, 0x0f, 
0x9f, 0x42, 0x01, 0xd1, 0x01, 0x23, 0x03, 0x75, 0x00, 0x2d, 0x07, 0xd1, 0x50, 0x4b, 0x71, 0x46, 
0xc9, 0x18, 0x09, 0x68, 0x14, 0x23, 0x09, 0x03, 0x49, 0x0d, 0x59, 0x43, 0x00, 0x9b, 0x03, 0x2b, 
0x04, 0xd1, 0x01, 0x9b, 0x9b, 0x00, 0x9b, 0x0f, 0x02, 0x2b, 0x07, 0xd0, 0x02, 0x9b, 0x03, 0x2b, 
0x9c, 0xd1, 0x63, 0x46, 0x9b, 0x00, 0x9b, 0x0f, 0x02, 0x2b, 0x97, 0xd1, 0x01, 0x26, 0x07, 0x23, 
0xdb, 0x01, 0xc6, 0x73, 0x00, 0x25, 0xe3, 0x18, 0x86, 0x74, 0x5d, 0x77, 0x8a, 0x42, 0x8d, 0xd0, 
0x5e, 0x77, 0x53, 0x1a, 0x00, 0x2b, 0x01, 0xdd, 0x1c, 0x46, 0x00, 0xe0, 0x8c, 0x1a, 0xff, 0x26, 
0xf5, 0x36, 0xb4, 0x42, 0x00, 0xdd, 0xc5, 0x73, 0x00, 0x2b, 0x00, 0xdc, 0x8b, 0x1a, 0x7d, 0x21, 
0xc9, 0x00, 0x8b, 0x42, 0x00, 0xdc, 0x79, 0xe7, 0x85, 0x74, 0x77, 0xe7, 0x58, 0x21, 0x37, 0x4a, 
0x41, 0x43, 0x10, 0xb5, 0x89, 0x18, 0x00, 0x22, 0x0a, 0x65, 0x01, 0xf0, 0x8b, 0xfb, 0xc9, 0xe4, 
0x58, 0x21, 0x32, 0x4a, 0x41, 0x43, 0x89, 0x18, 0x31, 0x4b, 0x10, 0xb5, 0x82, 0x00, 0xd2, 0x18, 
0x12, 0x68, 0x0a, 0x65, 0x01, 0xf0, 0x84, 0xfb, 0xbc, 0xe4, 0xc5, 0x21, 0xc9, 0x00, 0x29, 0x4a, 
0x41, 0x43, 0x89, 0x18, 0x10, 0xb5, 0xff, 0x22, 0xb2, 0x32, 0x52, 0x5c, 0x01, 0x2a, 0x09, 0xd0, 
0xa0, 0x31, 0xca, 0x7e, 0x92, 0x08, 0x92, 0x00, 0x52, 0x1c, 0xca, 0x76, 0x8f, 0x21, 0x01, 0xf0, 
0xf5, 0xf9, 0xa7, 0xe4, 0x3d, 0x21, 0x01, 0xf0, 0x7b, 0xfa, 0xa3, 0xe4, 0x10, 0xb5, 0x04, 0x46, 
0xc5, 0x20, 0xc0, 0x00, 0x1b, 0x49, 0x60, 0x43, 0x41, 0x18, 0x08, 0x46, 0xa0, 0x30, 0x02, 0x7e, 
0xd2, 0x09, 0x29, 0xd0, 0xff, 0x22, 0xbd, 0x32, 0x52, 0x58, 0xd2, 0x00, 0x92, 0x0f, 0x02, 0x2a, 
0x1b, 0xd1, 0x00, 0x7b, 0x80, 0x07, 0x80, 0x0f, 0x02, 0x28, 0x16, 0xd0, 0xc5, 0x20, 0xff, 0x31, 
0xc0, 0x00, 0x10, 0x4a, 0xa1, 0x31, 0x60, 0x43, 0x49, 0x7d, 0x80, 0x18, 0x80, 0x30, 0x01, 0x29, 
0x02, 0xd0, 0x00, 0x29, 0x03, 0xd0, 0x08, 0xe0, 0x00, 0x7f, 0xc0, 0x06, 0x01, 0xe0, 0x00, 0x7f, 
0x40, 0x06, 0x00, 0x28, 0x01, 0xdb, 0x11, 0x21, 0x00, 0xe0, 0x2c, 0x21, 0x20, 0x46, 0x01, 0xf0, 
0x5f, 0xfa, 0x05, 0x48, 0x00, 0x5d, 0x6d, 0xe4, 0x20, 0x46, 0x01, 0xf0, 0x37, 0xfb, 0x69, 0xe4, 
0x78, 0x21, 0x04, 0x20, 0x90, 0x12, 0x04, 0x20, 0x7d, 0x21, 0x04, 0x20, 0x44, 0x5b, 0x04, 0x20, 
0x74, 0x21, 0x04, 0x20, 0x10, 0xb5, 0x04, 0x46, 0x12, 0x21, 0x01, 0xf0, 0x2d, 0xfb, 0x20, 0x46, 
0x01, 0xf0, 0x30, 0xfb, 0x10, 0xbd, 0x70, 0xb5, 0x05, 0x46, 0x58, 0x20, 0x5f, 0x49, 0x68, 0x43, 
0x44, 0x18, 0x40, 0x34, 0x60, 0x7a, 0x00, 0x28, 0x0e, 0xd0, 0x21, 0x7a, 0x00, 0x23, 0x01, 0x22, 
0x28, 0x46, 0x01, 0xf0, 0x25, 0xfb, 0x00, 0x20, 0x60, 0x72, 0x59, 0x48, 0x41, 0x5d, 0x3b, 0x29, 
0x02, 0xd1, 0x28, 0x46, 0x01, 0xf0, 0x8a, 0xf9, 0x70, 0xbd, 0xff, 0xb5, 0x04, 0x46, 0x0d, 0x46, 
0x88, 0x00, 0x54, 0x49, 0x81, 0xb0, 0x40, 0x18, 0xc6, 0x78, 0xc5, 0x21, 0x20, 0x46, 0xc9, 0x00, 
0x48, 0x43, 0x51, 0x49, 0x1f, 0x46, 0x40, 0x18, 0x01, 0x2e, 0x0f, 0xd1, 0x21, 0x22, 0x52, 0x01, 
0x00, 0x21, 0x80, 0x18, 0x01, 0x71, 0x2e, 0x21, 0x20, 0x46, 0x01, 0xf0, 0xf5, 0xfa, 0x4b, 0x48, 
0x29, 0x02, 0x08, 0x18, 0xc1, 0x6a, 0xf2, 0x07, 0x11, 0x43, 0xc1, 0x62, 0x01, 0x23, 0x00, 0x97, 
0x00, 0x21, 0x28, 0x46, 0x03, 0x9a, 0x01, 0xf0, 0xf9, 0xfa, 0x20, 0x46, 0x01, 0xf0, 0xfc, 0xfa, 
0x81, 0xb2, 0x20, 0x46, 0x01, 0xf0, 0xfe, 0xfa, 0x30, 0x46, 0x01, 0x26, 0x00, 0x28, 0x1c, 0xd0, 
0x00, 0x2f, 0x11, 0xd1, 0x3a, 0x48, 0x00, 0x5d, 0x1c, 0x28, 0x0f, 0xd0, 0xff, 0x22, 0x3c, 0x4b, 
0x91, 0x32, 0x22, 0x21, 0x20, 0x46, 0x01, 0xf0, 0x55, 0xf9, 0x58, 0x20, 0x44, 0x43, 0x33, 0x48, 
0x20, 0x18, 0x40, 0x30, 0x05, 0x72, 0x46, 0x72, 0x05, 0xb0, 0xf0, 0xbd, 0x00, 0x23, 0x01, 0x22, 
0x29, 0x46, 0x20, 0x46, 0x01, 0xf0, 0xcc, 0xfa, 0xf6, 0xe7, 0x01, 0xf0, 0xe1, 0xfa, 0x01, 0x46, 
0xc5, 0x20, 0xc0, 0x00, 0x2c, 0x4a, 0x60, 0x43, 0x80, 0x18, 0xff, 0x30, 0xff, 0x30, 0x02, 0x30, 
0x00, 0x29, 0x02, 0xd0, 0x00, 0x21, 0x41, 0x76, 0xe8, 0xe7, 0x46, 0x76, 0xe4, 0xe7, 0xff, 0xb5, 
0x81, 0xb0, 0x1f, 0x46, 0x16, 0x46, 0x04, 0x46, 0x01, 0x21, 0x01, 0xf0, 0xcf, 0xfa, 0x05, 0x46, 
0xac, 0x42, 0x0d, 0xd0, 0x21, 0x46, 0x3b, 0x46, 0x32, 0x46, 0x08, 0x46, 0x01, 0xf0, 0xcc, 0xfa, 
0x58, 0x20, 0x1a, 0x49, 0x60, 0x43, 0x40, 0x18, 0x40, 0x30, 0x84, 0x72, 0x01, 0x21, 0xc1, 0x72, 
0x3b, 0x46, 0x32, 0x46, 0x20, 0x46, 0x02, 0x99, 0x01, 0xf0, 0xc4, 0xfa, 0xc5, 0x21, 0xc9, 0x00, 
0x4c, 0x43, 0x15, 0x49, 0x64, 0x18, 0xc0, 0x34, 0x20, 0x75, 0x31, 0x46, 0x28, 0x46, 0x01, 0xf0, 
0xbf, 0xfa, 0x20, 0x7d, 0xb8, 0xe7, 0x10, 0xb5, 0x04, 0x46, 0x01, 0xf0, 0xbf, 0xfa, 0x11, 0x4b, 
0x11, 0x4a, 0x35, 0x21, 0x20, 0x46, 0x01, 0xf0, 0xfd, 0xf8, 0x58, 0x20, 0x44, 0x43, 0x07, 0x48, 
0x24, 0x18, 0x40, 0x34, 0xe0, 0x7a, 0x01, 0x28, 0x07, 0xd1, 0x00, 0x20, 0xe0, 0x72, 0xa0, 0x7a, 
0x00, 0x21, 0x01, 0xf0, 0xaf, 0xf9, 0xff, 0x20, 0xa0, 0x72, 0x10, 0xbd, 0x44, 0x5b, 0x04, 0x20, 
0x7d, 0x21, 0x04, 0x20, 0xd4, 0x03, 0x04, 0x20, 0x90, 0x12, 0x04, 0x20, 0x40, 0x09, 0x09, 0x40, 
0x7f, 0x42, 0x04, 0x20, 0x39, 0x2f, 0x04, 0x20, 0x28, 0x0a, 0x00, 0x00, 0x66, 0x49, 0x01, 0x20, 
0x08, 0x70, 0x70, 0x47, 0x08, 0xb5, 0x65, 0x4a, 0x6b, 0x46, 0x12, 0x68, 0x00, 0x92, 0x00, 0x22, 
0x80, 0x00, 0x1b, 0x58, 0x0a, 0xe0, 0x88, 0x42, 0x06, 0xd1, 0x90, 0x00, 0x10, 0x18, 0x40, 0x1c, 
0x18, 0x18, 0x01, 0xf0, 0xd3, 0xf8, 0x08, 0xbd, 0x52, 0x1c, 0xd2, 0xb2, 0x90, 0x00, 0x10, 0x18, 
0x18, 0x5c, 0xff, 0x28, 0xef, 0xd1, 0x00, 0x20, 0x08, 0xbd, 0x70, 0xb5, 0x58, 0x22, 0x58, 0x4e, 
0x42, 0x43, 0xff, 0x39, 0x92, 0x19, 0x01, 0x23, 0x11, 0x39, 0x00, 0x25, 0x40, 0x32, 0x05, 0x9c, 
0x00, 0x29, 0x12, 0xd0, 0x01, 0x29, 0x12, 0xd0, 0x0a, 0x29, 0x11, 0xd1, 0x51, 0x49, 0x09, 0x5c, 
0x2a, 0x29, 0x0d, 0xd0, 0x0b, 0x29, 0x0b, 0xd9, 0x01, 0xf0, 0x66, 0xfa, 0x00, 0x20, 0x01, 0xf0, 
0x69, 0xfa, 0x03, 0x20, 0x00, 0x23, 0x20, 0x60, 0x02, 0xe0, 0x15, 0x73, 0x00, 0xe0, 0x95, 0x73, 
0x18, 0x46, 0x70, 0xbd, 0x10, 0xb5, 0x44, 0x49, 0x08, 0x78, 0x01, 0x28, 0x21, 0xd1, 0x44, 0x4c, 
0x20, 0x7c, 0x40, 0x07, 0x1d, 0xd5, 0x00, 0x20, 0x08, 0x70, 0x60, 0x61, 0xa0, 0x61, 0xe0, 0x61, 
0x21, 0x46, 0x20, 0x31, 0x20, 0x62, 0x08, 0x71, 0x03, 0x46, 0x01, 0x22, 0x11, 0x46, 0x9b, 0x20, 
0x01, 0xf0, 0x56, 0xf8, 0x01, 0x22, 0x00, 0x23, 0x11, 0x46, 0x9c, 0x20, 0x01, 0xf0, 0x50, 0xf8, 
0xe0, 0x7b, 0x39, 0x4a, 0x01, 0x07, 0x09, 0x0f, 0x28, 0x20, 0x41, 0x43, 0x0e, 0x20, 0x01, 0xf0, 
0x89, 0xf8, 0x01, 0x20, 0x10, 0xbd, 0x01, 0x20, 0x70, 0x47, 0xff, 0xb5, 0x81, 0xb0, 0x98, 0x29, 
0x01, 0xd0, 0x70, 0x29, 0x1c, 0xd1, 0x2e, 0x4c, 0x30, 0x4d, 0x23, 0x7c, 0x5b, 0x07, 0xdf, 0x0f, 
0x2b, 0x7c, 0xde, 0x07, 0xf6, 0x0f, 0x01, 0xf0, 0x2b, 0xfa, 0x00, 0x2f, 0x02, 0xd1, 0x20, 0x7c, 
0x40, 0x07, 0x07, 0xd4, 0x01, 0x2e, 0x08, 0xd1, 0x28, 0x7c, 0xc0, 0x07, 0x05, 0xd1, 0x20, 0x7c, 
0x40, 0x07, 0x02, 0xd5, 0x20, 0x49, 0x01, 0x20, 0x08, 0x70, 0x04, 0x98, 0x00, 0x21, 0x01, 0x70, 
0x01, 0x20, 0x05, 0xb0, 0xf0, 0xbd, 0x70, 0xb5, 0x05, 0x46, 0xc5, 0x20, 0xc0, 0x00, 0x20, 0x49, 
0x68, 0x43, 0x40, 0x18, 0x0f, 0x21, 0x89, 0x01, 0x41, 0x18, 0x0a, 0x79, 0x1d, 0x21, 0x49, 0x01, 
0x01, 0x24, 0x41, 0x18, 0x64, 0x2a, 0x02, 0xd0, 0x65, 0x2a, 0x23, 0xd1, 0x15, 0xe0, 0x48, 0x7f, 
0x02, 0x28, 0x06, 0xd0, 0x89, 0x7f, 0x02, 0x29, 0x03, 0xd0, 0x01, 0x28, 0x1a, 0xd1, 0x01, 0x29, 
0x18, 0xd1, 0x35, 0x21, 0x28, 0x46, 0x00, 0xf0, 0xf1, 0xf8, 0x00, 0x28, 0x11, 0xd1, 0x00, 0x22, 
0x91, 0x21, 0x28, 0x46, 0x01, 0xf0, 0x00, 0xf8, 0x0c, 0xe0, 0x48, 0x7f, 0x03, 0x28, 0x02, 0xd2, 
0x88, 0x7f, 0x03, 0x28, 0x06, 0xd3, 0x35, 0x21, 0x28, 0x46, 0x00, 0xf0, 0xdf, 0xf8, 0x00, 0x28, 
0x00, 0xd0, 0x00, 0x24, 0x20, 0x46, 0x70, 0xbd, 0x40, 0x5b, 0x04, 0x20, 0x3c, 0x5b, 0x04, 0x20, 
0x44, 0x5b, 0x04, 0x20, 0x7d, 0x21, 0x04, 0x20, 0x9f, 0x34, 0x04, 0x20, 0x90, 0x1d, 0x04, 0x20, 
0x90, 0x12, 0x04, 0x20, 0x70, 0xb5, 0x12, 0x4d, 0x2c, 0x7c, 0x01, 0xf0, 0xcf, 0xf9, 0x28, 0x7c, 
0x00, 0x28, 0x0c, 0xd1, 0x02, 0x2c, 0x01, 0xd0, 0x01, 0x2c, 0x08, 0xd1, 0x0d, 0x48, 0x0e, 0x4a, 
0xc0, 0x7b, 0x01, 0x09, 0x28, 0x20, 0x41, 0x43, 0x0e, 0x20, 0x01, 0xf0, 0x03, 0xf8, 0x20, 0x46, 
0x70, 0xbd, 0x10, 0xb5, 0x01, 0xf0, 0xc0, 0xf9, 0x08, 0x48, 0x00, 0x21, 0x01, 0x61, 0xc0, 0x68, 
0xff, 0x22, 0x80, 0x30, 0x41, 0x6b, 0xd2, 0x43, 0x11, 0x43, 0x41, 0x63, 0x10, 0xbd, 0x00, 0x00, 
0xf0, 0x1d, 0x04, 0x20, 0x44, 0x5b, 0x04, 0x20, 0x9f, 0x34, 0x04, 0x20, 0x14, 0x04, 0x04, 0x20, 
0x10, 0xb5, 0x04, 0x46, 0xff, 0x20, 0x91, 0x30, 0x00, 0xf0, 0xf0, 0xff, 0x2c, 0x48, 0x21, 0x02, 
0x09, 0x18, 0x4a, 0x68, 0x50, 0x00, 0x80, 0x0f, 0x03, 0x28, 0x09, 0xd1, 0x01, 0x20, 0x80, 0x07, 
0x48, 0x60, 0x40, 0x10, 0x48, 0x60, 0x01, 0xf0, 0x9d, 0xf9, 0x20, 0x46, 0x01, 0xf0, 0xa0, 0xf9, 
0x20, 0x46, 0x01, 0xf0, 0xa3, 0xf9, 0x10, 0xbd, 0x10, 0xb5, 0xc0, 0x1c, 0xc0, 0xb2, 0x01, 0xf0, 
0x23, 0xf8, 0x10, 0xbd, 0x38, 0xb5, 0x00, 0x20, 0xff, 0xf7, 0xf6, 0xff, 0x69, 0x46, 0x08, 0x70, 
0x00, 0x22, 0x01, 0x21, 0x5c, 0x20, 0x01, 0xf0, 0x35, 0xf8, 0x01, 0x28, 0x0b, 0xd0, 0x10, 0xe0, 
0x20, 0x46, 0x00, 0xf0, 0xc3, 0xff, 0x00, 0x20, 0xff, 0xf7, 0xe6, 0xff, 0x69, 0x46, 0x08, 0x70, 
0x01, 0xf0, 0x8a, 0xf9, 0x01, 0xe0, 0x7d, 0x24, 0x64, 0x01, 0x68, 0x46, 0x00, 0x78, 0x3c, 0x28, 
0xee, 0xd8, 0x00, 0x24, 0x00, 0x21, 0x20, 0x46, 0x01, 0xf0, 0x84, 0xf9, 0x64, 0x1c, 0x24, 0x06, 
0x24, 0x0e, 0xf7, 0xd0, 0x01, 0xf0, 0x84, 0xf9, 0x38, 0xbd, 0x10, 0xb5, 0x01, 0xf0, 0x62, 0xf9, 
0x08, 0x48, 0x80, 0x7a, 0x00, 0x28, 0x01, 0xd0, 0x01, 0xf0, 0x80, 0xf9, 0x01, 0x20, 0x80, 0x07, 
0xc0, 0x69, 0xc0, 0x02, 0x02, 0xd5, 0x04, 0x49, 0x00, 0x20, 0x08, 0x60, 0x10, 0xbd, 0x00, 0x00, 
0x00, 0x09, 0x09, 0x40, 0x30, 0x1e, 0x04, 0x20, 0x03, 0x00, 0x02, 0x20, 0x70, 0xb5, 0x12, 0x29, 
0x02, 0xd0, 0x11, 0x29, 0x03, 0xd0, 0x0e, 0xe0, 0xff, 0x22, 0x2a, 0x32, 0x0b, 0xe0, 0xc5, 0x24, 
0xe4, 0x00, 0x4e, 0x4d, 0x44, 0x43, 0x64, 0x19, 0xff, 0x34, 0xa1, 0x34, 0x64, 0x7d, 0x00, 0x2c, 
0x01, 0xd1, 0x4b, 0x4a, 0x4b, 0x4b, 0x01, 0xf0, 0x5f, 0xf9, 0x70, 0xbd, 0x10, 0xb5, 0xc5, 0x23, 
0xdb, 0x00, 0x46, 0x4c, 0x43, 0x43, 0x1b, 0x19, 0x2d, 0x2a, 0x05, 0xd1, 0xff, 0x24, 0xbd, 0x34, 
0xe4, 0x5a, 0x64, 0x06, 0x00, 0xd5, 0x44, 0x49, 0x44, 0x4c, 0x24, 0x5c, 0x37, 0x2c, 0x01, 0xd0, 
0xa4, 0x2c, 0x06, 0xd1, 0x09, 0x21, 0x89, 0x01, 0x59, 0x18, 0x09, 0x7f, 0x01, 0x29, 0x03, 0xd0, 
0x3f, 0x49, 0x01, 0xf0, 0x47, 0xf9, 0x10, 0xbd, 0x3e, 0x49, 0xfa, 0xe7, 0x10, 0xb5, 0x03, 0x46, 
0x00, 0x20, 0xef, 0xf3, 0x10, 0x82, 0xd2, 0x07, 0xd2, 0x0f, 0x72, 0xb6, 0x0c, 0x24, 0x63, 0x43, 
0x39, 0x4c, 0xe3, 0x58, 0x0c, 0x24, 0x61, 0x43, 0x59, 0x58, 0x38, 0x4b, 0x09, 0x0a, 0x99, 0x42, 
0x00, 0xd0, 0x01, 0x20, 0x00, 0x2a, 0x00, 0xd1, 0x62, 0xb6, 0x10, 0xbd, 0xff, 0xb5, 0x32, 0x4f, 
0x81, 0xb0, 0xfc, 0x68, 0x05, 0x46, 0xb4, 0x34, 0x02, 0x99, 0x01, 0xf0, 0x29, 0xf9, 0xef, 0xf3, 
0x10, 0x80, 0xc6, 0x07, 0xf6, 0x0f, 0x72, 0xb6, 0x0c, 0x20, 0x68, 0x43, 0xc0, 0x19, 0x41, 0x68, 
0x02, 0x98, 0x0f, 0x28, 0x0c, 0xd1, 0x01, 0x2d, 0x0a, 0xd1, 0x00, 0x29, 0x08, 0xd0, 0x8c, 0x42, 
0x06, 0xd1, 0x60, 0x68, 0x00, 0x28, 0x03, 0xd1, 0x25, 0x48, 0x40, 0x68, 0x01, 0xf0, 0x16, 0xf9, 
0x00, 0x2e, 0x00, 0xd1, 0x62, 0xb6, 0x05, 0xb0, 0xf0, 0xbd, 0x58, 0x21, 0x48, 0x43, 0x10, 0xb5, 
0x20, 0x49, 0x44, 0x18, 0x24, 0x20, 0x00, 0x5d, 0x00, 0x28, 0x01, 0xd0, 0x20, 0x89, 0x00, 0xe0, 
0xe0, 0x88, 0x06, 0x21, 0x48, 0x43, 0x21, 0x6a, 0x0a, 0x22, 0x49, 0x1c, 0x4a, 0x43, 0x82, 0x42, 
0x06, 0xd3, 0x01, 0xf0, 0xbf, 0xf8, 0xfe, 0xf7, 0x3e, 0xfe, 0x00, 0x20, 0x20, 0x62, 0x10, 0xbd, 
0x21, 0x62, 0x10, 0xbd, 0x10, 0xb5, 0x14, 0x48, 0x00, 0x7c, 0x00, 0x28, 0x09, 0xd0, 0x01, 0xf0, 
0xc3, 0xf8, 0x10, 0x48, 0x00, 0x7c, 0x40, 0x07, 0x02, 0xd5, 0x00, 0x20, 0xff, 0xf7, 0xd5, 0xff, 
0x10, 0xbd, 0x00, 0x20, 0x01, 0xf0, 0xe8, 0xf8, 0x10, 0xbd, 0x00, 0x00, 0x90, 0x12, 0x04, 0x20, 
0xb4, 0x0a, 0x00, 0x00, 0xb3, 0x41, 0x04, 0x20, 0x58, 0x26, 0x13, 0x00, 0x7d, 0x21, 0x04, 0x20, 
0xc8, 0xb8, 0x0b, 0x00, 0x8c, 0x6c, 0x11, 0x00, 0x14, 0x04, 0x04, 0x20, 0xff, 0xff, 0xff, 0x00, 
0x0c, 0x04, 0x04, 0x20, 0x44, 0x5b, 0x04, 0x20, 0xf0, 0x1d, 0x04, 0x20, 0x70, 0xb5, 0x05, 0x46, 
0xc0, 0x1c, 0xc1, 0xb2, 0xc5, 0x20, 0xc0, 0x00, 0x2c, 0x4a, 0x68, 0x43, 0x80, 0x18, 0xc0, 0x30, 
0x02, 0x7e, 0x00, 0x24, 0x00, 0x2a, 0x02, 0xd1, 0x40, 0x7e, 0x00, 0x28, 0x01, 0xd0, 0x01, 0x24, 
0x07, 0xe0, 0x08, 0x46, 0x00, 0xf0, 0x08, 0xff, 0x27, 0x28, 0x00, 0xd3, 0x01, 0x24, 0x37, 0x28, 
0x03, 0xd8, 0x00, 0x21, 0x28, 0x46, 0x01, 0xf0, 0x85, 0xf8, 0x20, 0x46, 0x70, 0xbd, 0x10, 0xb5, 
0x1f, 0x48, 0x00, 0x7c, 0x81, 0x07, 0x01, 0xd5, 0xc0, 0x07, 0x01, 0xd1, 0x01, 0xf0, 0xaa, 0xf8, 
0x10, 0xbd, 0xf3, 0xb5, 0x04, 0x46, 0x81, 0xb0, 0x00, 0x02, 0x1a, 0x49, 0x00, 0x90, 0x40, 0x18, 
0x47, 0x6b, 0xc5, 0x21, 0xc9, 0x00, 0x15, 0x4a, 0x61, 0x43, 0x8d, 0x18, 0x0f, 0x21, 0x89, 0x01, 
0x6e, 0x18, 0x02, 0x98, 0x30, 0x71, 0x20, 0x46, 0x01, 0xf0, 0x9a, 0xf8, 0x00, 0x28, 0x18, 0xd0, 
0xff, 0x20, 0x39, 0x46, 0x01, 0x30, 0x81, 0x43, 0x40, 0x00, 0x01, 0x43, 0x0d, 0x4a, 0x00, 0x98, 
0x34, 0x32, 0x80, 0x18, 0x01, 0xf0, 0x92, 0xf8, 0x01, 0x20, 0xc0, 0x35, 0xa8, 0x76, 0x03, 0x20, 
0xb0, 0x73, 0x00, 0x2c, 0x03, 0xd0, 0x02, 0x20, 0x01, 0xf0, 0x8e, 0xf8, 0xfe, 0xbd, 0x01, 0x20, 
0xfa, 0xe7, 0x20, 0x46, 0x02, 0x99, 0x01, 0xf0, 0x8d, 0xf8, 0xfe, 0xbd, 0x90, 0x12, 0x04, 0x20, 
0x44, 0x5b, 0x04, 0x20, 0x40, 0x09, 0x09, 0x40, 0x30, 0xb5, 0x00, 0x24, 0x01, 0x2b, 0x0d, 0xd0, 
0xc5, 0x23, 0xdb, 0x00, 0xfa, 0x4d, 0x43, 0x43, 0x5b, 0x19, 0xff, 0x33, 0xa1, 0x33, 0x5b, 0x7d, 
0x00, 0x2b, 0x0e, 0xd1, 0xf7, 0x4b, 0x1b, 0x78, 0x5b, 0x07, 0x0a, 0xd5, 0x01, 0x2a, 0x0d, 0xd0, 
0x58, 0x22, 0x50, 0x43, 0xf4, 0x4a, 0x80, 0x18, 0x40, 0x30, 0xc0, 0x79, 0xc0, 0x07, 0x00, 0xd0, 
0x0e, 0x24, 0xa1, 0x42, 0x04, 0xd9, 0x08, 0x1b, 0x80, 0xb2, 0x30, 0xbd, 0x12, 0x24, 0xf8, 0xe7, 
0x00, 0x20, 0x30, 0xbd, 0x08, 0x46, 0x00, 0x2a, 0x06, 0xd0, 0xec, 0x49, 0x48, 0x43, 0x80, 0x0c, 
0x19, 0x28, 0x02, 0xd3, 0x19, 0x38, 0x80, 0xb2, 0x70, 0x47, 0x00, 0x20, 0x70, 0x47, 0x10, 0xb5, 
0x04, 0x46, 0xc5, 0x20, 0xc0, 0x00, 0x21, 0x46, 0x41, 0x43, 0xe1, 0x48, 0x00, 0x22, 0x08, 0x18, 
0x01, 0x46, 0xff, 0x31, 0xa1, 0x31, 0x8a, 0x73, 0xff, 0x30, 0xca, 0x73, 0x81, 0x30, 0xc2, 0x77, 
0x0a, 0x81, 0x4a, 0x80, 0x4a, 0x7d, 0x01, 0x2a, 0x18, 0xd0, 0xdd, 0x4a, 0x12, 0x5d, 0x3a, 0x2a, 
0x14, 0xd0, 0x50, 0x22, 0xdb, 0x4b, 0x53, 0x43, 0x1b, 0x0c, 0x83, 0x77, 0xca, 0x80, 0x0a, 0x80, 
0x01, 0x22, 0x00, 0x21, 0x20, 0x46, 0x01, 0xf0, 0x33, 0xf8, 0x01, 0x22, 0x6e, 0x21, 0x20, 0x46, 
0x01, 0xf0, 0x34, 0xf8, 0x20, 0x46, 0x01, 0xf0, 0x37, 0xf8, 0x10, 0xbd, 0x5f, 0x22, 0xe9, 0xe7, 
0xf8, 0xb5, 0x06, 0x9c, 0x1e, 0x46, 0x0f, 0x46, 0x05, 0x46, 0x00, 0x94, 0x01, 0xf0, 0x32, 0xf8, 
0x00, 0x2f, 0x59, 0xd0, 0xc5, 0x21, 0xc9, 0x00, 0xc5, 0x4a, 0x69, 0x43, 0x89, 0x18, 0x11, 0x22, 
0x52, 0x01, 0x8a, 0x18, 0xd2, 0x79, 0x92, 0x09, 0x03, 0x2a, 0x4d, 0xd1, 0x0a, 0x46, 0xff, 0x32, 
0xa1, 0x32, 0x94, 0x46, 0x53, 0x7d, 0xaa, 0x00, 0x01, 0x2b, 0x2b, 0xd1, 0xc2, 0x4b, 0x9b, 0x58, 
0x1b, 0x0f, 0x9b, 0x00, 0xcb, 0x18, 0xff, 0x33, 0x01, 0x33, 0x1b, 0x69, 0x9b, 0x00, 0x9b, 0x0f, 
0x02, 0x2b, 0x39, 0xd1, 0xbd, 0x48, 0xbe, 0x4d, 0x80, 0x58, 0xc0, 0x02, 0x40, 0x0d, 0x83, 0x1c, 
0x6b, 0x43, 0x1b, 0x0c, 0x33, 0x80, 0xb4, 0x23, 0x23, 0x80, 0x0b, 0x46, 0xa0, 0x33, 0xdd, 0x7b, 
0xed, 0x06, 0xad, 0x0f, 0x03, 0xd0, 0x02, 0x2d, 0x03, 0xd0, 0xe1, 0x25, 0x02, 0xe0, 0xe6, 0x25, 
0x00, 0xe0, 0xeb, 0x25, 0xb4, 0x27, 0x7d, 0x43, 0x2d, 0x02, 0x2d, 0x0c, 0x25, 0x80, 0x1b, 0x8a, 
0xeb, 0x1a, 0x23, 0x80, 0x63, 0x46, 0x5b, 0x7d, 0x00, 0x2b, 0x15, 0xd1, 0xaa, 0x4b, 0x9b, 0x58, 
0x1b, 0x0f, 0x9b, 0x00, 0xc9, 0x18, 0xdc, 0x31, 0x09, 0x68, 0x89, 0x00, 0x89, 0x0f, 0x02, 0x29, 
0x0a, 0xd1, 0xa6, 0x48, 0x80, 0x58, 0xa6, 0x4a, 0xc0, 0x02, 0x40, 0x0d, 0x81, 0x1c, 0x51, 0x43, 
0x09, 0x0c, 0x31, 0x80, 0x9b, 0x21, 0x21, 0x80, 0xf8, 0xbd, 0xff, 0xb5, 0x81, 0xb0, 0xc5, 0x21, 
0x01, 0x98, 0xc9, 0x00, 0x48, 0x43, 0x96, 0x49, 0x01, 0x22, 0x45, 0x18, 0x2c, 0x46, 0xff, 0x34, 
0xa1, 0x34, 0x21, 0x89, 0x01, 0x98, 0x00, 0xf0, 0xcb, 0xff, 0x06, 0x46, 0xff, 0x21, 0x01, 0x22, 
0xb1, 0x31, 0x01, 0x98, 0x00, 0xf0, 0xc4, 0xff, 0xb0, 0x42, 0x00, 0xd2, 0x06, 0x46, 0x00, 0x22, 
0x03, 0x99, 0x01, 0x98, 0x00, 0xf0, 0xbc, 0xff, 0xb0, 0x42, 0x00, 0xd2, 0x06, 0x46, 0x00, 0x22, 
0x31, 0x46, 0x01, 0x98, 0x00, 0xf0, 0xb4, 0xff, 0x01, 0x46, 0xda, 0x20, 0x43, 0x5d, 0x00, 0x22, 
0x01, 0x98, 0xff, 0xf7, 0x09, 0xff, 0x01, 0x46, 0x8a, 0x48, 0x2f, 0x46, 0x48, 0x43, 0xff, 0x37, 
0x80, 0x0a, 0x81, 0x37, 0xf8, 0x77, 0x04, 0x98, 0x01, 0x26, 0x00, 0x28, 0x16, 0xd1, 0x60, 0x7d, 
0x00, 0x28, 0x13, 0xd1, 0xff, 0x35, 0xe1, 0x35, 0xa8, 0x7a, 0x02, 0x28, 0x0e, 0xd0, 0x05, 0x29, 
0x01, 0xd9, 0x49, 0x1f, 0x89, 0xb2, 0x32, 0x46, 0x01, 0x98, 0x00, 0xf0, 0x79, 0xff, 0xe1, 0x88, 
0xff, 0x20, 0xb1, 0x30, 0x81, 0x42, 0x04, 0xd2, 0x00, 0x22, 0x05, 0xe0, 0x32, 0x46, 0x00, 0x21, 
0xf2, 0xe7, 0x00, 0x22, 0xff, 0x21, 0xd6, 0x31, 0x01, 0x98, 0x00, 0xf0, 0x81, 0xff, 0x75, 0x49, 
0x32, 0x46, 0x41, 0x43, 0x89, 0x0a, 0xb9, 0x77, 0x40, 0x1d, 0x81, 0xb2, 0x01, 0x98, 0x00, 0xf0, 
0x65, 0xff, 0x02, 0x98, 0xe0, 0x80, 0x03, 0x98, 0x20, 0x81, 0x01, 0x98, 0x00, 0xf0, 0x64, 0xff, 
0x05, 0xb0, 0xf0, 0xbd, 0xff, 0xb5, 0x81, 0xb0, 0xc5, 0x21, 0x01, 0x98, 0xc9, 0x00, 0x48, 0x43, 
0x5f, 0x49, 0x1f, 0x46, 0x44, 0x18, 0x25, 0x46, 0xff, 0x35, 0xa1, 0x35, 0x29, 0x89, 0x00, 0x22, 
0x01, 0x98, 0x00, 0xf0, 0x5d, 0xff, 0x06, 0x46, 0x01, 0x22, 0x03, 0x99, 0x01, 0x98, 0x00, 0xf0, 
0x57, 0xff, 0xb0, 0x42, 0x00, 0xd2, 0x06, 0x46, 0xff, 0x21, 0x01, 0x22, 0xe5, 0x31, 0x01, 0x98, 
0x00, 0xf0, 0x4e, 0xff, 0xb0, 0x42, 0x00, 0xd2, 0x06, 0x46, 0x01, 0x22, 0x31, 0x46, 0x01, 0x98, 
0x00, 0xf0, 0x46, 0xff, 0x01, 0x46, 0xda, 0x20, 0x03, 0x5d, 0x01, 0x22, 0x01, 0x98, 0xff, 0xf7, 
0x9b, 0xfe, 0x01, 0x46, 0x53, 0x48, 0x01, 0x26, 0x48, 0x43, 0x82, 0x0a, 0x20, 0x46, 0xff, 0x30, 
0x81, 0x30, 0x00, 0x90, 0xc2, 0x77, 0x00, 0x2f, 0x3a, 0xd1, 0x68, 0x7d, 0x00, 0x28, 0x37, 0xd1, 
0xff, 0x20, 0xeb, 0x30, 0x00, 0x5d, 0x02, 0x28, 0x32, 0xd0, 0x05, 0x29, 0x01, 0xd9, 0x49, 0x1f, 
0x89, 0xb2, 0x32, 0x46, 0x01, 0x98, 0x00, 0xf0, 0x0b, 0xff, 0x00, 0x22, 0x02, 0x99, 0x01, 0x98, 
0x00, 0xf0, 0x1e, 0xff, 0x07, 0x46, 0xff, 0x21, 0x00, 0x22, 0xe5, 0x31, 0x01, 0x98, 0x00, 0xf0, 
0x17, 0xff, 0xb8, 0x42, 0x00, 0xd2, 0x07, 0x46, 0x3e, 0x48, 0x00, 0x99, 0x78, 0x43, 0x80, 0x0a, 
0x88, 0x77, 0xa0, 0x34, 0x7f, 0x1d, 0xa0, 0x7b, 0xb9, 0xb2, 0x87, 0x07, 0x03, 0x22, 0x10, 0x43, 
0xa0, 0x73, 0xbf, 0x0f, 0x32, 0x46, 0x01, 0x98, 0x00, 0xf0, 0xf0, 0xfe, 0xa0, 0x7b, 0x80, 0x08, 
0x80, 0x00, 0x38, 0x43, 0xa0, 0x73, 0x02, 0x98, 0xe8, 0x80, 0x03, 0x98, 0x28, 0x81, 0x87, 0xe7, 
0x32, 0x46, 0x00, 0x21, 0xce, 0xe7, 0xff, 0xb5, 0x8b, 0xb0, 0x00, 0x20, 0x01, 0x90, 0x02, 0xa8, 
0x17, 0x46, 0x00, 0x90, 0x04, 0xab, 0x0e, 0x9a, 0x0b, 0x98, 0x00, 0xf0, 0xcd, 0xfc, 0x09, 0x90, 
0x0b, 0x98, 0x26, 0x49, 0x80, 0x00, 0x08, 0x90, 0x08, 0x58, 0xc5, 0x23, 0x0b, 0x99, 0x1c, 0x4a, 
0xdb, 0x00, 0x59, 0x43, 0x8c, 0x18, 0x07, 0x94, 0xff, 0x34, 0x00, 0x0f, 0xa1, 0x34, 0x01, 0x28, 
0x08, 0xd8, 0x0e, 0x99, 0x00, 0x29, 0x05, 0xd1, 0x61, 0x7d, 0x01, 0x29, 0x02, 0xd1, 0x4a, 0x21, 
0x6a, 0x46, 0x11, 0x81, 0xc5, 0x22, 0x0b, 0x99, 0xd2, 0x00, 0x51, 0x43, 0x10, 0x4a, 0x8d, 0x18, 
0x29, 0x46, 0xc0, 0x31, 0x03, 0x91, 0xff, 0x31, 0x21, 0x31, 0x00, 0x91, 0x13, 0x21, 0x49, 0x01, 
0x6e, 0x18, 0x01, 0x21, 0xff, 0x35, 0x79, 0x40, 0x81, 0x35, 0x05, 0x91, 0x00, 0x2f, 0x04, 0xd1, 
0x6a, 0x46, 0xe1, 0x88, 0x12, 0x8a, 0x91, 0x42, 0x45, 0xd2, 0x07, 0x28, 0x1f, 0xd9, 0x01, 0x20, 
0x01, 0x90, 0x00, 0x2f, 0x18, 0xd0, 0x30, 0x7d, 0x01, 0x28, 0x4f, 0xd0, 0x17, 0xe0, 0x00, 0x00, 
0x90, 0x12, 0x04, 0x20, 0xc0, 0x2a, 0x04, 0x20, 0x44, 0x5b, 0x04, 0x20, 0xec, 0xd1, 0x01, 0x00, 
0x7d, 0x21, 0x04, 0x20, 0x40, 0x7f, 0x00, 0x00, 0x78, 0x21, 0x04, 0x20, 0x74, 0x21, 0x04, 0x20, 
0x00, 0x0d, 0x01, 0x00, 0x0a, 0x02, 0x00, 0x00, 0xb0, 0x7d, 0x00, 0x28, 0x1a, 0xd0, 0x68, 0x46, 
0x01, 0x8a, 0x01, 0x9a, 0x0b, 0x98, 0x00, 0xf0, 0x8b, 0xfe, 0x06, 0x90, 0x01, 0x46, 0x05, 0x9a, 
0x0b, 0x98, 0x00, 0xf0, 0x73, 0xfe, 0xfd, 0x49, 0x06, 0x98, 0x48, 0x43, 0x80, 0x0a, 0xff, 0x28, 
0x00, 0xd9, 0xff, 0x20, 0xa8, 0x77, 0x68, 0x46, 0x00, 0x8a, 0xe0, 0x80, 0x20, 0x80, 0x00, 0x2f, 
0x0e, 0xd1, 0x08, 0xe0, 0x68, 0x46, 0x02, 0x89, 0x01, 0x8a, 0x0e, 0x9b, 0x0b, 0x98, 0xff, 0xf7, 
0x01, 0xff, 0x01, 0x20, 0x30, 0x75, 0x69, 0x46, 0x20, 0x89, 0x09, 0x89, 0x88, 0x42, 0x7d, 0xd9, 
0x00, 0x20, 0x01, 0x90, 0xee, 0x49, 0x08, 0x98, 0x08, 0x58, 0x00, 0x0f, 0x07, 0x28, 0x76, 0xd8, 
0x00, 0x2f, 0x56, 0xd0, 0x70, 0x7d, 0x01, 0x28, 0x73, 0xd0, 0xc3, 0xe0, 0xef, 0xf3, 0x10, 0x80, 
0xc0, 0x07, 0xc0, 0x0f, 0x72, 0xb6, 0x06, 0x90, 0x0b, 0x98, 0x00, 0xf0, 0xe1, 0xfb, 0x00, 0x28, 
0x03, 0xd0, 0x01, 0x99, 0x0b, 0x98, 0x00, 0xf0, 0xe5, 0xfd, 0x06, 0x98, 0x00, 0x28, 0x00, 0xd1, 
0x62, 0xb6, 0x68, 0x46, 0x01, 0x8a, 0x01, 0x9a, 0x0b, 0x98, 0x00, 0xf0, 0x41, 0xfe, 0x01, 0x46, 
0x0b, 0x98, 0x00, 0xf0, 0x43, 0xfe, 0x68, 0x46, 0x01, 0x89, 0x01, 0x9a, 0x0b, 0x98, 0x00, 0xf0, 
0x37, 0xfe, 0x01, 0x46, 0x03, 0x98, 0x01, 0x22, 0x83, 0x7e, 0x0b, 0x98, 0xff, 0xf7, 0x8c, 0xfd, 
0x06, 0x90, 0x0e, 0x98, 0x00, 0x28, 0x06, 0xd1, 0x00, 0x98, 0x80, 0x7a, 0x02, 0x28, 0x02, 0xd0, 
0x05, 0x9a, 0x06, 0x99, 0x01, 0xe0, 0x05, 0x9a, 0x00, 0x21, 0x0b, 0x98, 0x00, 0xf0, 0x08, 0xfe, 
0xca, 0x49, 0x06, 0x98, 0x48, 0x43, 0x80, 0x0a, 0xe8, 0x77, 0x68, 0x46, 0x01, 0x8a, 0x01, 0x9a, 
0x0b, 0x98, 0x00, 0xf0, 0x15, 0xfe, 0x06, 0x90, 0x01, 0x46, 0x05, 0x9a, 0x0b, 0x98, 0x00, 0xf0, 
0xfd, 0xfd, 0xc2, 0x49, 0x06, 0x98, 0x48, 0x43, 0x80, 0x0a, 0xa8, 0x77, 0x00, 0x20, 0x30, 0x75, 
0x9e, 0xe7, 0xb0, 0x7d, 0x01, 0x28, 0x6d, 0xd1, 0x68, 0x46, 0x02, 0x89, 0x01, 0x8a, 0x0e, 0x9b, 
0x0b, 0x98, 0xff, 0xf7, 0x22, 0xfe, 0xef, 0xf3, 0x10, 0x80, 0xc4, 0x07, 0xe4, 0x0f, 0x72, 0xb6, 
0x0b, 0x98, 0x00, 0xf0, 0x85, 0xfb, 0x00, 0x28, 0x03, 0xd0, 0x01, 0x99, 0x0b, 0x98, 0x00, 0xf0, 
0x89, 0xfd, 0x00, 0x2c, 0x00, 0xd1, 0x62, 0xb6, 0x0f, 0xb0, 0xf0, 0xbd, 0xac, 0xe0, 0x4f, 0xe0, 
0xff, 0xe7, 0x68, 0x46, 0x01, 0x8a, 0x01, 0x9a, 0x0b, 0x98, 0x00, 0xf0, 0xe1, 0xfd, 0x07, 0x46, 
0x01, 0x46, 0x05, 0x9a, 0x0b, 0x98, 0x00, 0xf0, 0xc9, 0xfd, 0xa8, 0x48, 0x47, 0x43, 0xb8, 0x0a, 
0xa8, 0x77, 0x0b, 0x98, 0x00, 0xf0, 0xc8, 0xfd, 0xef, 0xf3, 0x10, 0x80, 0xc7, 0x07, 0xff, 0x0f, 
0x72, 0xb6, 0x0b, 0x98, 0x00, 0xf0, 0x5c, 0xfb, 0x00, 0x28, 0x03, 0xd0, 0x01, 0x99, 0x0b, 0x98, 
0x00, 0xf0, 0x60, 0xfd, 0x00, 0x2f, 0x00, 0xd1, 0x62, 0xb6, 0x68, 0x46, 0x01, 0x89, 0x01, 0x9a, 
0x0b, 0x98, 0x00, 0xf0, 0xbd, 0xfd, 0x01, 0x46, 0x03, 0x98, 0x00, 0x22, 0x83, 0x7e, 0x0b, 0x98, 
0xff, 0xf7, 0x12, 0xfd, 0x07, 0x46, 0x01, 0x46, 0x0b, 0x98, 0x00, 0xf0, 0xbd, 0xfd, 0x0e, 0x98, 
0x00, 0x28, 0x09, 0xd1, 0x60, 0x7d, 0x00, 0x28, 0x06, 0xd1, 0x00, 0x98, 0x80, 0x7a, 0x02, 0x28, 
0x02, 0xd0, 0x39, 0x46, 0x05, 0x9a, 0x01, 0xe0, 0x05, 0x9a, 0x00, 0x21, 0x0b, 0x98, 0x00, 0xf0, 
0x87, 0xfd, 0x00, 0x20, 0x70, 0x75, 0x89, 0x48, 0x47, 0x43, 0xb8, 0x0a, 0xe8, 0x77, 0x01, 0xe0, 
0x01, 0x20, 0x01, 0x90, 0x68, 0x46, 0x01, 0x89, 0x01, 0x9a, 0x0b, 0x98, 0x00, 0xf0, 0x90, 0xfd, 
0x01, 0x46, 0x03, 0x98, 0x00, 0x22, 0x83, 0x7e, 0x0b, 0x98, 0xff, 0xf7, 0xe5, 0xfc, 0x07, 0x46, 
0x0e, 0x98, 0x00, 0x28, 0x09, 0xd1, 0x60, 0x7d, 0x00, 0x28, 0x06, 0xd1, 0x00, 0x98, 0x80, 0x7a, 
0x02, 0x28, 0x02, 0xd0, 0x39, 0x46, 0x05, 0x9a, 0x01, 0xe0, 0x05, 0x9a, 0x00, 0x21, 0x0b, 0x98, 
0x00, 0xf0, 0x5e, 0xfd, 0x75, 0x48, 0x47, 0x43, 0xb8, 0x0a, 0xff, 0x28, 0x00, 0xd9, 0xff, 0x20, 
0xe8, 0x77, 0x68, 0x46, 0x00, 0x89, 0x20, 0x81, 0x61, 0x7d, 0x01, 0x29, 0x2c, 0xd1, 0x11, 0x22, 
0x07, 0x99, 0x52, 0x01, 0x89, 0x18, 0xc9, 0x79, 0xc5, 0x23, 0x8a, 0x09, 0x0b, 0x99, 0xdb, 0x00, 
0x59, 0x43, 0x6c, 0x4b, 0xcc, 0x18, 0xa0, 0x34, 0x03, 0x2a, 0x07, 0xd1, 0x07, 0x99, 0xff, 0x31, 
0xff, 0x31, 0x02, 0x31, 0x49, 0x6a, 0x89, 0x00, 0x89, 0x0f, 0x19, 0xd0, 0xb2, 0x7d, 0x09, 0x99, 
0x0b, 0x98, 0x00, 0xf0, 0x4d, 0xfd, 0xe2, 0x7b, 0x01, 0x46, 0xd0, 0x08, 0xc0, 0x00, 0x80, 0x1d, 
0x55, 0x07, 0xe0, 0x73, 0x6d, 0x0f, 0x05, 0x9a, 0x0b, 0x98, 0x00, 0xf0, 0x29, 0xfd, 0xe0, 0x7b, 
0xc0, 0x08, 0xc0, 0x00, 0x28, 0x43, 0xe0, 0x73, 0x0b, 0x98, 0x00, 0xf0, 0x2d, 0xfd, 0x4b, 0xe7, 
0x21, 0x8a, 0x05, 0x9a, 0x49, 0x00, 0x09, 0x18, 0x0b, 0x98, 0x00, 0xf0, 0x19, 0xfd, 0xf3, 0xe7, 
0xf1, 0xb5, 0x86, 0xb0, 0x00, 0x20, 0x01, 0x90, 0x06, 0x98, 0x51, 0x49, 0x80, 0x00, 0x03, 0x90, 
0x08, 0x58, 0x00, 0x28, 0x01, 0xd0, 0x01, 0x25, 0x00, 0xe0, 0x00, 0x25, 0xc5, 0x20, 0x06, 0x9a, 
0xc0, 0x00, 0x42, 0x43, 0x4b, 0x48, 0x00, 0x21, 0x10, 0x18, 0x04, 0x46, 0xff, 0x34, 0x2f, 0x22, 
0xa1, 0x34, 0x52, 0x01, 0xa1, 0x73, 0x80, 0x18, 0xe1, 0x73, 0x05, 0x90, 0x81, 0x73, 0x0a, 0x46, 
0x06, 0x98, 0x00, 0xf0, 0xf5, 0xfc, 0x04, 0xa8, 0x00, 0x90, 0x02, 0xab, 0x00, 0x22, 0x29, 0x46, 
0x06, 0x98, 0x00, 0xf0, 0xe9, 0xfa, 0xa1, 0x88, 0x07, 0x46, 0xc8, 0x1b, 0x00, 0x28, 0x00, 0xdc, 
0x78, 0x1a, 0xc5, 0x25, 0x06, 0x9a, 0xed, 0x00, 0x6a, 0x43, 0x3a, 0x4d, 0x13, 0x23, 0x5b, 0x01, 
0x52, 0x19, 0xd5, 0x18, 0x14, 0x28, 0x68, 0xdd, 0xc5, 0x22, 0x06, 0x98, 0xd2, 0x00, 0x50, 0x43, 
0x34, 0x4a, 0x86, 0x18, 0xff, 0x36, 0x81, 0x36, 0xb9, 0x42, 0x7b, 0xd2, 0x01, 0x20, 0xa0, 0x73, 
0x2f, 0x49, 0x03, 0x98, 0x08, 0x58, 0x00, 0x0f, 0x07, 0x28, 0x5f, 0xd9, 0x01, 0x20, 0x01, 0x90, 
0xa8, 0x7d, 0x00, 0x28, 0x5d, 0xd1, 0x21, 0x89, 0x01, 0x9a, 0x06, 0x98, 0x00, 0xf0, 0xd8, 0xfc, 
0x64, 0x28, 0x1a, 0xd0, 0x25, 0x49, 0x09, 0x31, 0x48, 0x43, 0x80, 0x0a, 0xf0, 0x77, 0x06, 0x98, 
0x00, 0xf0, 0xc2, 0xfc, 0xef, 0xf3, 0x10, 0x80, 0xc0, 0x07, 0xc0, 0x0f, 0x72, 0xb6, 0x00, 0x90, 
0x06, 0x98, 0x00, 0xf0, 0x55, 0xfa, 0x00, 0x28, 0x03, 0xd0, 0x01, 0x99, 0x06, 0x98, 0x00, 0xf0, 
0x59, 0xfc, 0x00, 0x98, 0x00, 0x28, 0x02, 0xd0, 0x02, 0xe0, 0x37, 0x20, 0xe6, 0xe7, 0x62, 0xb6, 
0x39, 0x46, 0x01, 0x9a, 0x06, 0x98, 0x00, 0xf0, 0xb3, 0xfc, 0x01, 0x46, 0x06, 0x98, 0x00, 0xf0, 
0xb5, 0xfc, 0xa0, 0x88, 0xb8, 0x42, 0x1d, 0xd2, 0x68, 0x46, 0x01, 0x89, 0x01, 0x9a, 0x06, 0x98, 
0x00, 0xf0, 0xa6, 0xfc, 0x01, 0x46, 0x01, 0x22, 0x06, 0x98, 0x00, 0xf0, 0x8f, 0xfc, 0x68, 0x46, 
0x01, 0x8a, 0x01, 0x9a, 0x06, 0x98, 0x00, 0xf0, 0x9b, 0xfc, 0x64, 0x28, 0x14, 0xd0, 0xff, 0x21, 
0xfe, 0x31, 0x48, 0x43, 0x80, 0x0a, 0xff, 0x28, 0x00, 0xd9, 0xff, 0x20, 0xb0, 0x77, 0x68, 0x46, 
0x00, 0x89, 0xe0, 0x80, 0x01, 0x20, 0x28, 0x75, 0x45, 0xe1, 0xce, 0xe0, 0x0a, 0x02, 0x00, 0x00, 
0x74, 0x21, 0x04, 0x20, 0x90, 0x12, 0x04, 0x20, 0x30, 0x20, 0xec, 0xe7, 0xa8, 0x7d, 0x01, 0x28, 
0x11, 0xd0, 0x68, 0x46, 0x01, 0x8a, 0x01, 0x9a, 0x06, 0x98, 0x00, 0xf0, 0x79, 0xfc, 0x64, 0x28, 
0x2c, 0xd0, 0xff, 0x21, 0xfe, 0x31, 0x48, 0x43, 0x80, 0x0a, 0xff, 0x28, 0x00, 0xd9, 0xff, 0x20, 
0xb0, 0x77, 0xf3, 0xe0, 0x24, 0xe0, 0x01, 0x20, 0x02, 0x46, 0x01, 0x90, 0x68, 0x46, 0x01, 0x89, 
0x06, 0x98, 0x00, 0xf0, 0x65, 0xfc, 0x01, 0x46, 0x01, 0x22, 0x06, 0x98, 0x00, 0xf0, 0x4e, 0xfc, 
0x68, 0x46, 0x01, 0x8a, 0x01, 0x9a, 0x06, 0x98, 0x00, 0xf0, 0x5a, 0xfc, 0x64, 0x28, 0x0b, 0xd0, 
0xff, 0x21, 0xfe, 0x31, 0x48, 0x43, 0x80, 0x0a, 0xff, 0x28, 0x00, 0xd9, 0xff, 0x20, 0xb0, 0x77, 
0x68, 0x46, 0x00, 0x89, 0xe0, 0x80, 0x31, 0xe0, 0x30, 0x20, 0xf5, 0xe7, 0x30, 0x20, 0xd4, 0xe7, 
0x01, 0x20, 0xe0, 0x73, 0xd1, 0x4a, 0x03, 0x98, 0x10, 0x58, 0x01, 0x0f, 0x07, 0x29, 0x2a, 0xd8, 
0xa8, 0x7d, 0x01, 0x28, 0x2c, 0xd1, 0x06, 0x98, 0x00, 0xf0, 0x80, 0xfb, 0xcc, 0x49, 0x80, 0x00, 
0x40, 0x18, 0xca, 0x4a, 0x03, 0x99, 0xc0, 0x78, 0x51, 0x58, 0x09, 0x0f, 0x01, 0x29, 0x01, 0xd1, 
0x00, 0x28, 0x01, 0xd0, 0x01, 0x20, 0x01, 0x90, 0x68, 0x46, 0x01, 0x89, 0x01, 0x9a, 0x06, 0x98, 
0x00, 0xf0, 0x26, 0xfc, 0x64, 0x28, 0x0c, 0xd0, 0xc2, 0x49, 0x48, 0x43, 0x80, 0x0a, 0xf0, 0x77, 
0x06, 0x98, 0x00, 0xf0, 0x11, 0xfc, 0x68, 0x46, 0x00, 0x8a, 0x20, 0x81, 0x01, 0x20, 0x68, 0x75, 
0xd1, 0xe0, 0x37, 0x20, 0xf3, 0xe7, 0x01, 0x20, 0x01, 0x90, 0xa8, 0x7d, 0x00, 0x28, 0x0f, 0xd0, 
0x68, 0x46, 0x01, 0x89, 0x01, 0x9a, 0x06, 0x98, 0x00, 0xf0, 0x0a, 0xfc, 0x64, 0x28, 0x4a, 0xd0, 
0xb4, 0x49, 0x48, 0x43, 0x80, 0x0a, 0xff, 0x28, 0x00, 0xd9, 0xff, 0x20, 0xf0, 0x77, 0xb7, 0xe0, 
0xe1, 0x88, 0x01, 0x9a, 0x06, 0x98, 0x00, 0xf0, 0xfb, 0xfb, 0x64, 0x28, 0x19, 0xd0, 0xad, 0x49, 
0x48, 0x43, 0x80, 0x0a, 0xf0, 0x77, 0x06, 0x98, 0x00, 0xf0, 0xe6, 0xfb, 0xef, 0xf3, 0x10, 0x80, 
0xc0, 0x07, 0xc0, 0x0f, 0x72, 0xb6, 0x00, 0x90, 0x06, 0x98, 0x00, 0xf0, 0x79, 0xf9, 0x00, 0x28, 
0x03, 0xd0, 0x01, 0x99, 0x06, 0x98, 0x00, 0xf0, 0x7d, 0xfb, 0x00, 0x98, 0x00, 0x28, 0x02, 0xd0, 
0x02, 0xe0, 0x37, 0x20, 0xe6, 0xe7, 0x62, 0xb6, 0x68, 0x46, 0x01, 0x89, 0x01, 0x9a, 0x06, 0x98, 
0x00, 0xf0, 0xd6, 0xfb, 0x01, 0x46, 0x06, 0x98, 0x00, 0xf0, 0xd8, 0xfb, 0x68, 0x46, 0x01, 0x89, 
0x01, 0x9a, 0x06, 0x98, 0x00, 0xf0, 0xcc, 0xfb, 0x64, 0x28, 0x0a, 0xd0, 0x95, 0x49, 0x48, 0x43, 
0x80, 0x0a, 0xff, 0x28, 0x00, 0xd9, 0xff, 0x20, 0xf0, 0x77, 0x68, 0x46, 0x00, 0x8a, 0x20, 0x81, 
0x30, 0xe7, 0x37, 0x20, 0xf5, 0xe7, 0x37, 0x20, 0xb5, 0xe7, 0x01, 0x26, 0x05, 0x98, 0xb9, 0x42, 
0x86, 0x73, 0x59, 0xd2, 0x89, 0x49, 0x03, 0x98, 0x08, 0x58, 0x00, 0x0f, 0x07, 0x28, 0x32, 0xd9, 
0x01, 0x20, 0x01, 0x90, 0xa8, 0x7d, 0x00, 0x28, 0x30, 0xd1, 0xef, 0xf3, 0x10, 0x80, 0x30, 0x40, 
0x72, 0xb6, 0x00, 0x90, 0x06, 0x98, 0x00, 0xf0, 0x33, 0xf9, 0x00, 0x28, 0x03, 0xd0, 0x01, 0x99, 
0x06, 0x98, 0x00, 0xf0, 0x37, 0xfb, 0x00, 0x98, 0x00, 0x28, 0x00, 0xd1, 0x62, 0xb6, 0x39, 0x46, 
0x01, 0x9a, 0x06, 0x98, 0x00, 0xf0, 0x94, 0xfb, 0x01, 0x46, 0x06, 0x98, 0x00, 0xf0, 0x96, 0xfb, 
0xa0, 0x88, 0xb8, 0x42, 0x0d, 0xd2, 0x68, 0x46, 0x01, 0x89, 0x01, 0x9a, 0x06, 0x98, 0x00, 0xf0, 
0x87, 0xfb, 0x01, 0x46, 0x01, 0x22, 0x06, 0x98, 0x00, 0xf0, 0x70, 0xfb, 0x68, 0x46, 0x00, 0x89, 
0xe0, 0x80, 0x2e, 0x75, 0x37, 0xe0, 0xa8, 0x7d, 0x01, 0x28, 0x0c, 0xd0, 0x68, 0x46, 0x01, 0x89, 
0xe1, 0x80, 0x01, 0x9a, 0x06, 0x98, 0x00, 0xf0, 0x73, 0xfb, 0x01, 0x46, 0x01, 0x22, 0x06, 0x98, 
0x00, 0xf0, 0x5c, 0xfb, 0x27, 0xe0, 0x01, 0x20, 0x02, 0x46, 0x01, 0x90, 0x68, 0x46, 0x01, 0x89, 
0x06, 0x98, 0x00, 0xf0, 0x65, 0xfb, 0x01, 0x46, 0x01, 0x22, 0x06, 0x98, 0x00, 0xf0, 0x4e, 0xfb, 
0x68, 0x46, 0x00, 0x89, 0xe0, 0x80, 0x0e, 0xe0, 0xb9, 0x42, 0x14, 0xd9, 0x5b, 0x49, 0x03, 0x98, 
0x08, 0x58, 0x00, 0x0f, 0x07, 0x28, 0x08, 0xd8, 0xa8, 0x7d, 0x01, 0x28, 0x08, 0xd1, 0x01, 0x90, 
0x68, 0x46, 0x00, 0x8a, 0x20, 0x81, 0x6e, 0x75, 0x05, 0xe0, 0x01, 0x20, 0x01, 0x90, 0xa8, 0x7d, 
0x68, 0x46, 0x00, 0x8a, 0x20, 0x81, 0xa0, 0x88, 0xb8, 0x42, 0x0a, 0xd2, 0x68, 0x46, 0x01, 0x89, 
0x01, 0x9a, 0x06, 0x98, 0x00, 0xf0, 0x3c, 0xfb, 0x01, 0x46, 0x01, 0x22, 0x06, 0x98, 0x00, 0xf0, 
0x25, 0xfb, 0x68, 0x46, 0x00, 0x89, 0x20, 0x80, 0x68, 0x46, 0x00, 0x8a, 0x60, 0x80, 0xa7, 0x80, 
0x05, 0x98, 0x80, 0x7b, 0x01, 0x28, 0x02, 0xd0, 0x06, 0x98, 0x00, 0xf0, 0x1d, 0xfb, 0x07, 0xb0, 
0x3b, 0xe5, 0x70, 0xb5, 0x16, 0x46, 0x0d, 0x00, 0x04, 0x46, 0x1c, 0xd0, 0xc5, 0x20, 0xc0, 0x00, 
0x41, 0x49, 0x60, 0x43, 0x43, 0x18, 0x09, 0x20, 0x80, 0x01, 0x18, 0x18, 0x00, 0x7f, 0x01, 0x28, 
0x09, 0xd0, 0x13, 0x20, 0x40, 0x01, 0x18, 0x18, 0xc0, 0x7d, 0x01, 0x28, 0x03, 0xd0, 0x00, 0x21, 
0x20, 0x46, 0x00, 0xf0, 0x1f, 0xfb, 0x39, 0x48, 0x00, 0x5d, 0x0a, 0x28, 0x03, 0xd1, 0x11, 0x21, 
0x20, 0x46, 0x00, 0xf0, 0x21, 0xfa, 0x32, 0x46, 0x29, 0x46, 0x20, 0x46, 0x00, 0xf0, 0x18, 0xfb, 
0x70, 0xbd, 0xf8, 0xb5, 0x06, 0x46, 0x01, 0x02, 0x31, 0x48, 0x00, 0x24, 0x0d, 0x18, 0xaf, 0x6b, 
0x30, 0x46, 0x00, 0xf0, 0x13, 0xfb, 0x78, 0x03, 0x0f, 0xd5, 0xc5, 0x20, 0xc0, 0x00, 0x2a, 0x49, 
0x70, 0x43, 0x40, 0x18, 0xff, 0x30, 0xa1, 0x30, 0x01, 0x24, 0x40, 0x7d, 0xa4, 0x04, 0x01, 0x28, 
0x03, 0xd1, 0x09, 0x21, 0x30, 0x46, 0x00, 0xf0, 0x03, 0xf9, 0xac, 0x63, 0xf8, 0xbd, 0xf8, 0xb5, 
0x06, 0x46, 0xc5, 0x20, 0xc0, 0x00, 0x32, 0x46, 0x42, 0x43, 0x1f, 0x48, 0x00, 0x21, 0x15, 0x18, 
0x2c, 0x46, 0xff, 0x34, 0xa1, 0x34, 0xa1, 0x73, 0xe1, 0x73, 0x60, 0x7d, 0x1d, 0x4f, 0x01, 0x28, 
0x08, 0xd0, 0x08, 0x20, 0x38, 0x70, 0x13, 0x20, 0x40, 0x01, 0x28, 0x18, 0x80, 0x7d, 0x01, 0x28, 
0x02, 0xd0, 0x0b, 0xe0, 0x05, 0x20, 0xf5, 0xe7, 0xe1, 0x88, 0x01, 0x23, 0x10, 0x22, 0x30, 0x46, 
0xff, 0xf7, 0xe3, 0xfa, 0x00, 0x21, 0x30, 0x46, 0x00, 0xf0, 0x54, 0xfa, 0xff, 0x35, 0x38, 0x78, 
0x81, 0x35, 0xe8, 0x77, 0x20, 0x88, 0xff, 0x21, 0xfe, 0x31, 0x41, 0x43, 0x89, 0x0a, 0xa9, 0x77, 
0x10, 0x21, 0x21, 0x81, 0x61, 0x80, 0xe0, 0x80, 0x01, 0x22, 0x00, 0x21, 0x30, 0x46, 0x00, 0xf0, 
0x8f, 0xfa, 0x30, 0x46, 0x00, 0xf0, 0x98, 0xfa, 0xf8, 0xbd, 0x00, 0x00, 0x74, 0x21, 0x04, 0x20, 
0xd4, 0x03, 0x04, 0x20, 0x13, 0x02, 0x00, 0x00, 0x90, 0x12, 0x04, 0x20, 0x7d, 0x21, 0x04, 0x20, 
0x00, 0x09, 0x09, 0x40, 0x04, 0x00, 0x04, 0x20, 0x03, 0xb4, 0x01, 0x48, 0x01, 0x90, 0x01, 0xbd, 
0xc3, 0x0c, 0x02, 0x00, 0x03, 0xb4, 0x01, 0x48, 0x01, 0x90, 0x01, 0xbd, 0x5d, 0x10, 0x02, 0x00, 
0x03, 0xb4, 0x01, 0x48, 0x01, 0x90, 0x01, 0xbd, 0x35, 0x2d, 0x02, 0x00, 0x03, 0xb4, 0x01, 0x48, 
0x01, 0x90, 0x01, 0xbd, 0xbb, 0x48, 0x02, 0x00, 0x03, 0xb4, 0x01, 0x48, 0x01, 0x90, 0x01, 0xbd, 
0x5f, 0x2b, 0x02, 0x00, 0x03, 0xb4, 0x01, 0x48, 0x01, 0x90, 0x01, 0xbd, 0x1b, 0x49, 0x02, 0x00, 
0x03, 0xb4, 0x01, 0x48, 0x01, 0x90, 0x01, 0xbd, 0xd3, 0x3f, 0x02, 0x00, 0x03, 0xb4, 0x01, 0x48, 
0x01, 0x90, 0x01, 0xbd, 0x3d, 0x2e, 0x02, 0x00, 0x03, 0xb4, 0x01, 0x48, 0x01, 0x90, 0x01, 0xbd, 
0xe7, 0x3e, 0x02, 0x00, 0x03, 0xb4, 0x01, 0x48, 0x01, 0x90, 0x01, 0xbd, 0x9d, 0x3d, 0x02, 0x00, 
0x03, 0xb4, 0x01, 0x48, 0x01, 0x90, 0x01, 0xbd, 0xaf, 0x47, 0x02, 0x00, 0x03, 0xb4, 0x01, 0x48, 
0x01, 0x90, 0x01, 0xbd, 0xd1, 0x4c, 0x02, 0x00, 0x03, 0xb4, 0x01, 0x48, 0x01, 0x90, 0x01, 0xbd, 
0x8b, 0x29, 0x02, 0x00, 0x03, 0xb4, 0x01, 0x48, 0x01, 0x90, 0x01, 0xbd, 0xa9, 0x3d, 0x02, 0x00, 
0x03, 0xb4, 0x01, 0x48, 0x01, 0x90, 0x01, 0xbd, 0xe1, 0x2c, 0x02, 0x00, 0x03, 0xb4, 0x01, 0x48, 
0x01, 0x90, 0x01, 0xbd, 0xd5, 0x00, 0x00, 0x00, 0x03, 0xb4, 0x01, 0x48, 0x01, 0x90, 0x01, 0xbd, 
0x8b, 0xf6, 0x01, 0x00, 0x03, 0xb4, 0x01, 0x48, 0x01, 0x90, 0x01, 0xbd, 0x57, 0x49, 0x02, 0x00, 
0x03, 0xb4, 0x01, 0x48, 0x01, 0x90, 0x01, 0xbd, 0x47, 0x49, 0x02, 0x00, 0x03, 0xb4, 0x01, 0x48, 
0x01, 0x90, 0x01, 0xbd, 0x9d, 0x43, 0x02, 0x00, 0x03, 0xb4, 0x01, 0x48, 0x01, 0x90, 0x01, 0xbd, 
0xa7, 0x42, 0x02, 0x00, 0x03, 0xb4, 0x01, 0x48, 0x01, 0x90, 0x01, 0xbd, 0xeb, 0x48, 0x02, 0x00, 
0x03, 0xb4, 0x01, 0x48, 0x01, 0x90, 0x01, 0xbd, 0xa7, 0x2b, 0x02, 0x00, 0x03, 0xb4, 0x01, 0x48, 
0x01, 0x90, 0x01, 0xbd, 0xd1, 0x2b, 0x02, 0x00, 0x03, 0xb4, 0x01, 0x48, 0x01, 0x90, 0x01, 0xbd, 
0x53, 0x2b, 0x02, 0x00, 0x03, 0xb4, 0x01, 0x48, 0x01, 0x90, 0x01, 0xbd, 0x1b, 0xf9, 0x01, 0x00, 
0x03, 0xb4, 0x01, 0x48, 0x01, 0x90, 0x01, 0xbd, 0x5b, 0x47, 0x02, 0x00, 0x03, 0xb4, 0x01, 0x48, 
0x01, 0x90, 0x01, 0xbd, 0xfb, 0x8f, 0x01, 0x00, 0x03, 0xb4, 0x01, 0x48, 0x01, 0x90, 0x01, 0xbd, 
0x0f, 0x24, 0x02, 0x00, 0x03, 0xb4, 0x01, 0x48, 0x01, 0x90, 0x01, 0xbd, 0x39, 0x4c, 0x02, 0x00, 
0x03, 0xb4, 0x01, 0x48, 0x01, 0x90, 0x01, 0xbd, 0xf3, 0x3e, 0x02, 0x00, 0x03, 0xb4, 0x01, 0x48, 
0x01, 0x90, 0x01, 0xbd, 0x11, 0x1a, 0x00, 0x00, 0x03, 0xb4, 0x01, 0x48, 0x01, 0x90, 0x01, 0xbd, 
0x35, 0x1f, 0x00, 0x00, 0x03, 0xb4, 0x01, 0x48, 0x01, 0x90, 0x01, 0xbd, 0x41, 0x2d, 0x02, 0x00, 
0x03, 0xb4, 0x01, 0x48, 0x01, 0x90, 0x01, 0xbd, 0x19, 0x2e, 0x02, 0x00, 0x03, 0xb4, 0x01, 0x48, 
0x01, 0x90, 0x01, 0xbd, 0x25, 0x2e, 0x02, 0x00, 0x03, 0xb4, 0x01, 0x48, 0x01, 0x90, 0x01, 0xbd, 
0xc9, 0xcf, 0x00, 0x00, 0x03, 0xb4, 0x01, 0x48, 0x01, 0x90, 0x01, 0xbd, 0x3d, 0xf5, 0x00, 0x00, 
0x03, 0xb4, 0x01, 0x48, 0x01, 0x90, 0x01, 0xbd, 0x7b, 0x84, 0x00, 0x00, 0x03, 0xb4, 0x01, 0x48, 
0x01, 0x90, 0x01, 0xbd, 0x05, 0xcf, 0x00, 0x00, 0x03, 0xb4, 0x01, 0x48, 0x01, 0x90, 0x01, 0xbd, 
0x2f, 0x36, 0x02, 0x00, 0x03, 0xb4, 0x01, 0x48, 0x01, 0x90, 0x01, 0xbd, 0x45, 0x38, 0x02, 0x00, 
0x03, 0xb4, 0x01, 0x48, 0x01, 0x90, 0x01, 0xbd, 0x11, 0x39, 0x02, 0x00, 0x03, 0xb4, 0x01, 0x48, 
0x01, 0x90, 0x01, 0xbd, 0x65, 0xfe, 0x00, 0x00, 0x03, 0xb4, 0x01, 0x48, 0x01, 0x90, 0x01, 0xbd, 
0x65, 0x32, 0x02, 0x00, 0x03, 0xb4, 0x01, 0x48, 0x01, 0x90, 0x01, 0xbd, 0x09, 0x0a, 0x01, 0x00, 
0x03, 0xb4, 0x01, 0x48, 0x01, 0x90, 0x01, 0xbd, 0x05, 0x0c, 0x01, 0x00, 0x03, 0xb4, 0x01, 0x48, 
0x01, 0x90, 0x01, 0xbd, 0x25, 0x0e, 0x01, 0x00, 0x03, 0xb4, 0x01, 0x48, 0x01, 0x90, 0x01, 0xbd, 
0xdd, 0xf4, 0x00, 0x00, 0x03, 0xb4, 0x01, 0x48, 0x01, 0x90, 0x01, 0xbd, 0xa5, 0x2d, 0x01, 0x00, 
0x03, 0xb4, 0x01, 0x48, 0x01, 0x90, 0x01, 0xbd, 0xc9, 0x38, 0x02, 0x00, 0x03, 0xb4, 0x01, 0x48, 
0x01, 0x90, 0x01, 0xbd, 0x4d, 0x43, 0x02, 0x00, 0x03, 0xb4, 0x01, 0x48, 0x01, 0x90, 0x01, 0xbd, 
0xd1, 0x3c, 0x02, 0x00, 0x03, 0xb4, 0x01, 0x48, 0x01, 0x90, 0x01, 0xbd, 0xe9, 0x2d, 0x02, 0x00, 
0x03, 0xb4, 0x01, 0x48, 0x01, 0x90, 0x01, 0xbd, 0xb3, 0xbf, 0x00, 0x00, 0x03, 0xb4, 0x01, 0x48, 
0x01, 0x90, 0x01, 0xbd, 0x41, 0x7b, 0x00, 0x00, 0x03, 0xb4, 0x01, 0x48, 0x01, 0x90, 0x01, 0xbd, 
0xd5, 0x37, 0x02, 0x00, 0x03, 0xb4, 0x01, 0x48, 0x01, 0x90, 0x01, 0xbd, 0x81, 0x74, 0x00, 0x00, 
0x03, 0xb4, 0x01, 0x48, 0x01, 0x90, 0x01, 0xbd, 0xfd, 0x46, 0x02, 0x00, 0x03, 0xb4, 0x01, 0x48, 
0x01, 0x90, 0x01, 0xbd, 0x23, 0x8c, 0x00, 0x00, 0x03, 0xb4, 0x01, 0x48, 0x01, 0x90, 0x01, 0xbd, 
0x89, 0xf6, 0x00, 0x00, 0x03, 0xb4, 0x01, 0x48, 0x01, 0x90, 0x01, 0xbd, 0xab, 0x10, 0x01, 0x00, 
0x03, 0xb4, 0x01, 0x48, 0x01, 0x90, 0x01, 0xbd, 0xb9, 0x10, 0x01, 0x00, 0x03, 0xb4, 0x01, 0x48, 
0x01, 0x90, 0x01, 0xbd, 0xed, 0x75, 0x00, 0x00, 0x03, 0xb4, 0x01, 0x48, 0x01, 0x90, 0x01, 0xbd, 
0x91, 0x2e, 0x02, 0x00, 0x03, 0xb4, 0x01, 0x48, 0x01, 0x90, 0x01, 0xbd, 0xe9, 0x39, 0x02, 0x00, 
0x03, 0xb4, 0x01, 0x48, 0x01, 0x90, 0x01, 0xbd, 0x8d, 0xe5, 0x00, 0x00, 0x03, 0xb4, 0x01, 0x48, 
0x01, 0x90, 0x01, 0xbd, 0x5b, 0x00, 0x01, 0x00, 0x03, 0xb4, 0x01, 0x48, 0x01, 0x90, 0x01, 0xbd, 
0x6f, 0x02, 0x01, 0x00, 0x03, 0xb4, 0x01, 0x48, 0x01, 0x90, 0x01, 0xbd, 0x5f, 0xe3, 0x00, 0x00, 
0x03, 0xb4, 0x01, 0x48, 0x01, 0x90, 0x01, 0xbd, 0x37, 0x05, 0x01, 0x00, 0x03, 0xb4, 0x01, 0x48, 
0x01, 0x90, 0x01, 0xbd, 0x23, 0x0d, 0x01, 0x00, 0x03, 0xb4, 0x01, 0x48, 0x01, 0x90, 0x01, 0xbd, 
0x6d, 0x3d, 0x02, 0x00, 0x03, 0xb4, 0x01, 0x48, 0x01, 0x90, 0x01, 0xbd, 0x53, 0x56, 0x01, 0x00, 
0x03, 0xb4, 0x01, 0x48, 0x01, 0x90, 0x01, 0xbd, 0x51, 0x38, 0x02, 0x00, 0x03, 0xb4, 0x01, 0x48, 
0x01, 0x90, 0x01, 0xbd, 0x1d, 0x38, 0x02, 0x00, 0x03, 0xb4, 0x01, 0x48, 0x01, 0x90, 0x01, 0xbd, 
0x6f, 0x32, 0x02, 0x00, 0x03, 0xb4, 0x01, 0x48, 0x01, 0x90, 0x01, 0xbd, 0xfb, 0x47, 0x02, 0x00, 
0x03, 0xb4, 0x01, 0x48, 0x01, 0x90, 0x01, 0xbd, 0xff, 0x41, 0x02, 0x00, 0x03, 0xb4, 0x01, 0x48, 
0x01, 0x90, 0x01, 0xbd, 0xa5, 0x38, 0x02, 0x00, 0x03, 0xb4, 0x01, 0x48, 0x01, 0x90, 0x01, 0xbd, 
0x75, 0x38, 0x02, 0x00, 0x03, 0xb4, 0x01, 0x48, 0x01, 0x90, 0x01, 0xbd, 0x5f, 0x5b, 0x01, 0x00, 
0x03, 0xb4, 0x01, 0x48, 0x01, 0x90, 0x01, 0xbd, 0xed, 0x37, 0x02, 0x00, 0x03, 0xb4, 0x01, 0x48, 
0x01, 0x90, 0x01, 0xbd, 0x65, 0xf1, 0x01, 0x00, 0x03, 0xb4, 0x01, 0x48, 0x01, 0x90, 0x01, 0xbd, 
0xe5, 0x2b, 0x02, 0x00, 0x03, 0xb4, 0x01, 0x48, 0x01, 0x90, 0x01, 0xbd, 0xff, 0x2a, 0x02, 0x00, 
0x03, 0xb4, 0x01, 0x48, 0x01, 0x90, 0x01, 0xbd, 0xcb, 0x47, 0x02, 0x00, 0x03, 0xb4, 0x01, 0x48, 
0x01, 0x90, 0x01, 0xbd, 0x9b, 0x6f, 0x01, 0x00, 0x03, 0xb4, 0x01, 0x48, 0x01, 0x90, 0x01, 0xbd, 
0x0f, 0x71, 0x01, 0x00, 0x03, 0xb4, 0x01, 0x48, 0x01, 0x90, 0x01, 0xbd, 0x4f, 0x3b, 0x02, 0x00, 
0x03, 0xb4, 0x01, 0x48, 0x01, 0x90, 0x01, 0xbd, 0x89, 0x3e, 0x02, 0x00, 0x03, 0xb4, 0x01, 0x48, 
0x01, 0x90, 0x01, 0xbd, 0x45, 0x79, 0x01, 0x00, 0x03, 0xb4, 0x01, 0x48, 0x01, 0x90, 0x01, 0xbd, 
0x69, 0x46, 0x02, 0x00, 0x03, 0xb4, 0x01, 0x48, 0x01, 0x90, 0x01, 0xbd, 0xe7, 0x42, 0x02, 0x00, 
0x03, 0xb4, 0x01, 0x48, 0x01, 0x90, 0x01, 0xbd, 0x85, 0x78, 0x01, 0x00, 0x03, 0xb4, 0x01, 0x48, 
0x01, 0x90, 0x01, 0xbd, 0x23, 0x2b, 0x02, 0x00, 0x03, 0xb4, 0x01, 0x48, 0x01, 0x90, 0x01, 0xbd, 
0x51, 0x82, 0x01, 0x00, 0x03, 0xb4, 0x01, 0x48, 0x01, 0x90, 0x01, 0xbd, 0x29, 0x7d, 0x01, 0x00, 
0x03, 0xb4, 0x01, 0x48, 0x01, 0x90, 0x01, 0xbd, 0x59, 0x81, 0x01, 0x00, 0x03, 0xb4, 0x01, 0x48, 
0x01, 0x90, 0x01, 0xbd, 0x13, 0x3b, 0x02, 0x00, 0x03, 0xb4, 0x01, 0x48, 0x01, 0x90, 0x01, 0xbd, 
0x01, 0x3d, 0x02, 0x00, 0x03, 0xb4, 0x01, 0x48, 0x01, 0x90, 0x01, 0xbd, 0x0d, 0xb1, 0x01, 0x00, 
0x03, 0xb4, 0x01, 0x48, 0x01, 0x90, 0x01, 0xbd, 0xdf, 0x3f, 0x02, 0x00, 0x03, 0xb4, 0x01, 0x48, 
0x01, 0x90, 0x01, 0xbd, 0x29, 0x3c, 0x02, 0x00, 0x03, 0xb4, 0x01, 0x48, 0x01, 0x90, 0x01, 0xbd, 
0x1f, 0x3b, 0x02, 0x00, 0x03, 0xb4, 0x01, 0x48, 0x01, 0x90, 0x01, 0xbd, 0x11, 0x8b, 0x01, 0x00, 
0x03, 0xb4, 0x01, 0x48, 0x01, 0x90, 0x01, 0xbd, 0xbf, 0x47, 0x02, 0x00, 0x03, 0xb4, 0x01, 0x48, 
0x01, 0x90, 0x01, 0xbd, 0x0b, 0x43, 0x02, 0x00, 0x03, 0xb4, 0x01, 0x48, 0x01, 0x90, 0x01, 0xbd, 
0x61, 0x43, 0x02, 0x00, 0x03, 0xb4, 0x01, 0x48, 0x01, 0x90, 0x01, 0xbd, 0x35, 0xbb, 0x01, 0x00, 
0x03, 0xb4, 0x01, 0x48, 0x01, 0x90, 0x01, 0xbd, 0xcf, 0x42, 0x02, 0x00, 0x03, 0xb4, 0x01, 0x48, 
0x01, 0x90, 0x01, 0xbd, 0xa7, 0x43, 0x02, 0x00, 0x03, 0xb4, 0x01, 0x48, 0x01, 0x90, 0x01, 0xbd, 
0xb1, 0x43, 0x02, 0x00, 0x03, 0xb4, 0x01, 0x48, 0x01, 0x90, 0x01, 0xbd, 0x75, 0x43, 0x02, 0x00, 
0x03, 0xb4, 0x01, 0x48, 0x01, 0x90, 0x01, 0xbd, 0x2f, 0xc2, 0x01, 0x00, 0x03, 0xb4, 0x01, 0x48, 
0x01, 0x90, 0x01, 0xbd, 0x4f, 0xca, 0x01, 0x00, 0x7d, 0x00, 0xfa, 0x00, 0x90, 0x01, 0xf4, 0x01, 
0x28, 0x1f, 0x5b, 0x04, 0x20, 0x98, 0x0d, 0x5b, 0x04, 0x20, 0x95, 0x13, 0x5b, 0x04, 0x20, 0x72, 
0x01, 0x5b, 0x04, 0x20, 0xff, 0x00, 0x00, 0x00, 0x00, 0x2c, 0x07, 0x06, 0x40, 0x04, 0x01, 0x00, 
0x07, 0x06, 0x40, 0x04, 0x81, 0x4a, 0x5b, 0x04, 0x20, 0x0c, 0x82, 0x9d, 0x18, 0x04, 0x20, 0x15, 
0x02, 0x69, 0x5b, 0x04, 0x20, 0x22, 0x82, 0x3c, 0x13, 0x04, 0x20, 0x0c, 0x02, 0x44, 0x5b, 0x04, 
0x20, 0x05, 0x82, 0x00, 0x84, 0x03, 0x00, 0x00, 0xdc, 0x05, 0x00, 0x00, 0xb8, 0x0b, 0x00, 0x00, 
0xb8, 0x0b, 0x00, 0x00, 0xe8, 0x5a, 0x04, 0x20, 0x00, 0x00, 0x00, 0x00, 0x00, 0x00, 0x00, 0x00, 
0x00, 0x00, 0x00, 0x00, 0x00, 0x00, 0x00, 0x00, 0x00, 0x00, 0x00, 0x00, 0x00, 0x00, 0x00, 0x00, 
0x00, 0x00, 0x00, 0x00, 0x00, 0x00, 0x00, 0x00, 0x00, 0x00, 0x00, 0x00, 0x00, 0x00, 0x00, 0x00, 
0x00, 0x00, 0x00, 0x00, 0x00, 0x00, 0x00, 0x00, 0x00, 0x00, 0x00, 0x00, 0x00, 0x00, 0x00, 0x00, 
0x00, 0x00, 0x00, 0x00, 0x00, 0x00, 0x00, 0x00, 0x00, 0x00, 0x00, 0x00, 0x00, 0x00, 0x00, 0x00, 
0x00, 0x00, 0x00, 0x00, 0x00, 0x00, 0x00, 0x00, 0x00, 0x00, 0x00, 0x00, 0x00, 0x00, 0x00, 0x00, 
0x00, 0x00, 0x00, 0x00, 0x00, 0x00, 0x00, 0x00, 0x00, 0x00, 0x00, 0x00, 0x00, 0x00, 0x00, 0x00, 
0x00, 0x00, 0x00, 0x00, 0x00, 0x00, 0x00, 0x00, 0x00, 0x00, 0x00, 0x00, 0x00, 0x00, 0x00, 0x00, 
0x00, 0x00, 0x00, 0x00, 0x00, 0x00, 0x00, 0x00, 0x00, 0x00, 0x00, 0x00, 0x00, 0x00, 0x00, 0x00, 
0x00, 0x00, 0x00, 0x00, 0x00, 0x00, 0x00, 0x00, 0x00, 0x00, 0x00, 0x00, 0x00, 0x00, 0x00, 0x00, 
0x00, 0x00, 0x00, 0x00, 0x00, 0x00, 0x00, 0x00, 0x00, 0x00, 0x00, 0x00, 0x00, 0x00, 0x00, 0x00, 
0x00, 0x00, 0x00, 0x00, 0x00, 0x00, 0x00, 0x00, 0x00, 0x00, 0x00, 0x00, 0x00, 0x00, 0x00, 0x00, 
0xff, 0xff, 0xff, 0xff, 0xff, 0xff, 0xff, 0xff, 0xff, 0xff, 0xff, 0xff, 0xff, 0xff, 0xff, 0xff, 
0xff, 0xff, 0xff, 0xff, 0xff, 0xff, 0xff, 0xff, 0xff, 0xff, 0xff, 0xff, 0xff, 0xff, 0xff, 0xff, 
0xff, 0xff, 0xff, 0xff, 0xff, 0xff, 0xff, 0xff, 0xff, 0xff, 0xff, 0xff, 0xff, 0xff, 0xff, 0xff, 
0xff, 0xff, 0xff, 0xff, 0xff, 0xff, 0xff, 0xff, 0xff, 0xff, 0xff, 0xff, 0xff, 0xff, 0xff, 0xff, 
0xff, 0xff, 0xff, 0xff, 0xff, 0xff, 0xff, 0xff, 0xff, 0xff, 0xff, 0xff, 0xff, 0xff, 0xff, 0xff, 
0xff, 0xff, 0xff, 0xff, 0xff, 0xff, 0xff, 0xff, 0xff, 0xff, 0xff, 0xff, 0xff, 0xff, 0xff, 0xff, 
0xff, 0xff, 0xff, 0xff, 0xff, 0xff, 0xff, 0xff, 0xff, 0xff, 0xff, 0xff, 0xff, 0xff, 0xff, 0xff, 
0xff, 0xff, 0xff, 0xff, 0xff, 0xff, 0xff, 0xff, 0xff, 0xff, 0xff, 0xff, 0xff, 0xff, 0xff, 0xff, 
0xff, 0xff, 0xff, 0xff, 0xff, 0xff, 0xff, 0xff, 0xff, 0xff, 0xff, 0xff, 0xff, 0xff, 0xff, 0xff, 
0xff, 0xff, 0xff, 0xff, 0xff, 0xff, 0xff, 0xff, 0xff, 0xff, 0xff, 0xff, 0xff, 0xff, 0xff, 0xff, 
0xff, 0xff, 0xff, 0xff, 0xff, 0xff, 0xff, 0xff, 0xff, 0xff, 0xff, 0xff, 0xff, 0xff, 0xff, 0xff, 
0xff, 0xff, 0xff, 0xff, 0xff, 0xff, 0xff, 0xff, 0xff, 0xff, 0xff, 0xff, 0xff, 0xff, 0xff, 0xff, 
0xff, 0xff, 0xff, 0xff, 0xff, 0xff, 0xff, 0xff, 0xff, 0xff, 0xff, 0xff, 0xff, 0xff, 0xff, 0xff, 
0xff, 0xff, 0xff, 0xff, 0xff, 0xff, 0xff, 0xff, 0xff, 0xff, 0xff, 0xff, 0xff, 0xff, 0xff, 0xff, 
0xff, 0xff, 0xff, 0xff, 0xff, 0xff, 0xff, 0xff, 0xff, 0xff, 0xff, 0xff, 0xff, 0xff, 0xff, 0xff, 
0xff, 0xff, 0xff, 0xff, 0xff, 0xff, 0xff, 0xff, 0xff, 0xff, 0xff, 0xff, 0xff, 0xff, 0xff, 0xff, 
0xff, 0xff, 0xff, 0xff, 0xff, 0xff, 0xff, 0xff, 0xff, 0xff, 0xff, 0xff, 0xff, 0xff, 0xff, 0xff, 
0xff, 0xff, 0xff, 0xff, 0xff, 0xff, 0xff, 0xff, 0xff, 0xff, 0xff, 0xff, 0xff, 0xff, 0xff, 0xff, 
0xff, 0xff, 0xff, 0xff, 0xff, 0xff, 0xff, 0xff, 0xff, 0xff, 0xff, 0xff, 0xff, 0xff, 0xff, 0xff, 
0xff, 0xff, 0xff, 0xff, 0xff, 0xff, 0xff, 0xff, 0xff, 0xff, 0xff, 0xff, 0xff, 0xff, 0xff, 0xff, 
0xff, 0xff, 0xff, 0xff, 0xff, 0xff, 0xff, 0xff, 0xff, 0xff, 0xff, 0xff, 0xff, 0xff, 0xff, 0xff, 
0xff, 0xff, 0xff, 0xff, 0xff, 0xff, 0xff, 0xff, 0xff, 0xff, 0xff, 0xff, 0xff, 0xff, 0xff, 0xff, 
0xff, 0xff, 0xff, 0xff, 0xff, 0xff, 0xff, 0xff, 0xff, 0xff, 0xff, 0xff, 0xff, 0xff, 0xff, 0xff, 
0xff, 0xff, 0xff, 0xff, 0xff, 0xff, 0xff, 0xff, 0xff, 0xff, 0xff, 0xff, 0xff, 0xff, 0xff, 0xff, 
0xff, 0xff, 0xff, 0xff, 0xff, 0xff, 0xff, 0xff, 0xff, 0xff, 0xff, 0xff, 0xff, 0xff, 0xff, 0xff, 
0xff, 0xff, 0xff, 0xff, 0xff, 0xff, 0xff, 0xff, 0xff, 0xff, 0xff, 0xff, 0xff, 0xff, 0xff, 0xff, 
0xff, 0xff, 0xff, 0xff, 0xff, 0xff, 0xff, 0xff, 0xff, 0xff, 0xff, 0xff, 0xff, 0xff, 0xff, 0xff, 
0xff, 0xff, 0xff, 0xff, 0xff, 0xff, 0xff, 0xff, 0xff, 0xff, 0xff, 0xff, 0xff, 0xff, 0xff, 0xff, 
0xff, 0xff, 0xff, 0xff, 0xff, 0xff, 0xff, 0xff, 0xff, 0xff, 0xff, 0xff, 0xff, 0xff, 0xff, 0xff, 
0xff, 0xff, 0xff, 0xff, 0xff, 0xff, 0xff, 0xff, 0xff, 0xff, 0xff, 0xff, 0xff, 0xff, 0xff, 0xff, 
0xff, 0xff, 0xff, 0xff, 0xff, 0xff, 0xff, 0xff, 0xff, 0xff, 0xff, 0xff, 0xff, 0xff, 0xff, 0xff, 
0xff, 0xff, 0xff, 0xff, 0xff, 0xff, 0xff, 0xff, 0xff, 0xff, 0xff, 0xff, 0xff, 0xff, 0xff, 0xff, 
0xff, 0xff, 0xff, 0xff, 0xff, 0xff, 0xff, 0xff, 0xff, 0xff, 0xff, 0xff, 0xff, 0xff, 0xff, 0xff, 
0xff, 0xff, 0xff, 0xff, 0xff, 0xff, 0xff, 0xff, 0xff, 0xff, 0xff, 0xff, 0xff, 0xff, 0xff, 0xff, 
0xff, 0xff, 0xff, 0xff, 0xff, 0xff, 0xff, 0xff, 0xff, 0xff, 0xff, 0xff, 0xff, 0xff, 0xff, 0xff, 
0xff, 0xff, 0xff, 0xff, 0xff, 0xff, 0xff, 0xff, 0xff, 0xff, 0xff, 0xff, 0xff, 0xff, 0xff, 0xff, 
0xff, 0xff, 0xff, 0xff, 0xff, 0xff, 0xff, 0xff, 0xff, 0xff, 0xff, 0xff, 0xff, 0xff, 0xff, 0xff, 
0xff, 0xff, 0xff, 0xff, 0xff, 0xff, 0xff, 0xff, 0xff, 0xff, 0xff, 0xff, 0xff, 0xff, 0xff, 0xff, 
0xff, 0xff, 0xff, 0xff, 0xff, 0xff, 0xff, 0xff, 0xff, 0xff, 0xff, 0xff, 0xff, 0xff, 0xff, 0xff, 
0xff, 0xff, 0xff, 0xff, 0xff, 0xff, 0xff, 0xff, 0xff, 0xff, 0xff, 0xff, 0xff, 0xff, 0xff, 0xff, 
0xff, 0xff, 0xff, 0xff, 0xff, 0xff, 0xff, 0xff, 0xff, 0xff, 0xff, 0xff, 0xff, 0xff, 0xff, 0xff, 
0xff, 0xff, 0xff, 0xff, 0xff, 0xff, 0xff, 0xff, 0xff, 0xff, 0xff, 0xff, 0xff, 0xff, 0xff, 0xff, 
0xff, 0xff, 0xff, 0xff, 0xff, 0xff, 0xff, 0xff, 0xff, 0xff, 0xff, 0xff, 0xff, 0xff, 0xff, 0xff, 
0xff, 0xff, 0xff, 0xff, 0xff, 0xff, 0xff, 0xff, 0xff, 0xff, 0xff, 0xff, 0xff, 0xff, 0xff, 0xff, 
0xff, 0xff, 0xff, 0xff, 0xff, 0xff, 0xff, 0xff, 0xff, 0xff, 0xff, 0xff, 0xff, 0xff, 0xff, 0xff, 
0xff, 0xff, 0xff, 0xff, 0xff, 0xff, 0xff, 0xff, 0xff, 0xff, 0xff, 0xff, 0xff, 0xff, 0xff, 0xff, 
0xff, 0xff, 0xff, 0xff, 0xff, 0xff, 0xff, 0xff, 0xff, 0xff, 0xff, 0xff, 0xff, 0xff, 0xff, 0xff, 
0xff, 0xff, 0xff, 0xff, 0xff, 0xff, 0xff, 0xff, 0xff, 0xff, 0xff, 0xff, 0xff, 0xff, 0xff, 0xff, 
0xff, 0xff, 0xff, 0xff, 0xff, 0xff, 0xff, 0xff, 0xff, 0xff, 0xff, 0xff, 0xff, 0xff, 0xff, 0xff, 
0xff, 0xff, 0xff, 0xff, 0xff, 0xff, 0xff, 0xff, 0xff, 0xff, 0xff, 0xff, 0xff, 0xff, 0xff, 0xff, 
0xff, 0xff, 0xff, 0xff, 0xff, 0xff, 0xff, 0xff, 0xff, 0xff, 0xff, 0xff, 0xff, 0xff, 0xff, 0xff, 
0xff, 0xff, 0xff, 0xff, 0xff, 0xff, 0xff, 0xff, 0xff, 0xff, 0xff, 0xff, 0xff, 0xff, 0xff, 0xff, 
0xff, 0xff, 0xff, 0xff, 0xff, 0xff, 0xff, 0xff, 0xff, 0xff, 0xff, 0xff, 0xff, 0xff, 0xff, 0xff, 
0xff, 0xff, 0xff, 0xff, 0xff, 0xff, 0xff, 0xff, 0xff, 0xff, 0xff, 0xff, 0xff, 0xff, 0xff, 0xff, 
0xff, 0xff, 0xff, 0xff, 0xff, 0xff, 0xff, 0xff, 0xff, 0xff, 0xff, 0xff, 0xff, 0xff, 0xff, 0xff, 
0xff, 0xff, 0xff, 0xff, 0xff, 0xff, 0xff, 0xff, 0xff, 0xff, 0xff, 0xff, 0xff, 0xff, 0xff, 0xff, 
0xff, 0xff, 0xff, 0xff, 0xff, 0xff, 0xff, 0xff, 0xff, 0xff, 0xff, 0xff, 0xff, 0xff, 0xff, 0xff, 
0xff, 0xff, 0xff, 0xff, 0xff, 0xff, 0xff, 0xff, 0xff, 0xff, 0xff, 0xff, 0xff, 0xff, 0xff, 0xff, 
0xff, 0xff, 0xff, 0xff, 0xff, 0xff, 0xff, 0xff, 0xff, 0xff, 0xff, 0xff, 0xff, 0xff, 0xff, 0xff, 
0xff, 0xff, 0xff, 0xff, 0xff, 0xff, 0xff, 0xff, 0xff, 0xff, 0xff, 0xff, 0xff, 0xff, 0xff, 0xff, 
0xff, 0xff, 0xff, 0xff, 0xff, 0xff, 0xff, 0xff, 0xff, 0xff, 0xff, 0xff, 0xff, 0xff, 0xff, 0xff, 
0xff, 0xff, 0xff, 0xff, 0xff, 0xff, 0xff, 0xff, 0xff, 0xff, 0xff, 0xff, 0xff, 0xff, 0xff, 0xff, 
0xff, 0xff, 0xff, 0xff, 0xff, 0xff, 0xff, 0xff, 0xff, 0xff, 0xff, 0xff, 0xff, 0xff, 0xff, 0xff, 
0xff, 0xff, 0xff, 0xff, 0xff, 0xff, 0xff, 0xff, 0xff, 0xff, 0xff, 0xff, 0xff, 0xff, 0xff, 0xff, 
0xff, 0xff, 0xff, 0xff, 0xff, 0xff, 0xff, 0xff, 0xff, 0xff, 0xff, 0xff, 0xff, 0xff, 0xff, 0xff, 
0xff, 0xff, 0xff, 0xff, 0xff, 0xff, 0xff, 0xff, 0xff, 0xff, 0xff, 0xff, 0xff, 0xff, 0xff, 0xff, 
0xff, 0xff, 0xff, 0xff, 0xff, 0xff, 0xff, 0xff, 0xff, 0xff, 0xff, 0xff, 0xff, 0xff, 0xff, 0xff, 
0xff, 0xff, 0xff, 0xff, 0xff, 0xff, 0xff, 0xff, 0xff, 0xff, 0xff, 0xff, 0xff, 0xff, 0xff, 0xff, 
0xff, 0xff, 0xff, 0xff, 0xff, 0xff, 0xff, 0xff, 0xff, 0xff, 0xff, 0xff, 0xff, 0xff, 0xff, 0xff, 
0xff, 0xff, 0xff, 0xff, 0xff, 0xff, 0xff, 0xff, 0xff, 0xff, 0xff, 0xff, 0xff, 0xff, 0xff, 0xff, 
0xff, 0xff, 0xff, 0xff, 0xff, 0xff, 0xff, 0xff, 0xff, 0xff, 0xff, 0xff, 0xff, 0xff, 0xff, 0xff, 
0xff, 0xff, 0xff, 0xff, 0xff, 0xff, 0xff, 0xff, 0xff, 0xff, 0xff, 0xff, 0xff, 0xff, 0xff, 0xff, 
0xff, 0xff, 0xff, 0xff, 0xff, 0xff, 0xff, 0xff, 0xff, 0xff, 0xff, 0xff, 0xff, 0xff, 0xff, 0xff, 
0xff, 0xff, 0xff, 0xff, 0xff, 0xff, 0xff, 0xff, 0xff, 0xff, 0xff, 0xff, 0xff, 0xff, 0xff, 0xff, 
0xff, 0xff, 0xff, 0xff, 0xff, 0xff, 0xff, 0xff, 0xff, 0xff, 0xff, 0xff, 0xff, 0xff, 0xff, 0xff, 
0xff, 0xff, 0xff, 0xff, 0xff, 0xff, 0xff, 0xff, 0xff, 0xff, 0xff, 0xff, 0xff, 0xff, 0xff, 0xff, 
0x01, 0x00, 0xe0, 0xac, 0xfe, 0xff, 0xff, 0xff, 0x80, 0x06, 0x00, 0x00, 0xc0, 0x30, 0x00, 0x00, 
0x89, 0xff, 0x9e, 0x6b, 0x00, 0x00, 0x00, 0x00, 0xff, 0xff, 0xff, 0xff, 0xff, 0xff, 0xff, 0xff, 
0xff, 0xff, 0xff, 0xff, 0xff, 0xff, 0xff, 0xff, 0xff, 0xff, 0xff, 0xff, 0xff, 0xff, 0xff, 0xff, 
0xff, 0xff, 0xff, 0xff, 0x59, 0x11, 0x09, 0xf8, 0xff, 0xff, 0xff, 0xff, 0xff, 0xff, 0xff, 0xff, 
0xff, 0xff, 0xff, 0xff, 0x00, 0x06, 0x00, 0x00, 0x80, 0x00, 0x00, 0x00, 0xff, 0xff, 0xff, 0xff, 
0xff, 0xff, 0xff, 0xff, 0xff, 0xff, 0xff, 0xff, 0xff, 0xff, 0xff, 0xff, 0xff, 0xff, 0xff, 0xff, 
0xff, 0xff, 0xff, 0xff, 0xff, 0xff, 0xff, 0xff, 0xff, 0xff, 0xff, 0xff, 0xff, 0xff, 0xff, 0xff, 
0xff, 0xff, 0xff, 0xff, 0xff, 0xff, 0xff, 0xff, 0xff, 0xff, 0xff, 0xff, 0xff, 0xff, 0xff, 0xff, 
0x01, 0x00, 0x73, 0x02, 0x32, 0x5c, 0xe4, 0x55, 0x00, 0x00, 0x00, 0x00, 0x00, 0x00, 0x00, 0x00, 
0x31, 0x20, 0x20, 0x20, 0xfa, 0x64, 0x32, 0x00, 0x1a, 0x00, 0x0f, 0x16, 0x00, 0x0a, 0x3a, 0x72, 
0xb6, 0x4d, 0xdf, 0x4c, 0x00, 0x00, 0x06, 0x00, 0x07, 0x0f, 0x17, 0x00, 0x0a, 0x00, 0x00, 0x00, 
0x00, 0x00, 0x00, 0x00, 0x00, 0x00, 0x00, 0x02, 0x0f, 0x27, 0x00, 0x0d, 0x04, 0x08, 0x12, 0x8c, 
0x19, 0x47, 0x1a, 0x00, 0x50, 0x51, 0x00, 0x00, 0x00, 0x00, 0x0f, 0x28, 0x00, 0x10, 0x00, 0x08, 
0x0c, 0x01, 0x00, 0x00, 0x00, 0x00, 0x00, 0x00, 0x00, 0x00, 0x00, 0x00, 0x00, 0x00, 0x03, 0x0f, 
0x29, 0x00, 0x03, 0x30, 0x30, 0x80, 0x00, 0x0f, 0x2b, 0x00, 0x07, 0x08, 0x00, 0x00, 0x00, 0x04, 
0x00, 0x00, 0x00, 0x0f, 0x32, 0x00, 0x3e, 0x00, 0xa8, 0x2a, 0x00, 0x90, 0x01, 0x24, 0x2c, 0xd1, 
0x02, 0x00, 0x2c, 0xb1, 0x04, 0x00, 0xf4, 0x41, 0x06, 0x00, 0xf4, 0xb1, 0x04, 0xe0, 0x00, 0x00, 
0x00, 0x00, 0x00, 0x00, 0x00, 0x00, 0x00, 0x00, 0x00, 0x00, 0x00, 0x00, 0x00, 0x00, 0x00, 0x00, 
0x00, 0x00, 0x00, 0x00, 0x00, 0x00, 0x00, 0x00, 0x00, 0x00, 0x00, 0x00, 0x00, 0x00, 0xaa, 0x0a, 
0x00, 0x00, 0x00, 0x00, 0x00, 0x00, 0x0f, 0x33, 0x00, 0x34, 0x25, 0x2c, 0x91, 0x01, 0x10, 0x2c, 
0xd1, 0x02, 0x00, 0x2c, 0xb1, 0x04, 0x00, 0xf4, 0x41, 0x06, 0x00, 0x64, 0x23, 0xa4, 0xc1, 0x00, 
0x00, 0x00, 0x00, 0x00, 0x00, 0x00, 0x00, 0xf4, 0xc1, 0x08, 0x00, 0xf4, 0x41, 0x0b, 0x00, 0xf4, 
0x01, 0x0f, 0x00, 0xf0, 0x96, 0xc0, 0xd3, 0x00, 0x00, 0x00, 0x00, 0x00, 0x00, 0x00, 0x00, 0x0f, 
0x37, 0x00, 0x17, 0x0a, 0x40, 0x9f, 0x02, 0xc0, 0x1b, 0x01, 0x00, 0x00, 0x00, 0x00, 0x00, 0x00, 
0x00, 0x00, 0x00, 0x00, 0x00, 0x00, 0x00, 0x00, 0x00, 0x00, 0x00, 0x0f, 0x42, 0x00, 0x03, 0x1a, 
0x00, 0x0a, 0x00, 0x0f, 0x47, 0x00, 0x30, 0x04, 0x51, 0x04, 0x40, 0x50, 0x00, 0x00, 0x00, 0x00, 
0x11, 0x09, 0x00, 0x00, 0x40, 0x00, 0x00, 0x61, 0x00, 0x00, 0x00, 0x00, 0x00, 0x00, 0x00, 0x43, 
0x00, 0x00, 0x00, 0x00, 0x00, 0x00, 0x00, 0x00, 0x00, 0x00, 0x00, 0x00, 0x00, 0x00, 0x00, 0x00, 
0x00, 0x00, 0x00, 0x00, 0x00, 0x00, 0x00, 0x00, 0x0f, 0x55, 0x00, 0x03, 0x18, 0x04, 0x00, 0x00, 
0x0f, 0x56, 0x00, 0x01, 0x02, 0x00, 0x0f, 0x5c, 0x00, 0x30, 0x0e, 0x00, 0x00, 0x00, 0x00, 0x00, 
0x00, 0x00, 0x00, 0x00, 0x00, 0x00, 0x00, 0x00, 0x00, 0x00, 0x00, 0x00, 0x00, 0x00, 0x00, 0x00, 
0x00, 0x00, 0x00, 0x00, 0x00, 0x00, 0x00, 0x00, 0x00, 0x00, 0x04, 0x00, 0x00, 0x00, 0x00, 0x4b, 
0x5c, 0x4c, 0x00, 0x00, 0x00, 0x00, 0x00, 0x00, 0x00, 0x00, 0x00, 0x0f, 0x62, 0x00, 0x07, 0x00, 
0x00, 0x01, 0x30, 0x00, 0x00, 0x00, 0x00, 0x0f, 0x70, 0x00, 0x00, 0x05, 0x0f, 0x78, 0x00, 0x03, 
0x00, 0x00, 0x00, 0x80, 0x0f, 0x7b, 0x00, 0x0f, 0x00, 0x02, 0xff, 0xff, 0x00, 0x00, 0x00, 0x00, 
0x00, 0x00, 0x00, 0x00, 0x00, 0x00, 0x00, 0x00, 0x0f, 0x7e, 0x00, 0x0d, 0x01, 0x00, 0x00, 0x00, 
0x00, 0x00, 0x00, 0x02, 0x0f, 0x64, 0x64, 0x64, 0xf0, 0xf0, 0x0f, 0x95, 0x00, 0x36, 0x20, 0x4e, 
0x00, 0x00, 0xb0, 0xcb, 0xfc, 0xff, 0x50, 0xc3, 0x00, 0x00, 0xe0, 0xb1, 0xff, 0xff, 0x0a, 0x0c, 
0x0a, 0x09, 0x00, 0x00, 0x00, 0x00, 0x00, 0x00, 0x00, 0x00, 0x00, 0x00, 0x00, 0x00, 0x00, 0x00, 
0x00, 0x00, 0x00, 0x0a, 0x0a, 0x0c, 0x09, 0x01, 0x00, 0x01, 0x00, 0x01, 0x01, 0x01, 0x00, 0x00, 
0x00, 0x01, 0x00, 0x00, 0x00, 0x0f, 0x97, 0x00, 0x05, 0x0a, 0x01, 0x01, 0x0c, 0x36, 0x00, 0x64, 
0x00, 0x64, 0x00, 0x64, 0x00, 0x64, 0x00, 0x64, 0x00, 0x64, 0x00, 0x64, 0x00, 0x64, 0x00, 0x64, 
0x00, 0x64, 0x00, 0x64, 0x00, 0x64, 0x00, 0x64, 0x00, 0x64, 0x00, 0x64, 0x00, 0x64, 0x00, 0x64, 
0x00, 0x64, 0x00, 0x64, 0x00, 0x64, 0x00, 0x64, 0x00, 0x64, 0x00, 0x64, 0x00, 0x64, 0x00, 0x64, 
0x00, 0x64, 0x00, 0x64, 0x00, 0x64, 0x00, 0x64, 0x00, 0x64, 0x00, 0x64, 0x00, 0x64, 0x00, 0x64, 
0x00, 0x64, 0x00, 0x64, 0x00, 0x64, 0x00, 0x64, 0x00, 0x64, 0x00, 0x64, 0x00, 0x64, 0x00, 0x64, 
0x00, 0x64, 0x00, 0x64, 0x00, 0x64, 0x00, 0x64, 0x00, 0x64, 0x00, 0x64, 0x00, 0x64, 0x00, 0x64, 
0x00, 0x64, 0x00, 0x00, 0x00, 0x00, 0x00, 0x00, 0x00, 0x00, 0x00, 0x00, 0x00, 0x00, 0x00, 0x00, 
0x00, 0x00, 0x00, 0x00, 0x00, 0x00, 0x00, 0x00, 0x00, 0x00, 0x00, 0x00, 0x00, 0x00, 0x00, 0x00, 
0x00, 0x00, 0x00, 0x00, 0x00, 0x00, 0x00, 0x00, 0x00, 0x00, 0x00, 0x00, 0x00, 0x00, 0x00, 0x00, 
0x00, 0x00, 0x00, 0x00, 0x00, 0x00, 0x00, 0x00, 0x00, 0x00, 0x00, 0x00, 0x00, 0x00, 0x00, 0x00, 
0x00, 0x00, 0x00, 0x00, 0x00, 0x00, 0x00, 0x00, 0x00, 0x00, 0x00, 0x00, 0x00, 0x00, 0x00, 0x00, 
0x00, 0x00, 0x00, 0x00, 0x00, 0x00, 0x00, 0x00, 0x00, 0x00, 0x00, 0x00, 0x00, 0x00, 0x00, 0x00, 
0x00, 0x00, 0x00, 0x00, 0x00, 0x00, 0x00, 0x00, 0x00, 0x00, 0x00, 0x00, 0x00, 0x00, 0x00, 0x00, 
0x00, 0x00, 0x00, 0x00, 0x00, 0x00, 0x00, 0x00, 0x00, 0x00, 0x00, 0x00, 0x00, 0x00, 0x00, 0x00, 
0x00, 0x00, 0x00, 0x00, 0x00, 0x00, 0x00, 0x00, 0x00, 0x00, 0x00, 0x00, 0x00, 0x00, 0x00, 0x00, 
0x00, 0x00, 0x00, 0x00, 0x00, 0x00, 0x00, 0x00, 0x00, 0x00, 0x00, 0x00, 0x00, 0x00, 0x00, 0x00, 
0x00, 0x00, 0x00, 0x00, 0x00, 0x00, 0x00, 0x00, 0x00, 0x00, 0x00, 0x00, 0x00, 0x00, 0x00, 0x00, 
0x00, 0x00, 0x00, 0x00, 0x00, 0x00, 0x00, 0x00, 0x00, 0x00, 0x00, 0x00, 0x00, 0x00, 0x00, 0x00, 
0x00, 0x00, 0x00, 0x00, 0x00, 0x00, 0x00, 0x00, 0x00, 0x00, 0x00, 0x00, 0x00, 0x00, 0x00, 0x00, 
0x00, 0x00, 0x00, 0x00, 0x00, 0x00, 0x00, 0x00, 0x00, 0x00, 0x00, 0x00, 0x00, 0x00, 0x00, 0x00, 
0x00, 0x00, 0x00, 0x00, 0x00, 0x00, 0x00, 0x00, 0x00, 0x00, 0x00, 0x00, 0x00, 0x00, 0x00, 0x00, 
0x00, 0x00, 0x00, 0x00, 0x00, 0x00, 0x00, 0x00, 0x00, 0x00, 0x00, 0x00, 0x00, 0x00, 0x00, 0x00, 
0x00, 0x00, 0x00, 0x00, 0x00, 0x00, 0x00, 0x00, 0x00, 0x00, 0x00, 0x00, 0x00, 0x00, 0x00, 0x00, 
0x00, 0x00, 0x00, 0x00, 0x00, 0x00, 0x00, 0x00, 0x00, 0x00, 0x00, 0x00, 0x00, 0x00, 0x00, 0x00, 
0x00, 0x00, 0x00, 0x00, 0x00, 0x00, 0x00, 0x00, 0x00, 0x00, 0x00, 0x00, 0x00, 0x00, 0x00, 0x00, 
0x00, 0x00, 0x00, 0x00, 0x00, 0x00, 0x00, 0x00, 0x00, 0x00, 0x00, 0x00, 0x00, 0x00, 0x00, 0x00, 
0x00, 0x00, 0x00, 0x00, 0x00, 0x00, 0x00, 0x00, 0x00, 0x00, 0x00, 0x00, 0x00, 0x00, 0x00, 0x00, 
0x00, 0x00, 0x00, 0x00, 0x00, 0x00, 0x00, 0x00, 0x00, 0x00, 0x00, 0x00, 0x00, 0x00, 0x00, 0x00, 
0x00, 0x00, 0x00, 0x00, 0x00, 0x00, 0x00, 0x00, 0x00, 0x00, 0x00, 0x00, 0x00, 0x00, 0x00, 0x00, 
0x00, 0x00, 0x00, 0x00, 0x00, 0x00, 0x00, 0x00, 0x00, 0x00, 0x00, 0x00, 0x00, 0x00, 0x00, 0x00, 
0x00, 0x00, 0x00, 0x00, 0x00, 0x00, 0x00, 0x00, 0x00, 0x00, 0x00, 0x00, 0x00, 0x00, 0x00, 0x00, 
0x00, 0x00, 0x00, 0x00, 0x00, 0x00, 0x00, 0x00, 0x00, 0x00, 0x00, 0x00, 0x00, 0x00, 0x00, 0x00, 
0x00, 0x00, 0x00, 0x00, 0x00, 0x00, 0x00, 0x00, 0x00, 0x00, 0x00, 0x00, 0x00, 0x00, 0x00, 0x00, 
0x00, 0x00, 0x00, 0x00, 0x00, 0x00, 0x00, 0x00, 0x00, 0x00, 0x00, 0x00, 0x00, 0x00, 0x00, 0x00, 
0x00, 0x00, 0x00, 0x00, 0x00, 0x00, 0x00, 0x00, 0x00, 0x00, 0x00, 0x00, 0x00, 0x00, 0x00, 0x00, 
0x00, 0x00, 0x00, 0x00, 0x00, 0x00, 0x00, 0x00, 0x00, 0x00, 0x00, 0x00, 0x00, 0x00, 0x00, 0x00, 
0x00, 0x00, 0x00, 0x00, 0x00, 0x00, 0x00, 0x00, 0x00, 0x00, 0x00, 0x00, 0x00, 0x00, 0x00, 0x00, 
0x00, 0x00, 0x00, 0x00, 0x00, 0x00, 0x00, 0x00, 0x00, 0x00, 0x00, 0x00, 0x00, 0x00, 0x00, 0x00, 
0x00, 0x00, 0x00, 0x00, 0x00, 0x00, 0x00, 0x00, 0x00, 0x00, 0x00, 0x00, 0x00, 0x00, 0x00, 0x00, 
0x00, 0x00, 0x00, 0x00, 0x00, 0x00, 0x00, 0x00, 0x00, 0x00, 0x00, 0x00, 0x00, 0x00, 0x00, 0x00, 
0x00, 0x00, 0x00, 0x00, 0x00, 0x00, 0x00, 0x00, 0x00, 0x00, 0x00, 0x00, 0x00, 0x00, 0x00, 0x00, 
0x00, 0x00, 0x00, 0x00, 0x00, 0x00, 0x00, 0x00, 0x00, 0x00, 0x00, 0x00, 0x00, 0x00, 0x00, 0x00, 
0x00, 0x00, 0x00, 0x00, 0x00, 0x00, 0x00, 0x00, 0x00, 0x00, 0x00, 0x00, 0x00, 0x00, 0x00, 0x00, 
0x00, 0x00, 0x00, 0x00, 0x00, 0x00, 0x00, 0x00, 0x00, 0x00, 0x00, 0x00, 0x00, 0x00, 0x00, 0x00, 
0x00, 0x00, 0x00, 0x00, 0x00, 0x00, 0x00, 0x00, 0x00, 0x00, 0x00, 0x00, 0x00, 0x00, 0x00, 0x00, 
0x00, 0x00, 0x00, 0x00, 0x00, 0x00, 0x00, 0x00, 0x00, 0x00, 0x00, 0x00, 0x00, 0x00, 0x00, 0x00, 
0x00, 0x00, 0x00, 0x00, 0x00, 0x00, 0x00, 0x00, 0x00, 0x00, 0x00, 0x00, 0x00, 0x00, 0x00, 0x00, 
0x00, 0x00, 0x00, 0x00, 0x00, 0x00, 0x00, 0x00, 0x00, 0x00, 0x00, 0x00, 0x00, 0x00, 0x00, 0x00, 
0x00, 0x00, 0x00, 0x00, 0x00, 0x00, 0x00, 0x00, 0x00, 0x00, 0x00, 0x00, 0x00, 0x00, 0x00, 0x00, 
0x00, 0x00, 0x00, 0x00, 0x00, 0x00, 0x00, 0x00, 0x00, 0x00, 0x00, 0x00, 0x00, 0x00, 0x00, 0x00, 
0x00, 0x00, 0x00, 0x00, 0x00, 0x00, 0x00, 0x00, 0x00, 0x00, 0x00, 0x00, 0x00, 0x00, 0x00, 0x00, 
0x00, 0x00, 0x00, 0x00, 0x00, 0x00, 0x00, 0x00, 0x00, 0x00, 0x00, 0x00, 0x00, 0x00, 0x00, 0x00, 
0x00, 0x00, 0x00, 0x00, 0x00, 0x00, 0x00, 0x00, 0x00, 0x00, 0x00, 0x00, 0x00, 0x00, 0x00, 0x00, 
0x00, 0x00, 0x00, 0x00, 0x00, 0x00, 0x00, 0x00, 0x00, 0x00, 0x00, 0x00, 0x00, 0x00, 0x00, 0x00, 
0x00, 0x00, 0x00, 0x00, 0x00, 0x00, 0x00, 0x00, 0x00, 0x00, 0x00, 0x00, 0x00, 0x00, 0x00, 0x00, 
0x00, 0x00, 0x00, 0x00, 0x00, 0x00, 0x00, 0x00, 0x00, 0x00, 0x00, 0x00, 0x00, 0x00, 0x00, 0x00, 
0x00, 0x00, 0x00, 0x00, 0x00, 0x00, 0x00, 0x00, 0x00, 0x00, 0x00, 0x00, 0x00, 0x00, 0x00, 0x00, 
0x00, 0x00, 0x00, 0x00, 0x00, 0x00, 0x00, 0x00, 0x00, 0x00, 0x00, 0x00, 0x00, 0x00, 0x00, 0x00, 
0x00, 0x00, 0x00, 0x00, 0x00, 0x00, 0x00, 0x00, 0x00, 0x00, 0x00, 0x00, 0x00, 0x00, 0x00, 0x00, 
0x00, 0x00, 0x00, 0x00, 0x00, 0x00, 0x00, 0x00, 0x00, 0x00, 0x00, 0x00, 0x00, 0x00, 0x00, 0x00, 
0x00, 0x00, 0x00, 0x00, 0x00, 0x00, 0x00, 0x00, 0x00, 0x00, 0x00, 0x00, 0x00, 0x00, 0x00, 0x00, 
0x00, 0x00, 0x00, 0x00, 0x00, 0x00, 0x00, 0x00, 0x00, 0x00, 0x00, 0x00, 0x00, 0x00, 0x00, 0x00, 
0x00, 0x00, 0x00, 0x00, 0x00, 0x00, 0x00, 0x00, 0x00, 0x00, 0x00, 0x00, 0x00, 0x00, 0x00, 0x00, 
0xc8, 0x2f, 0x04, 0x00, 0x58, 0x00, 0x00, 0x00, 0x44, 0x5b, 0x04, 0x20, 0x40, 0x5b, 0x04, 0x20, 
0x44, 0x5b, 0x04, 0x20, 0x79, 0x2b, 0x04, 0x20, 0x05, 0xb1, 0x59, 0x00, 0x00, 0x11, 0x09, 0xf8, 
0x91, 0x63, 0x0f, 0x9f, 0xad, 0x06, 0x34, 0x02, 0x00, 0x00, 0x00, 0x00, 0xc0, 0x30, 0x04, 0x20, 
0x00, 0x00, 0x00, 0x00, 0x00, 0x00, 0x00, 0x00, 0x00, 0x00, 0x00, 0x00, 0x87, 0xc6, 0xdf, 0xf9, 
0xf0, 0xb5, 0x80, 0x4d, 0x87, 0xb0, 0x7e, 0x48, 0x28, 0x62, 0x80, 0x4e, 0x7e, 0x48, 0x05, 0x96, 
0xf0, 0x61, 0x2b, 0x46, 0x7e, 0x48, 0xc0, 0x3b, 0x58, 0x63, 0x7e, 0x48, 0x98, 0x62, 0x7f, 0x49, 
0x7d, 0x48, 0x48, 0x62, 0x7f, 0x4a, 0x7e, 0x48, 0x10, 0x62, 0xff, 0x3a, 0x81, 0x3a, 0x7e, 0x48, 
0x04, 0x92, 0x90, 0x60, 0x7e, 0x48, 0x7d, 0x4a, 0x7f, 0x4c, 0x42, 0x62, 0x7d, 0x4e, 0x66, 0x66, 
0x22, 0x46, 0x60, 0x32, 0x7d, 0x4c, 0x7c, 0x4e, 0xd4, 0x60, 0xc0, 0x36, 0x7c, 0x4c, 0x00, 0x96, 
0x74, 0x60, 0x7c, 0x4c, 0x94, 0x61, 0x7c, 0x4c, 0x04, 0x63, 0x0e, 0x46, 0x7b, 0x4c, 0xc0, 0x3e, 
0xf4, 0x62, 0x7c, 0x4e, 0x7a, 0x4c, 0x34, 0x63, 0x07, 0x46, 0xc0, 0x3f, 0x7a, 0x4c, 0x03, 0x97, 
0x3c, 0x62, 0x7a, 0x4c, 0x84, 0x62, 0x7a, 0x4c, 0x8c, 0x62, 0xb6, 0x46, 0x79, 0x4c, 0xcc, 0x61, 
0xff, 0x36, 0x01, 0x36, 0x78, 0x4c, 0x02, 0x96, 0x34, 0x61, 0x6b, 0x4e, 0x77, 0x4c, 0xf4, 0x64, 
0x77, 0x4c, 0x2c, 0x60, 0x77, 0x4c, 0x1f, 0x46, 0x40, 0x37, 0x3c, 0x60, 0x06, 0x46, 0x40, 0x36, 
0x75, 0x4c, 0x01, 0x96, 0xb4, 0x61, 0x75, 0x4c, 0xc4, 0x63, 0x75, 0x4c, 0x84, 0x61, 0x62, 0x4c, 
0x74, 0x4e, 0xa0, 0x34, 0x26, 0x60, 0x74, 0x4e, 0x66, 0x60, 0xbc, 0x46, 0x00, 0x9e, 0x73, 0x4f, 
0xb7, 0x61, 0x73, 0x4e, 0xee, 0x61, 0x5c, 0x4e, 0x72, 0x4d, 0x75, 0x62, 0x55, 0x4e, 0x72, 0x4d, 
0x40, 0x36, 0x00, 0x96, 0x35, 0x61, 0x72, 0x4e, 0x70, 0x4d, 0x35, 0x60, 0x71, 0x4d, 0xcd, 0x60, 
0x05, 0x9e, 0x71, 0x4d, 0xb5, 0x62, 0x71, 0x4d, 0x67, 0x46, 0xfd, 0x63, 0x1e, 0x46, 0x70, 0x4d, 
0x80, 0x36, 0x35, 0x60, 0x80, 0x36, 0x6f, 0x4d, 0x05, 0x96, 0x35, 0x61, 0x6e, 0x4d, 0x40, 0x36, 
0x35, 0x60, 0x6e, 0x4d, 0x9d, 0x63, 0x6e, 0x4d, 0xdd, 0x63, 0x6e, 0x4b, 0x3b, 0x61, 0x05, 0x46, 
0x6d, 0x4b, 0x80, 0x3d, 0x6b, 0x62, 0x03, 0x9f, 0x6c, 0x4b, 0x3b, 0x63, 0x6c, 0x4b, 0x60, 0x4d, 
0x0b, 0x61, 0x6c, 0x4b, 0xe4, 0x35, 0x6b, 0x60, 0x6b, 0x4d, 0x6c, 0x4b, 0x49, 0x4f, 0x1d, 0x60, 
0x6b, 0x4d, 0xdd, 0x61, 0x6b, 0x4d, 0xb5, 0x60, 0x6b, 0x4d, 0x40, 0x37, 0xbd, 0x62, 0x02, 0x9e, 
0x6a, 0x4d, 0x75, 0x63, 0x6a, 0x4d, 0x15, 0x61, 0x6a, 0x4a, 0x0a, 0x62, 0x01, 0x9e, 0x6a, 0x49, 
0x71, 0x61, 0x00, 0x9e, 0x69, 0x49, 0x71, 0x62, 0x37, 0x4a, 0x69, 0x49, 0x91, 0x60, 0x50, 0x4a, 
0x68, 0x49, 0x64, 0x32, 0x51, 0x60, 0x1a, 0x46, 0x67, 0x49, 0x40, 0x3a, 0xd1, 0x60, 0x67, 0x49, 
0x76, 0x46, 0xb1, 0x61, 0x66, 0x49, 0x79, 0x61, 0x66, 0x49, 0x61, 0x61, 0x21, 0x46, 0x66, 0x4a, 
0x40, 0x31, 0x8a, 0x60, 0x65, 0x4a, 0xca, 0x60, 0x04, 0x9a, 0x65, 0x49, 0x11, 0x61, 0x05, 0x9e, 
0x64, 0x49, 0x71, 0x60, 0x64, 0x49, 0x41, 0x63, 0x64, 0x48, 0x76, 0x46, 0xf0, 0x61, 0x64, 0x48, 
0x1e, 0x49, 0x58, 0x61, 0x63, 0x48, 0x80, 0x39, 0x08, 0x62, 0x63, 0x48, 0x80, 0x78, 0x00, 0x28, 
0x09, 0xd0, 0x62, 0x48, 0xc1, 0x68, 0x00, 0x29, 0x02, 0xd0, 0x80, 0x68, 0x02, 0xf0, 0x1c, 0xfc, 
0x5f, 0x49, 0x07, 0x20, 0x08, 0x70, 0x5f, 0x48, 0x5f, 0x4a, 0xc1, 0x78, 0x13, 0x8f, 0x09, 0x07, 
0x09, 0x0f, 0x30, 0x31, 0x09, 0x09, 0xdb, 0x06, 0x09, 0x01, 0x1b, 0x0f, 0x19, 0x43, 0xc1, 0x70, 
0x81, 0x78, 0x92, 0x8e, 0x09, 0x07, 0x09, 0x0f, 0x10, 0x31, 0x09, 0x09, 0x52, 0x06, 0x09, 0x01, 
0x12, 0x0f, 0x11, 0x43, 0x81, 0x70, 0x02, 0xf0, 0x05, 0xfc, 0x07, 0xb0, 0xf0, 0xbd, 0x00, 0x00, 
0xd3, 0x46, 0x04, 0x20, 0x78, 0x0d, 0x04, 0x20, 0xc1, 0x36, 0x04, 0x20, 0xf8, 0x05, 0x04, 0x20, 
0x25, 0x44, 0x04, 0x20, 0x2d, 0x44, 0x04, 0x20, 0x85, 0x33, 0x04, 0x20, 0xf8, 0x11, 0x04, 0x20, 
0x11, 0x3f, 0x04, 0x20, 0xf8, 0x09, 0x04, 0x20, 0x63, 0x3c, 0x04, 0x20, 0x19, 0x4a, 0x04, 0x20, 
0xb8, 0x0f, 0x04, 0x20, 0x75, 0x3f, 0x04, 0x20, 0xa8, 0x00, 0x04, 0x20, 0x3b, 0x40, 0x04, 0x20, 
0xe5, 0x41, 0x04, 0x20, 0xab, 0x3a, 0x04, 0x20, 0x9d, 0x49, 0x04, 0x20, 0x29, 0x37, 0x04, 0x20, 
0xb9, 0x38, 0x04, 0x20, 0xb8, 0x08, 0x04, 0x20, 0x85, 0x48, 0x04, 0x20, 0xb7, 0x49, 0x04, 0x20, 
0xc5, 0x2e, 0x04, 0x20, 0x95, 0x2f, 0x04, 0x20, 0xe1, 0x38, 0x04, 0x20, 0x21, 0x39, 0x04, 0x20, 
0x39, 0x46, 0x04, 0x20, 0x4f, 0x45, 0x04, 0x20, 0xaf, 0x4c, 0x04, 0x20, 0x39, 0x50, 0x04, 0x20, 
0x4b, 0x54, 0x04, 0x20, 0x83, 0x39, 0x04, 0x20, 0x99, 0x39, 0x04, 0x20, 0xd9, 0x39, 0x04, 0x20, 
0x7d, 0x46, 0x04, 0x20, 0xfb, 0x39, 0x04, 0x20, 0x41, 0x3a, 0x04, 0x20, 0x55, 0x3a, 0x04, 0x20, 
0xe4, 0x02, 0x04, 0x20, 0x95, 0x30, 0x04, 0x20, 0xed, 0x36, 0x04, 0x20, 0xdd, 0x45, 0x04, 0x20, 
0x0b, 0x46, 0x04, 0x20, 0x2d, 0x48, 0x04, 0x20, 0xa5, 0x47, 0x04, 0x20, 0xad, 0x44, 0x04, 0x20, 
0xff, 0x44, 0x04, 0x20, 0x03, 0x45, 0x04, 0x20, 0xc7, 0x48, 0x04, 0x20, 0xdb, 0x48, 0x04, 0x20, 
0x83, 0x33, 0x04, 0x20, 0x07, 0x3b, 0x04, 0x20, 0xb3, 0x42, 0x04, 0x20, 0x38, 0x0c, 0x04, 0x20, 
0x6d, 0x42, 0x04, 0x20, 0x05, 0x47, 0x04, 0x20, 0x5d, 0x3b, 0x04, 0x20, 0x85, 0x41, 0x04, 0x20, 
0x99, 0x41, 0x04, 0x20, 0xd1, 0x33, 0x04, 0x20, 0x9b, 0x54, 0x04, 0x20, 0x4b, 0x38, 0x04, 0x20, 
0x99, 0x38, 0x04, 0x20, 0x91, 0x3b, 0x04, 0x20, 0x99, 0x3c, 0x04, 0x20, 0xa1, 0x3b, 0x04, 0x20, 
0x87, 0x3d, 0x04, 0x20, 0x05, 0x3e, 0x04, 0x20, 0x2b, 0x3e, 0x04, 0x20, 0x47, 0x3e, 0x04, 0x20, 
0x65, 0x3e, 0x04, 0x20, 0x35, 0x47, 0x04, 0x20, 0xd7, 0x54, 0x04, 0x20, 0x9d, 0x3e, 0x04, 0x20, 
0x77, 0x43, 0x04, 0x20, 0xcf, 0x43, 0x04, 0x20, 0x44, 0x2a, 0x04, 0x20, 0x1c, 0x2b, 0x04, 0x20, 
0x60, 0x2a, 0x04, 0x20, 0x58, 0x00, 0x04, 0x20, 0x70, 0x1d, 0x04, 0x20, 0x70, 0xb5, 0x0d, 0x46, 
0x04, 0x46, 0x35, 0x21, 0x01, 0xf0, 0x52, 0xfc, 0x00, 0x28, 0x30, 0xd1, 0xc5, 0x20, 0xc0, 0x00, 
0xfc, 0x49, 0x60, 0x43, 0x42, 0x18, 0x09, 0x20, 0x80, 0x01, 0x10, 0x18, 0x00, 0x7f, 0x01, 0x28, 
0x10, 0xd0, 0x13, 0x20, 0x40, 0x01, 0x10, 0x18, 0xc0, 0x7d, 0x01, 0x28, 0x0a, 0xd0, 0x00, 0x2d, 
0x23, 0x46, 0x02, 0xd0, 0x01, 0x22, 0x11, 0x46, 0x01, 0xe0, 0x01, 0x22, 0x00, 0x21, 0x8e, 0x20, 
0x02, 0xf0, 0x3e, 0xfb, 0x20, 0x46, 0x02, 0xf0, 0x41, 0xfb, 0x00, 0x28, 0x0f, 0xd0, 0x00, 0x2d, 
0x02, 0xd0, 0x00, 0x22, 0x84, 0x21, 0x07, 0xe0, 0xeb, 0x48, 0x01, 0x5d, 0x0b, 0x29, 0x06, 0xd0, 
0x0a, 0x29, 0x04, 0xd0, 0x00, 0x22, 0x85, 0x21, 0x20, 0x46, 0x02, 0xf0, 0x35, 0xfb, 0x70, 0xbd, 
0x70, 0xb5, 0x04, 0x46, 0x00, 0x21, 0x02, 0xf0, 0x35, 0xfb, 0xef, 0xf3, 0x10, 0x80, 0xc5, 0x07, 
0xed, 0x0f, 0x72, 0xb6, 0x20, 0x46, 0x02, 0xf0, 0x33, 0xfb, 0x00, 0x28, 0x09, 0xd0, 0xde, 0x48, 
0x01, 0x5d, 0x3a, 0x29, 0x01, 0xd0, 0x2d, 0x29, 0x14, 0xd1, 0x20, 0x46, 0x02, 0xf0, 0x2e, 0xfb, 
0x10, 0xe0, 0xc5, 0x20, 0xc0, 0x00, 0xd7, 0x49, 0x60, 0x43, 0x41, 0x18, 0x0f, 0x20, 0x80, 0x01, 
0x08, 0x18, 0x00, 0x79, 0x64, 0x28, 0x01, 0xd0, 0x65, 0x28, 0x03, 0xd1, 0x02, 0x21, 0x20, 0x46, 
0x02, 0xf0, 0x22, 0xfb, 0x00, 0x2d, 0x00, 0xd1, 0x62, 0xb6, 0x70, 0xbd, 0x70, 0xb5, 0x0c, 0x46, 
0x05, 0x46, 0x02, 0xf0, 0xfb, 0xfa, 0x00, 0x28, 0x15, 0xd0, 0x21, 0x46, 0x01, 0x20, 0x41, 0x40, 
0x28, 0x46, 0x02, 0xf0, 0xff, 0xfa, 0x00, 0x2c, 0x02, 0xd0, 0x00, 0x22, 0x7c, 0x21, 0x07, 0xe0, 
0xc6, 0x4b, 0xc7, 0x4a, 0x35, 0x21, 0x28, 0x46, 0x02, 0xf0, 0x0c, 0xfb, 0x00, 0x22, 0x7d, 0x21, 
0x28, 0x46, 0x02, 0xf0, 0xe9, 0xfa, 0x70, 0xbd, 0xfe, 0xb5, 0x00, 0x20, 0x01, 0x27, 0x04, 0x46, 
0x01, 0x90, 0x20, 0x46, 0x02, 0xf0, 0xda, 0xfa, 0x00, 0x28, 0x30, 0xd0, 0x58, 0x20, 0x21, 0x46, 
0x41, 0x43, 0xbc, 0x48, 0x01, 0xab, 0x0d, 0x18, 0x28, 0x46, 0x20, 0x30, 0x81, 0x7f, 0x49, 0x07, 
0x49, 0x0f, 0x00, 0x91, 0x42, 0x7f, 0xb8, 0x48, 0x00, 0x21, 0x40, 0x7b, 0x40, 0x06, 0x40, 0x0e, 
0x02, 0xf0, 0xee, 0xfa, 0x6b, 0x46, 0x5a, 0x79, 0x19, 0x79, 0x12, 0x02, 0x89, 0x18, 0x9a, 0x79, 
0xdb, 0x79, 0x12, 0x04, 0x1b, 0x06, 0xd2, 0x18, 0x8e, 0x18, 0x00, 0x28, 0x0f, 0xd1, 0x28, 0x46, 
0x3f, 0x30, 0x02, 0xf0, 0xe3, 0xfa, 0x06, 0x40, 0x28, 0x46, 0x43, 0x30, 0x02, 0xf0, 0xde, 0xfa, 
0x86, 0x42, 0x04, 0xd9, 0x00, 0x21, 0x01, 0x20, 0x02, 0xf0, 0xde, 0xfa, 0xfe, 0xbd, 0x64, 0x1c, 
0x24, 0x06, 0x24, 0x0e, 0xc5, 0xd0, 0x00, 0x2f, 0xf8, 0xd0, 0xa2, 0x48, 0x31, 0x30, 0xc1, 0x7a, 
0x82, 0x7a, 0x08, 0x02, 0x10, 0x43, 0x81, 0x00, 0xa0, 0x4a, 0x0e, 0x20, 0x02, 0xf0, 0xd2, 0xfa, 
0xfe, 0xbd, 0x70, 0xb5, 0x0c, 0x46, 0x05, 0x46, 0x02, 0xf0, 0x90, 0xfa, 0x00, 0x28, 0x0a, 0xd0, 
0x00, 0x22, 0x96, 0x21, 0x28, 0x46, 0x02, 0xf0, 0x8f, 0xfa, 0x00, 0x2c, 0x04, 0xd0, 0x39, 0x21, 
0x28, 0x46, 0x02, 0xf0, 0xc5, 0xfa, 0x70, 0xbd, 0x38, 0x21, 0xf9, 0xe7, 0x7c, 0xb5, 0x01, 0x20, 
0x00, 0x90, 0x00, 0x20, 0x01, 0x90, 0x02, 0xf0, 0x79, 0xfa, 0x00, 0x28, 0x2c, 0xd0, 0x8d, 0x4c, 
0x8d, 0x4d, 0x8f, 0x4e, 0x20, 0x34, 0x00, 0x98, 0x00, 0x28, 0x10, 0xd0, 0xa0, 0x7f, 0x01, 0xab, 
0x40, 0x07, 0x40, 0x0f, 0x00, 0x90, 0x68, 0x7b, 0x62, 0x7f, 0x40, 0x06, 0x40, 0x0e, 0x00, 0x21, 
0x02, 0xf0, 0x8e, 0xfa, 0x00, 0x90, 0x30, 0x46, 0x02, 0xf0, 0xa8, 0xfa, 0xeb, 0xe7, 0x02, 0xf0, 
0xab, 0xfa, 0x00, 0x21, 0x08, 0x46, 0xff, 0xf7, 0xc4, 0xff, 0x82, 0x48, 0x80, 0x78, 0xc0, 0x09, 
0x0a, 0xd0, 0x81, 0x48, 0x00, 0x78, 0x40, 0x07, 0x06, 0xd5, 0x00, 0x20, 0x02, 0xf0, 0x4e, 0xfa, 
0x00, 0x28, 0x01, 0xd0, 0xff, 0xf7, 0x68, 0xff, 0x7c, 0xbd, 0x70, 0xb5, 0x0c, 0x46, 0x05, 0x46, 
0x02, 0xf0, 0x44, 0xfa, 0x00, 0x28, 0x06, 0xd0, 0x00, 0x2c, 0x05, 0xd0, 0x00, 0x22, 0x91, 0x21, 
0x28, 0x46, 0x02, 0xf0, 0x41, 0xfa, 0x70, 0xbd, 0x00, 0x22, 0x90, 0x21, 0xf8, 0xe7, 0xf7, 0xb5, 
0x7d, 0x20, 0xc0, 0x00, 0x41, 0x43, 0x42, 0x43, 0x84, 0xb0, 0x0d, 0x46, 0x16, 0x46, 0x04, 0x98, 
0x02, 0xf0, 0x2c, 0xfa, 0x00, 0x28, 0x40, 0xd0, 0x04, 0x98, 0x58, 0x21, 0x48, 0x43, 0x65, 0x49, 
0x44, 0x18, 0x20, 0x46, 0x29, 0x30, 0x02, 0xf0, 0x51, 0xfa, 0x07, 0x46, 0x20, 0x46, 0x31, 0x30, 
0x02, 0xf0, 0x4c, 0xfa, 0x01, 0x46, 0x01, 0xab, 0x3a, 0x46, 0x28, 0x46, 0x02, 0xf0, 0x6a, 0xfa, 
0x05, 0x46, 0x20, 0x46, 0x25, 0x30, 0x02, 0xf0, 0x41, 0xfa, 0x07, 0x46, 0x20, 0x46, 0x2d, 0x30, 
0x02, 0xf0, 0x3c, 0xfa, 0x01, 0x46, 0x02, 0xab, 0x3a, 0x46, 0x30, 0x46, 0x02, 0xf0, 0x5a, 0xfa, 
0x05, 0x42, 0x1a, 0xd0, 0x00, 0x22, 0x92, 0x21, 0x04, 0x98, 0x02, 0xf0, 0x05, 0xfa, 0x20, 0x34, 
0x20, 0x7e, 0x00, 0x90, 0xa3, 0x7d, 0x93, 0x21, 0x01, 0x9a, 0x04, 0x98, 0x02, 0xf0, 0x50, 0xfa, 
0xe0, 0x7d, 0x00, 0x90, 0x63, 0x7d, 0x94, 0x21, 0x02, 0x9a, 0x04, 0x98, 0x02, 0xf0, 0x48, 0xfa, 
0x00, 0x22, 0x95, 0x21, 0x04, 0x98, 0x02, 0xf0, 0xef, 0xf9, 0x07, 0xb0, 0xf0, 0xbd, 0xff, 0xb5, 
0x07, 0x46, 0x85, 0xb0, 0x00, 0x20, 0x01, 0x90, 0x01, 0x20, 0xc0, 0x1b, 0xc0, 0xb2, 0x00, 0x90, 
0x00, 0x2a, 0x0b, 0xd0, 0x00, 0x23, 0x1a, 0x46, 0x01, 0x21, 0x60, 0x20, 0x02, 0xf0, 0xd0, 0xf9, 
0x4a, 0x21, 0x38, 0x46, 0x02, 0xf0, 0x14, 0xfa, 0x09, 0xb0, 0xf0, 0xbd, 0x00, 0x23, 0x1a, 0x46, 
0x19, 0x46, 0x60, 0x20, 0x02, 0xf0, 0xc4, 0xf9, 0xc5, 0x20, 0xc0, 0x00, 0x31, 0x49, 0x78, 0x43, 
0x45, 0x18, 0x2f, 0x20, 0x40, 0x01, 0x2c, 0x18, 0x66, 0x7d, 0x08, 0x98, 0x00, 0x78, 0x60, 0x75, 
0x60, 0x7d, 0xb0, 0x42, 0x3c, 0xd0, 0xb0, 0x07, 0x62, 0x7d, 0x80, 0x0f, 0x92, 0x07, 0x92, 0x0f, 
0x90, 0x42, 0x2d, 0xd0, 0x60, 0x7d, 0xc0, 0x43, 0x80, 0x07, 0x60, 0x7e, 0x18, 0xd0, 0xf7, 0x21, 
0x08, 0x40, 0x60, 0x76, 0x01, 0x22, 0x3b, 0x46, 0x11, 0x46, 0x23, 0x20, 0x02, 0xf0, 0xa0, 0xf9, 
0x21, 0x22, 0x52, 0x01, 0x00, 0x20, 0xa9, 0x18, 0xc8, 0x72, 0xc5, 0x21, 0x00, 0x98, 0xc9, 0x00, 
0x48, 0x43, 0x1c, 0x49, 0x40, 0x18, 0x80, 0x18, 0xc0, 0x7a, 0x00, 0x28, 0x08, 0xd0, 0x0d, 0xe0, 
0x08, 0x21, 0x08, 0x43, 0x60, 0x76, 0x09, 0x21, 0x38, 0x46, 0x02, 0xf0, 0xd1, 0xf9, 0x05, 0xe0, 
0x3b, 0x46, 0x00, 0x22, 0x01, 0x21, 0x43, 0x20, 0x02, 0xf0, 0x82, 0xf9, 0x01, 0x20, 0x01, 0x90, 
0x04, 0x20, 0x61, 0x7d, 0x06, 0x40, 0x01, 0x40, 0x8e, 0x42, 0x01, 0xd0, 0x01, 0x20, 0x01, 0x90, 
0x38, 0x46, 0x02, 0xf0, 0xdb, 0xf9, 0x06, 0x46, 0x03, 0xa8, 0x00, 0x90, 0x02, 0xab, 0x00, 0x22, 
0x01, 0x21, 0x38, 0x46, 0x02, 0xf0, 0xd8, 0xf9, 0x9c, 0x21, 0x49, 0x5b, 0x49, 0x05, 0x26, 0xd5, 
0x05, 0x49, 0xc9, 0x5d, 0xc9, 0x29, 0x22, 0xd1, 0xa0, 0x35, 0x69, 0x8a, 0x81, 0x42, 0x15, 0xd8, 
0xe6, 0x82, 0x16, 0xe0, 0x90, 0x12, 0x04, 0x20, 0x7d, 0x21, 0x04, 0x20, 0x39, 0x2f, 0x04, 0x20, 
0x28, 0x0a, 0x00, 0x00, 0x44, 0x5b, 0x04, 0x20, 0x70, 0x18, 0x04, 0x20, 0xd1, 0x2f, 0x04, 0x20, 
0x40, 0x9c, 0x00, 0x00, 0x90, 0x1d, 0x04, 0x20, 0xc0, 0x2a, 0x04, 0x20, 0x00, 0x21, 0xc9, 0x43, 
0xe1, 0x82, 0x61, 0x7e, 0xf9, 0x22, 0x11, 0x40, 0x61, 0x76, 0xff, 0x21, 0x21, 0x76, 0x52, 0x49, 
0x80, 0x22, 0x89, 0x6b, 0x09, 0x02, 0x09, 0x0e, 0x51, 0x1a, 0x41, 0x43, 0x32, 0x20, 0x41, 0x43, 
0xc8, 0x09, 0x14, 0x21, 0x4e, 0x43, 0x86, 0x42, 0x60, 0x7e, 0x02, 0xd2, 0x08, 0x21, 0x08, 0x43, 
0x01, 0xe0, 0xf7, 0x21, 0x08, 0x40, 0x60, 0x76, 0x38, 0x46, 0x01, 0x99, 0x02, 0xf0, 0x9a, 0xf9, 
0x5a, 0xe7, 0x30, 0xb5, 0x87, 0xb0, 0x05, 0x46, 0x0b, 0x21, 0x02, 0xf0, 0x99, 0xf9, 0x80, 0x21, 
0x08, 0x43, 0x69, 0x46, 0xc8, 0x70, 0x88, 0x78, 0xe7, 0x21, 0x08, 0x40, 0x69, 0x46, 0x88, 0x70, 
0x21, 0x20, 0x48, 0x71, 0x01, 0x24, 0x8c, 0x71, 0x0d, 0x70, 0x3c, 0x48, 0x05, 0x90, 0x68, 0x46, 
0x02, 0xf0, 0x8c, 0xf9, 0x00, 0x28, 0x06, 0xd0, 0x39, 0x48, 0x01, 0x78, 0x00, 0x29, 0x02, 0xd1, 
0x04, 0x70, 0x02, 0xf0, 0x89, 0xf9, 0x07, 0xb0, 0x30, 0xbd, 0xda, 0xe7, 0xc5, 0x22, 0xd2, 0x00, 
0x34, 0x4b, 0x42, 0x43, 0x70, 0xb5, 0xd3, 0x18, 0x2f, 0x22, 0x52, 0x01, 0x9a, 0x18, 0x12, 0x7c, 
0x00, 0x2a, 0x09, 0xd1, 0x58, 0x24, 0x30, 0x4d, 0x44, 0x43, 0x64, 0x19, 0x24, 0x79, 0x2f, 0x4d, 
0xa4, 0x07, 0x64, 0x0f, 0x2c, 0x5b, 0x61, 0x18, 0xa0, 0x33, 0xdb, 0x7b, 0x5b, 0x06, 0x9b, 0x0f, 
0x03, 0x2b, 0x06, 0xd1, 0x00, 0x2a, 0x04, 0xd0, 0x29, 0x4a, 0x59, 0x00, 0x51, 0x5a, 0x29, 0x4a, 
0x51, 0x1a, 0x02, 0xf0, 0x67, 0xf9, 0x70, 0xbd, 0xfe, 0xb5, 0x06, 0x46, 0x7d, 0x20, 0xc0, 0x00, 
0x41, 0x43, 0x0d, 0x46, 0x30, 0x46, 0x02, 0xf0, 0xd9, 0xf8, 0x00, 0x28, 0x33, 0xd0, 0xc5, 0x20, 
0xc0, 0x00, 0x31, 0x46, 0x41, 0x43, 0x1b, 0x48, 0x0c, 0x18, 0x1f, 0x48, 0x20, 0x18, 0x02, 0xf0, 
0xfd, 0xf8, 0x07, 0x46, 0x1c, 0x48, 0x00, 0x1f, 0x20, 0x18, 0x02, 0xf0, 0xf7, 0xf8, 0x01, 0x46, 
0x01, 0xab, 0x3a, 0x46, 0x28, 0x46, 0x02, 0xf0, 0x15, 0xf9, 0x00, 0x28, 0x1b, 0xd0, 0x00, 0x22, 
0x7e, 0x21, 0x30, 0x46, 0x02, 0xf0, 0xc0, 0xf8, 0x19, 0x21, 0x01, 0x98, 0x49, 0x01, 0x88, 0x42, 
0x01, 0xd3, 0x80, 0x1c, 0x01, 0x90, 0x03, 0x20, 0x40, 0x02, 0x20, 0x18, 0x81, 0x7f, 0x00, 0x91, 
0x43, 0x7f, 0x7f, 0x21, 0x30, 0x46, 0x01, 0x9a, 0x02, 0xf0, 0x02, 0xf9, 0x00, 0x22, 0x80, 0x21, 
0x30, 0x46, 0x02, 0xf0, 0xa9, 0xf8, 0xfe, 0xbd, 0x70, 0x1d, 0x04, 0x20, 0xc7, 0x31, 0x04, 0x20, 
0x51, 0x24, 0x04, 0x20, 0x90, 0x12, 0x04, 0x20, 0x44, 0x5b, 0x04, 0x20, 0xe0, 0x5a, 0x04, 0x20, 
0x2e, 0x55, 0x02, 0x00, 0xb8, 0x0b, 0x00, 0x00, 0x11, 0x06, 0x00, 0x00, 0x10, 0xb5, 0x04, 0x46, 
0x3c, 0x21, 0x02, 0xf0, 0xcd, 0xf8, 0x20, 0x46, 0x58, 0x21, 0x48, 0x43, 0x8c, 0x49, 0x40, 0x18, 
0x00, 0x7c, 0x80, 0x07, 0x06, 0xd5, 0x04, 0x21, 0x00, 0x20, 0x02, 0xf0, 0x09, 0xf9, 0x20, 0x46, 
0x02, 0xf0, 0x0c, 0xf9, 0x10, 0xbd, 0xfe, 0xb5, 0x01, 0x20, 0x02, 0x90, 0x00, 0x27, 0x01, 0x90, 
0x58, 0x20, 0x39, 0x46, 0x41, 0x43, 0x82, 0x48, 0x0c, 0x18, 0x20, 0x7c, 0x40, 0x07, 0x70, 0xd5, 
0x07, 0x20, 0x02, 0xf0, 0x01, 0xf9, 0x00, 0x90, 0x08, 0x20, 0x02, 0xf0, 0xfd, 0xf8, 0xa5, 0x8b, 
0x06, 0x46, 0xe8, 0x07, 0x00, 0x98, 0x02, 0xd0, 0xff, 0x28, 0x1d, 0xd0, 0x26, 0xe0, 0xff, 0x28, 
0x09, 0xd1, 0x00, 0x2d, 0x07, 0xd0, 0xe0, 0x8a, 0x69, 0x08, 0x00, 0x90, 0x02, 0xf0, 0xf2, 0xf8, 
0x01, 0x46, 0x00, 0x98, 0x00, 0xe0, 0xe1, 0x8a, 0x08, 0x18, 0xe0, 0x82, 0xff, 0x2e, 0x07, 0xd1, 
0x00, 0x2d, 0x05, 0xd0, 0x66, 0x8b, 0x69, 0x08, 0x30, 0x46, 0x02, 0xf0, 0xe3, 0xf8, 0x00, 0xe0, 
0x60, 0x8b, 0x80, 0x19, 0x60, 0x83, 0x19, 0xe0, 0x01, 0x2d, 0x07, 0xd9, 0xa0, 0x8a, 0x69, 0x08, 
0x00, 0x90, 0x02, 0xf0, 0xd7, 0xf8, 0x01, 0x46, 0x00, 0x98, 0x00, 0xe0, 0xa1, 0x8a, 0x08, 0x18, 
0xa0, 0x82, 0xff, 0x2e, 0x07, 0xd1, 0x01, 0x2d, 0x05, 0xd9, 0x26, 0x8b, 0x69, 0x08, 0x30, 0x46, 
0x02, 0xf0, 0xc8, 0xf8, 0x00, 0xe0, 0x20, 0x8b, 0x80, 0x19, 0x20, 0x83, 0xa1, 0x7a, 0x02, 0x20, 
0x88, 0x40, 0x85, 0x42, 0x07, 0xdb, 0x20, 0x7c, 0x40, 0x07, 0x04, 0xd5, 0x38, 0x46, 0x01, 0x99, 
0x00, 0xf0, 0x3a, 0xf8, 0x2f, 0xe0, 0xe8, 0x07, 0x3b, 0x46, 0x1b, 0xd0, 0x01, 0x22, 0x11, 0x46, 
0x9b, 0x20, 0x02, 0xf0, 0x0d, 0xf8, 0x01, 0x22, 0x3b, 0x46, 0x11, 0x46, 0x9c, 0x20, 0x02, 0xf0, 
0x07, 0xf8, 0xa0, 0x8b, 0x40, 0x1c, 0xa0, 0x83, 0x02, 0x98, 0x00, 0x28, 0x1b, 0xd0, 0x20, 0x7c, 
0x40, 0x07, 0x18, 0xd5, 0x24, 0x20, 0x00, 0x5d, 0x00, 0x28, 0xe0, 0x7b, 0x0b, 0xd0, 0x01, 0x09, 
0x0b, 0xe0, 0x13, 0xe0, 0x01, 0x22, 0x00, 0x21, 0x9b, 0x20, 0x01, 0xf0, 0xf1, 0xff, 0x01, 0x22, 
0x3b, 0x46, 0x00, 0x21, 0xe2, 0xe7, 0x01, 0x07, 0x09, 0x0f, 0x28, 0x20, 0x41, 0x43, 0x41, 0x4a, 
0x0e, 0x20, 0x02, 0xf0, 0x27, 0xf8, 0x00, 0x20, 0x02, 0x90, 0x01, 0x90, 0x7f, 0x1c, 0x3f, 0x06, 
0x3f, 0x0e, 0x00, 0xd1, 0x6c, 0xe7, 0xfe, 0xbd, 0xf3, 0xb5, 0x81, 0xb0, 0x01, 0x98, 0x58, 0x21, 
0x48, 0x43, 0x37, 0x49, 0x44, 0x18, 0xa7, 0x8a, 0xa0, 0x7a, 0x25, 0x46, 0xc7, 0x40, 0xa7, 0x82, 
0x21, 0x8b, 0xc1, 0x40, 0x21, 0x83, 0xe6, 0x8a, 0x8c, 0x46, 0xc6, 0x40, 0xe6, 0x82, 0x63, 0x8b, 
0xc3, 0x40, 0x63, 0x83, 0x20, 0x35, 0x2a, 0x79, 0x00, 0x2a, 0x02, 0xd0, 0x21, 0x7b, 0xe0, 0x7a, 
0x01, 0xe0, 0xa1, 0x7b, 0x60, 0x7b, 0x8f, 0x42, 0x05, 0xd3, 0x86, 0x42, 0x03, 0xd8, 0x8c, 0x45, 
0x01, 0xd3, 0x83, 0x42, 0x0d, 0xd9, 0x00, 0x2a, 0x20, 0xd1, 0x01, 0x20, 0x28, 0x71, 0x02, 0x46, 
0x01, 0x46, 0x00, 0x23, 0x9d, 0x20, 0x01, 0xf0, 0xab, 0xff, 0x01, 0x98, 0xff, 0xf7, 0x1e, 0xff, 
0x14, 0xe0, 0x00, 0x2a, 0x12, 0xd0, 0x00, 0x20, 0x28, 0x71, 0x03, 0x46, 0x01, 0x46, 0x01, 0x22, 
0x9d, 0x20, 0x01, 0xf0, 0x9d, 0xff, 0x3c, 0x21, 0x01, 0x98, 0x01, 0xf0, 0xe1, 0xff, 0x20, 0x7c, 
0x80, 0x07, 0x03, 0xd5, 0x23, 0x21, 0x01, 0x98, 0x02, 0xf0, 0x3a, 0xf8, 0x00, 0x20, 0x60, 0x61, 
0xa0, 0x61, 0xe0, 0x61, 0x20, 0x62, 0x01, 0x22, 0x11, 0x46, 0x9b, 0x20, 0x01, 0x9b, 0x01, 0xf0, 
0x87, 0xff, 0x01, 0x22, 0x00, 0x21, 0x9c, 0x20, 0x01, 0x9b, 0x01, 0xf0, 0x81, 0xff, 0x02, 0x98, 
0x00, 0x28, 0x0c, 0xd0, 0x28, 0x79, 0x00, 0x28, 0x01, 0xd0, 0x21, 0x89, 0x00, 0xe0, 0xe1, 0x88, 
0x7d, 0x20, 0x40, 0x01, 0x41, 0x43, 0x07, 0x4a, 0x0f, 0x20, 0x01, 0xf0, 0xb3, 0xff, 0x20, 0x7c, 
0x29, 0x79, 0x40, 0x08, 0x40, 0x00, 0xc9, 0x07, 0xc9, 0x0f, 0x08, 0x43, 0x20, 0x74, 0xfe, 0xbd, 
0x44, 0x5b, 0x04, 0x20, 0x9f, 0x34, 0x04, 0x20, 0x10, 0xb5, 0x02, 0xf0, 0x0f, 0xf8, 0x16, 0x48, 
0x01, 0x68, 0xc0, 0x22, 0x91, 0x43, 0x01, 0x60, 0x14, 0x48, 0x41, 0x6a, 0x40, 0x22, 0x91, 0x43, 
0x41, 0x62, 0x10, 0xbd, 0x10, 0xb5, 0x00, 0x29, 0x03, 0xd0, 0x49, 0x21, 0x00, 0x20, 0x01, 0xf0, 
0x97, 0xff, 0x10, 0xbd, 0x70, 0xb5, 0x01, 0x24, 0x0d, 0x46, 0x92, 0x28, 0x04, 0xd0, 0x01, 0xf0, 
0xfb, 0xff, 0x04, 0x46, 0x20, 0x46, 0x70, 0xbd, 0x00, 0x22, 0x11, 0x46, 0x92, 0x20, 0x01, 0xf0, 
0xf9, 0xff, 0x00, 0x28, 0x01, 0xd0, 0x01, 0x21, 0x00, 0xe0, 0x00, 0x21, 0x01, 0x20, 0x41, 0x40, 
0x28, 0x46, 0xff, 0xf7, 0xdf, 0xff, 0xed, 0xe7, 0x00, 0x05, 0x06, 0x40, 0x00, 0x41, 0x09, 0x40, 
0xf8, 0xb5, 0x01, 0x23, 0x13, 0x70, 0x8a, 0x88, 0xc5, 0x27, 0xff, 0x00, 0x06, 0x46, 0x7e, 0x43, 
0xd5, 0x06, 0x51, 0x04, 0xfc, 0x4f, 0xd4, 0x0b, 0x09, 0x22, 0xf7, 0x19, 0x92, 0x01, 0xed, 0x0e, 
0x49, 0x0f, 0xba, 0x18, 0xf9, 0x4e, 0x00, 0x29, 0x01, 0xd0, 0x00, 0x2c, 0x02, 0xd0, 0x21, 0x43, 
0x34, 0xd0, 0x74, 0xe0, 0xc5, 0x21, 0xc9, 0x00, 0xf3, 0x4c, 0x41, 0x43, 0x09, 0x19, 0x80, 0x31, 
0x01, 0x2d, 0x1c, 0xd0, 0x09, 0x2d, 0x1f, 0xd0, 0x0a, 0x2d, 0x68, 0xd1, 0xff, 0x37, 0xa1, 0x37, 
0x7a, 0x7d, 0x01, 0x2a, 0x02, 0xd0, 0x00, 0x2a, 0x05, 0xd0, 0x60, 0xe0, 0xec, 0x49, 0x89, 0x7e, 
0x89, 0x06, 0x08, 0xd5, 0x5b, 0xe0, 0xea, 0x4a, 0x92, 0x7e, 0x52, 0x06, 0x57, 0xd4, 0xc9, 0x7b, 
0x89, 0x06, 0x49, 0x0f, 0x53, 0xd1, 0x11, 0x21, 0x01, 0xf0, 0xb2, 0xff, 0x2f, 0xe0, 0x88, 0x7b, 
0xc7, 0x22, 0x10, 0x40, 0x88, 0x73, 0x4a, 0xe0, 0x11, 0x7f, 0x01, 0x29, 0x04, 0xd1, 0x31, 0x5c, 
0xc5, 0x29, 0x44, 0xd0, 0x17, 0x29, 0x42, 0xd0, 0x16, 0x21, 0x1e, 0xe0, 0xc5, 0x24, 0xe4, 0x00, 
0xd9, 0x4f, 0x44, 0x43, 0x07, 0x21, 0xe4, 0x19, 0xc9, 0x01, 0x64, 0x18, 0x58, 0x21, 0xd9, 0x4f, 
0x41, 0x43, 0xc9, 0x19, 0x40, 0x31, 0x04, 0x2d, 0x13, 0xd0, 0x0c, 0x2d, 0x02, 0xd0, 0x10, 0x2d, 
0x2d, 0xd1, 0x1c, 0xe0, 0x31, 0x5c, 0x27, 0x29, 0x29, 0xd1, 0x11, 0x7f, 0x01, 0x29, 0x26, 0xd1, 
0xcf, 0x49, 0x89, 0x7e, 0x49, 0x06, 0x22, 0xd5, 0x11, 0x21, 0x01, 0xf0, 0x87, 0xff, 0x00, 0x23, 
0x1d, 0xe0, 0x30, 0x5c, 0x0e, 0x28, 0x1a, 0xd1, 0x20, 0x7f, 0x02, 0x22, 0x08, 0x28, 0x02, 0xd0, 
0x07, 0x28, 0x02, 0xd0, 0x13, 0xe0, 0x0a, 0x73, 0x11, 0xe0, 0x8a, 0x73, 0x0f, 0xe0, 0x30, 0x5c, 
0x0e, 0x28, 0x0c, 0xd1, 0x20, 0x7f, 0x00, 0x24, 0x04, 0x22, 0x08, 0x28, 0x02, 0xd0, 0x07, 0x28, 
0x03, 0xd0, 0x04, 0xe0, 0x0a, 0x73, 0x4c, 0x73, 0x01, 0xe0, 0x8a, 0x73, 0xcc, 0x73, 0x18, 0x46, 
0xf8, 0xbd, 0x10, 0xb5, 0x04, 0x46, 0x01, 0xf0, 0x67, 0xff, 0xc5, 0x20, 0xc0, 0x00, 0xb6, 0x49, 
0x60, 0x43, 0x41, 0x18, 0x11, 0x20, 0x40, 0x01, 0x09, 0x18, 0x58, 0x20, 0x44, 0x43, 0xb5, 0x48, 
0x4a, 0x7e, 0x20, 0x18, 0x00, 0x23, 0x40, 0x30, 0x01, 0x2a, 0x06, 0xd1, 0x02, 0x7b, 0x00, 0x2a, 
0x02, 0xd1, 0x42, 0x7b, 0x00, 0x2a, 0x00, 0xd1, 0x4b, 0x76, 0x8a, 0x7e, 0x01, 0x2a, 0x06, 0xd1, 
0x82, 0x7b, 0x00, 0x2a, 0x02, 0xd1, 0xc0, 0x7b, 0x00, 0x28, 0x00, 0xd1, 0x8b, 0x76, 0x10, 0xbd, 
0x10, 0xb5, 0x04, 0x46, 0x01, 0xf0, 0x46, 0xff, 0x58, 0x21, 0x4c, 0x43, 0xa5, 0x49, 0x01, 0x23, 
0x61, 0x18, 0x40, 0x31, 0x4b, 0x73, 0x00, 0x22, 0x0a, 0x73, 0xcb, 0x73, 0x8a, 0x73, 0x10, 0xbd, 
0x10, 0xb5, 0x04, 0x46, 0x01, 0xf0, 0x3c, 0xff, 0xc5, 0x21, 0xc9, 0x00, 0x4c, 0x43, 0x9a, 0x49, 
0x61, 0x18, 0xff, 0x31, 0x81, 0x31, 0xc9, 0x6b, 0xc9, 0x00, 0x89, 0x0f, 0x02, 0x29, 0x02, 0xd0, 
0x01, 0x21, 0x89, 0x05, 0x88, 0x43, 0x10, 0xbd, 0x38, 0xb5, 0x05, 0x46, 0xc5, 0x20, 0xc0, 0x00, 
0x91, 0x49, 0x68, 0x43, 0x44, 0x18, 0xff, 0x20, 0x00, 0x22, 0xb9, 0x30, 0x02, 0x55, 0x28, 0x46, 
0x01, 0xf0, 0x24, 0xff, 0x11, 0x20, 0x40, 0x01, 0x20, 0x18, 0x41, 0x68, 0x68, 0x46, 0x00, 0x91, 
0xc0, 0x78, 0x80, 0x09, 0x03, 0x28, 0x06, 0xd1, 0x88, 0x00, 0x80, 0x0f, 0x03, 0xd0, 0x00, 0x21, 
0x28, 0x46, 0x01, 0xf0, 0x19, 0xff, 0x38, 0xbd, 0x70, 0xb5, 0x05, 0x46, 0x58, 0x20, 0x85, 0x49, 
0x68, 0x43, 0x44, 0x18, 0x40, 0x34, 0xe0, 0x7a, 0x01, 0x28, 0x0b, 0xd1, 0x00, 0x20, 0xe0, 0x72, 
0xa0, 0x7a, 0x00, 0x21, 0x01, 0xf0, 0x0e, 0xff, 0xa0, 0x7a, 0x00, 0x21, 0x01, 0xf0, 0x10, 0xff, 
0xff, 0x20, 0xa0, 0x72, 0x28, 0x46, 0x01, 0xf0, 0x11, 0xff, 0x70, 0xbd, 0xc5, 0x21, 0xc9, 0x00, 
0x75, 0x4a, 0x41, 0x43, 0x89, 0x18, 0x11, 0x22, 0x10, 0xb5, 0x52, 0x01, 0x89, 0x18, 0xc9, 0x79, 
0x89, 0x09, 0x02, 0xd0, 0x01, 0xf0, 0x08, 0xff, 0x10, 0xbd, 0x73, 0x49, 0x80, 0x00, 0x08, 0x58, 
0x0a, 0x21, 0x00, 0x03, 0x80, 0x0d, 0x48, 0x43, 0x10, 0xbd, 0x70, 0xb5, 0x05, 0x46, 0x01, 0xf0, 
0x01, 0xff, 0x04, 0x46, 0x00, 0x21, 0x28, 0x46, 0xff, 0xf7, 0x6b, 0xfb, 0x20, 0x46, 0x70, 0xbd, 
0x70, 0xb5, 0x04, 0x46, 0x01, 0xf0, 0xfc, 0xfe, 0x05, 0x46, 0xc5, 0x20, 0xc0, 0x00, 0x62, 0x49, 
0x60, 0x43, 0x40, 0x18, 0x65, 0x49, 0x40, 0x18, 0x41, 0x79, 0x02, 0x79, 0x08, 0x02, 0x10, 0x43, 
0x00, 0x05, 0x86, 0x0d, 0x32, 0x20, 0x46, 0x43, 0x20, 0x46, 0xff, 0xf7, 0xc7, 0xff, 0x01, 0x46, 
0x5f, 0x48, 0x32, 0x46, 0x01, 0x80, 0x20, 0x46, 0xff, 0xf7, 0xa9, 0xfb, 0x28, 0x46, 0x70, 0xbd, 
0x10, 0xb5, 0x04, 0x46, 0xc5, 0x20, 0xc0, 0x00, 0x53, 0x49, 0x60, 0x43, 0x40, 0x18, 0xff, 0x30, 
0xa1, 0x30, 0x41, 0x7d, 0x20, 0x46, 0xff, 0xf7, 0x3c, 0xfb, 0x20, 0x46, 0x01, 0xf0, 0xd6, 0xfe, 
0x10, 0xbd, 0x10, 0xb5, 0x04, 0x46, 0xc5, 0x20, 0xc0, 0x00, 0x21, 0x46, 0x41, 0x43, 0x4a, 0x48, 
0x00, 0x22, 0x09, 0x18, 0x1d, 0x20, 0x40, 0x01, 0x08, 0x18, 0x42, 0x72, 0xff, 0x20, 0xb6, 0x30, 
0x40, 0x5c, 0x00, 0x28, 0x0c, 0xd0, 0x09, 0x20, 0x80, 0x01, 0x08, 0x18, 0x00, 0x7f, 0x01, 0x28, 
0x08, 0xd0, 0x16, 0x21, 0x20, 0x46, 0x01, 0xf0, 0x6b, 0xfe, 0x40, 0x48, 0x00, 0x5d, 0x10, 0xbd, 
0x24, 0x21, 0xf7, 0xe7, 0xc5, 0x21, 0xf5, 0xe7, 0x70, 0xb5, 0x0c, 0x46, 0x05, 0x46, 0x01, 0xf0, 
0xb3, 0xfe, 0x21, 0x46, 0x28, 0x46, 0xff, 0xf7, 0x58, 0xfb, 0x70, 0xbd, 0x7f, 0xb5, 0x04, 0x46, 
0x01, 0xf0, 0xb0, 0xfe, 0x3b, 0x4b, 0x05, 0x46, 0x0f, 0xcb, 0x6e, 0x46, 0x0f, 0xc6, 0xc5, 0x20, 
0xc0, 0x00, 0x31, 0x49, 0x60, 0x43, 0x46, 0x18, 0xbb, 0x20, 0x81, 0x5d, 0xc8, 0x43, 0x80, 0x07, 
0x03, 0xd0, 0x88, 0x07, 0x80, 0x0f, 0x01, 0x28, 0x10, 0xd1, 0x00, 0x21, 0x20, 0x46, 0xff, 0xf7, 
0x3c, 0xfb, 0x07, 0x20, 0xc0, 0x01, 0x30, 0x18, 0x00, 0x7c, 0x69, 0x46, 0x00, 0x07, 0x80, 0x0f, 
0x80, 0x00, 0x09, 0x58, 0x2c, 0x4a, 0x20, 0x46, 0xff, 0xf7, 0x41, 0xfb, 0x28, 0x46, 0x04, 0xb0, 
0x70, 0xbd, 0x70, 0xb5, 0x05, 0x46, 0x01, 0xf0, 0x8b, 0xfe, 0xc5, 0x20, 0xc0, 0x00, 0x29, 0x46, 
0x41, 0x43, 0x1d, 0x48, 0x00, 0x22, 0x0c, 0x18, 0x07, 0x20, 0xc0, 0x01, 0x20, 0x18, 0x42, 0x77, 
0x13, 0x46, 0x01, 0x22, 0x11, 0x46, 0x28, 0x46, 0x01, 0xf0, 0x80, 0xfe, 0x2f, 0x20, 0x40, 0x01, 
0x21, 0x18, 0x88, 0x7b, 0x01, 0x28, 0x0b, 0xd0, 0xc8, 0x7b, 0x01, 0x28, 0x08, 0xd0, 0x88, 0x7c, 
0x01, 0x28, 0x05, 0xd0, 0x1f, 0x22, 0x19, 0x49, 0x28, 0x46, 0x01, 0xf0, 0x75, 0xfe, 0x03, 0xe0, 
0x1f, 0x21, 0x28, 0x46, 0x01, 0xf0, 0x04, 0xfe, 0x0c, 0x48, 0x40, 0x5d, 0x70, 0xbd, 0x10, 0xb5, 
0x04, 0x46, 0x01, 0xf0, 0x6f, 0xfe, 0x00, 0x28, 0x0a, 0xd0, 0x11, 0x4b, 0x3c, 0x22, 0x34, 0x21, 
0x20, 0x46, 0x01, 0xf0, 0x5f, 0xfd, 0xc8, 0x22, 0x50, 0x21, 0x20, 0x46, 0x01, 0xf0, 0x5c, 0xfe, 
0x02, 0x48, 0x00, 0x5d, 0x10, 0xbd, 0x00, 0x00, 0x90, 0x12, 0x04, 0x20, 0x7d, 0x21, 0x04, 0x20, 
0x70, 0x1d, 0x04, 0x20, 0x44, 0x5b, 0x04, 0x20, 0x74, 0x21, 0x04, 0x20, 0x21, 0x02, 0x00, 0x00, 
0x42, 0x5b, 0x04, 0x20, 0x2c, 0x5b, 0x04, 0x20, 0x88, 0x13, 0x00, 0x00, 0x50, 0xc3, 0x00, 0x00, 
0xd3, 0x48, 0x02, 0x00, 0x70, 0xb5, 0x58, 0x21, 0x02, 0x46, 0x4a, 0x43, 0xfa, 0x49, 0x00, 0x25, 
0x51, 0x18, 0x0c, 0x46, 0x40, 0x34, 0x0d, 0x65, 0x25, 0x75, 0x01, 0xf0, 0x41, 0xfe, 0xff, 0x26, 
0x26, 0x72, 0x65, 0x72, 0xe0, 0x7a, 0x01, 0x28, 0x03, 0xd1, 0xa0, 0x7a, 0x00, 0x21, 0x01, 0xf0, 
0xe9, 0xfd, 0xa6, 0x72, 0xe5, 0x72, 0x70, 0xbd, 0x10, 0xb5, 0x04, 0x46, 0x11, 0x21, 0x01, 0xf0, 
0xb7, 0xfd, 0xee, 0x49, 0x08, 0x5d, 0xc5, 0xe7, 0xf7, 0xb5, 0x82, 0xb0, 0x04, 0x9a, 0x02, 0x98, 
0x01, 0xf0, 0x2c, 0xfe, 0x01, 0x90, 0xea, 0x48, 0x00, 0x78, 0x40, 0x07, 0x52, 0xd4, 0xc5, 0x23, 
0x02, 0x99, 0xe8, 0x4a, 0xdb, 0x00, 0x59, 0x43, 0x8b, 0x18, 0x0f, 0x24, 0xa4, 0x01, 0x07, 0x21, 
0x01, 0x20, 0x1a, 0x19, 0xc9, 0x01, 0x59, 0x18, 0x8c, 0x46, 0x3a, 0xe0, 0x86, 0x00, 0x99, 0x19, 
0xcc, 0x1d, 0xf9, 0x34, 0x65, 0x69, 0x6f, 0x46, 0x00, 0x95, 0xff, 0x78, 0xbf, 0x09, 0x03, 0x2f, 
0x2d, 0xd1, 0xad, 0x00, 0xad, 0x0f, 0x02, 0x2d, 0x29, 0xd1, 0x13, 0x25, 0xad, 0x01, 0x49, 0x19, 
0x4d, 0x69, 0xff, 0x21, 0xab, 0x31, 0x00, 0x95, 0xc9, 0x5a, 0xaf, 0x05, 0xbf, 0x0d, 0x8f, 0x42, 
0x09, 0xd9, 0xad, 0x0a, 0xad, 0x02, 0x8f, 0x05, 0xbf, 0x0d, 0x3d, 0x43, 0x00, 0x95, 0x95, 0x7f, 
0x02, 0x27, 0x3d, 0x43, 0x95, 0x77, 0x00, 0x9d, 0x2f, 0x03, 0xbf, 0x0d, 0x8f, 0x42, 0x09, 0xd9, 
0xcd, 0x4f, 0x89, 0x05, 0x3d, 0x40, 0x09, 0x0b, 0x0d, 0x43, 0x00, 0x95, 0x91, 0x7f, 0x02, 0x25, 
0x29, 0x43, 0x91, 0x77, 0x00, 0x99, 0x61, 0x61, 0x00, 0x9c, 0x04, 0x99, 0x8c, 0x51, 0x40, 0x1c, 
0xc0, 0xb2, 0x61, 0x46, 0x89, 0x7d, 0x81, 0x42, 0x01, 0xd3, 0x07, 0x28, 0xbe, 0xd3, 0x02, 0x98, 
0x01, 0xf0, 0xda, 0xfd, 0x01, 0x98, 0x05, 0xb0, 0xf0, 0xbd, 0x01, 0xb5, 0x00, 0x98, 0x01, 0xf0, 
0xd9, 0xfd, 0x69, 0x46, 0xc9, 0x78, 0x89, 0x09, 0x03, 0x29, 0x10, 0xd1, 0x00, 0x99, 0x6a, 0x46, 
0x89, 0x00, 0x89, 0x0f, 0x02, 0x29, 0x0a, 0xd1, 0x90, 0x05, 0xb8, 0x49, 0x80, 0x0d, 0x48, 0x43, 
0x11, 0x03, 0xb7, 0x4a, 0x89, 0x0d, 0x51, 0x43, 0x88, 0x42, 0x00, 0xd8, 0x08, 0x46, 0x08, 0xbd, 
0x7c, 0xb5, 0xaf, 0x49, 0x09, 0x78, 0x49, 0x07, 0x5e, 0xd4, 0xc5, 0x21, 0xc9, 0x00, 0x48, 0x43, 
0xac, 0x49, 0x45, 0x18, 0xff, 0x20, 0xb6, 0x30, 0x40, 0x5d, 0x2c, 0x46, 0x80, 0x34, 0x00, 0x28, 
0x23, 0xd0, 0x15, 0x20, 0x80, 0x01, 0x28, 0x18, 0x86, 0x69, 0x00, 0x21, 0x0d, 0x20, 0x13, 0x22, 
0x92, 0x01, 0x01, 0x96, 0x83, 0x00, 0xeb, 0x18, 0x9b, 0x18, 0x5b, 0x69, 0x00, 0x93, 0x00, 0x9b, 
0x00, 0x2b, 0x03, 0xd0, 0x6b, 0x46, 0xdb, 0x78, 0x9b, 0x09, 0x12, 0xd0, 0x40, 0x1e, 0x00, 0x06, 
0x00, 0x0e, 0xef, 0xd1, 0x01, 0x98, 0x00, 0x28, 0x03, 0xd0, 0x70, 0x06, 0x80, 0x0f, 0x01, 0x28, 
0x15, 0xd8, 0x3c, 0x29, 0x15, 0xd9, 0x3c, 0x21, 0x13, 0xe0, 0x20, 0x7b, 0xe0, 0x72, 0x00, 0x20, 
0x3b, 0xe0, 0x6a, 0x46, 0x10, 0x88, 0x81, 0x05, 0x90, 0x78, 0x52, 0x78, 0x00, 0x02, 0x10, 0x43, 
0x00, 0x05, 0x89, 0x0d, 0x80, 0x0d, 0x01, 0xf0, 0x83, 0xfd, 0x81, 0x08, 0xe2, 0xe7, 0xb0, 0x03, 
0x05, 0xd5, 0x07, 0x20, 0xc0, 0x01, 0xe1, 0x72, 0x28, 0x18, 0x80, 0x7d, 0x12, 0xe0, 0x64, 0x29, 
0xf7, 0xd9, 0x64, 0x21, 0xf5, 0xe7, 0x81, 0x00, 0x69, 0x18, 0xff, 0x31, 0x01, 0x31, 0x09, 0x69, 
0x00, 0x91, 0x00, 0x99, 0x00, 0x29, 0x03, 0xd0, 0x69, 0x46, 0xc9, 0x78, 0x89, 0x09, 0x04, 0xd0, 
0x40, 0x1e, 0xc0, 0xb2, 0x00, 0x28, 0xee, 0xd1, 0x7c, 0xbd, 0x6a, 0x46, 0x10, 0x88, 0x81, 0x05, 
0x90, 0x78, 0x52, 0x78, 0x00, 0x02, 0x10, 0x43, 0x00, 0x05, 0x89, 0x0d, 0x80, 0x0d, 0x01, 0xf0, 
0x57, 0xfd, 0x80, 0x08, 0xf0, 0x28, 0x00, 0xd9, 0xf0, 0x20, 0xa0, 0x72, 0x7c, 0xbd, 0x70, 0xb5, 
0x00, 0x29, 0x04, 0xd0, 0xd1, 0x06, 0xc9, 0x0e, 0x01, 0x29, 0x03, 0xd0, 0x32, 0xe0, 0x01, 0xf0, 
0x4d, 0xfd, 0x70, 0xbd, 0x51, 0x04, 0x8b, 0x0f, 0xc5, 0x21, 0xc9, 0x00, 0x04, 0x46, 0x4c, 0x43, 
0x6c, 0x49, 0xd2, 0x04, 0x64, 0x18, 0x21, 0x46, 0xff, 0x31, 0xc1, 0x31, 0xcb, 0x72, 0x92, 0x0f, 
0xca, 0x73, 0x4d, 0x7d, 0xab, 0x42, 0x00, 0xd2, 0x4b, 0x75, 0xcb, 0x7d, 0x9a, 0x42, 0x00, 0xd2, 
0xca, 0x75, 0xff, 0x34, 0x81, 0x34, 0x03, 0x23, 0xe2, 0x6b, 0x5b, 0x06, 0x9a, 0x43, 0x4b, 0x7d, 
0x9b, 0x07, 0x5b, 0x09, 0x1a, 0x43, 0x03, 0x23, 0x5b, 0x05, 0x9a, 0x43, 0xcb, 0x7d, 0x89, 0x7d, 
0x9b, 0x07, 0x5b, 0x0a, 0x1a, 0x43, 0x03, 0x23, 0xdb, 0x04, 0x89, 0x07, 0x9a, 0x43, 0xc9, 0x0a, 
0x0a, 0x43, 0xe2, 0x63, 0x40, 0x21, 0x01, 0xf0, 0x0b, 0xfc, 0x70, 0xbd, 0x10, 0xb5, 0x04, 0x46, 
0x35, 0x21, 0x00, 0xf0, 0xb3, 0xfc, 0x00, 0x28, 0x02, 0xd0, 0x50, 0x48, 0x00, 0x5d, 0x89, 0xe6, 
0x00, 0x22, 0x85, 0x21, 0x20, 0x46, 0x01, 0xf0, 0xbf, 0xfb, 0x20, 0x46, 0x01, 0xf0, 0x0c, 0xfd, 
0x80, 0xe6, 0x10, 0xb5, 0x04, 0x46, 0x35, 0x21, 0x00, 0xf0, 0xa0, 0xfc, 0x00, 0x28, 0x02, 0xd0, 
0x46, 0x48, 0x00, 0x5d, 0x76, 0xe6, 0x20, 0x46, 0x01, 0xf0, 0x04, 0xfd, 0x72, 0xe6, 0x58, 0x21, 
0x41, 0x4a, 0x41, 0x43, 0x10, 0xb5, 0x89, 0x18, 0x40, 0x31, 0x49, 0x7a, 0x01, 0x29, 0x02, 0xd0, 
0x01, 0xf0, 0xfe, 0xfc, 0x66, 0xe6, 0x3d, 0x49, 0x08, 0x5c, 0x63, 0xe6, 0x10, 0xb5, 0x04, 0x46, 
0x01, 0xf0, 0xfc, 0xfc, 0xc5, 0x20, 0xc0, 0x00, 0x44, 0x43, 0x3a, 0x48, 0x21, 0x18, 0x08, 0x46, 
0xff, 0x30, 0xc1, 0x30, 0x82, 0x7c, 0x02, 0x2a, 0x0b, 0xd2, 0x00, 0x23, 0xff, 0x31, 0x83, 0x75, 
0x81, 0x31, 0x03, 0x24, 0xca, 0x6b, 0xe4, 0x04, 0xc3, 0x75, 0xa2, 0x43, 0xa0, 0x00, 0x82, 0x43, 
0xca, 0x63, 0x47, 0xe6, 0x38, 0xb5, 0x04, 0x46, 0x97, 0x20, 0xc0, 0x00, 0x31, 0x49, 0x60, 0x43, 
0x40, 0x18, 0x71, 0x21, 0xc9, 0x00, 0x42, 0x18, 0x00, 0x21, 0x20, 0x46, 0x01, 0xf0, 0xdc, 0xfc, 
0x03, 0x46, 0xc5, 0x20, 0xc0, 0x00, 0x27, 0x49, 0x60, 0x43, 0x40, 0x18, 0xff, 0x21, 0xd3, 0x31, 
0x09, 0x5c, 0x02, 0x29, 0x16, 0xd2, 0x07, 0x21, 0xc9, 0x01, 0x42, 0x18, 0x91, 0x7d, 0x00, 0x23, 
0x0c, 0xe0, 0x9d, 0x00, 0x45, 0x19, 0xff, 0x35, 0x01, 0x35, 0x6d, 0x69, 0x00, 0x95, 0x6d, 0x46, 
0xed, 0x78, 0xad, 0x09, 0x03, 0x2d, 0x0d, 0xd0, 0x5b, 0x1c, 0xdb, 0xb2, 0x8b, 0x42, 0x01, 0xd2, 
0x07, 0x2b, 0xee, 0xd3, 0x00, 0x20, 0x01, 0x46, 0x00, 0x90, 0x01, 0x22, 0x20, 0x46, 0x01, 0xf0, 
0xb9, 0xfc, 0x38, 0xbd, 0x93, 0x75, 0xf5, 0xe7, 0x38, 0xb5, 0x04, 0x46, 0x01, 0xf0, 0xb8, 0xfc, 
0xc5, 0x21, 0xc9, 0x00, 0x0f, 0x4a, 0x61, 0x43, 0x89, 0x18, 0x11, 0x22, 0x52, 0x01, 0x89, 0x18, 
0x49, 0x68, 0x6a, 0x46, 0x00, 0x91, 0xd2, 0x78, 0x92, 0x09, 0x03, 0x2a, 0x0b, 0xd1, 0x89, 0x00, 
0x89, 0x0f, 0x02, 0x29, 0x07, 0xd1, 0x0c, 0x49, 0xa0, 0x00, 0x40, 0x18, 0x00, 0x68, 0x19, 0x21, 
0xc0, 0x02, 0x00, 0x0d, 0x48, 0x43, 0x38, 0xbd, 0x44, 0x5b, 0x04, 0x20, 0x7d, 0x21, 0x04, 0x20, 
0xc0, 0x2a, 0x04, 0x20, 0x90, 0x12, 0x04, 0x20, 0xff, 0x03, 0xf0, 0xff, 0x40, 0x0d, 0x03, 0x00, 
0xf0, 0x49, 0x02, 0x00, 0xb8, 0x18, 0x04, 0x20, 0x74, 0x21, 0x04, 0x20, 0xf8, 0xb5, 0x04, 0x46, 
0xb7, 0x4a, 0x80, 0x00, 0xc5, 0x23, 0x11, 0x58, 0xdb, 0x00, 0xb6, 0x4d, 0x63, 0x43, 0x09, 0x0f, 
0x5d, 0x19, 0x89, 0x00, 0x69, 0x18, 0xff, 0x31, 0x01, 0x31, 0x09, 0x69, 0x6b, 0x46, 0x00, 0x91, 
0xdb, 0x78, 0x9b, 0x09, 0x03, 0x2b, 0x48, 0xd1, 0x80, 0x18, 0x8a, 0x00, 0x92, 0x0f, 0x02, 0x2a, 
0x43, 0xd1, 0x03, 0x68, 0xd8, 0x02, 0x02, 0x0d, 0x4b, 0x20, 0xc0, 0x00, 0x82, 0x42, 0x09, 0xd9, 
0x88, 0x05, 0x2e, 0xd0, 0x58, 0x06, 0x40, 0x0e, 0x86, 0x00, 0x80, 0x19, 0x8e, 0x05, 0xb6, 0x0d, 
0xb0, 0x42, 0x26, 0xd8, 0x10, 0x46, 0xff, 0x38, 0x69, 0x38, 0xf0, 0x28, 0x09, 0xd2, 0x08, 0x03, 
0x86, 0x0d, 0x1e, 0xd0, 0x5e, 0x06, 0x76, 0x0e, 0xb7, 0x00, 0xf6, 0x19, 0x80, 0x0d, 0x86, 0x42, 
0x17, 0xd8, 0x4b, 0x20, 0xc0, 0x00, 0x82, 0x42, 0x0b, 0xd1, 0x58, 0x06, 0x40, 0x0e, 0x83, 0x00, 
0xc0, 0x18, 0x0b, 0x03, 0x9b, 0x0d, 0x98, 0x42, 0x03, 0xd9, 0x89, 0x05, 0x89, 0x0d, 0x88, 0x42, 
0x07, 0xd8, 0xff, 0x20, 0x69, 0x30, 0x82, 0x42, 0x03, 0xd3, 0x19, 0x20, 0x40, 0x01, 0x82, 0x42, 
0x0b, 0xd9, 0x1f, 0x21, 0x49, 0x01, 0x04, 0x20, 0x69, 0x18, 0x08, 0x76, 0x18, 0x21, 0x20, 0x46, 
0x01, 0xf0, 0x6e, 0xfb, 0x8c, 0x48, 0x00, 0x5d, 0xf8, 0xbd, 0x20, 0x46, 0x01, 0xf0, 0x2e, 0xfc, 
0xf8, 0xbd, 0xf0, 0xb5, 0x05, 0x46, 0xc5, 0x20, 0xc0, 0x00, 0x86, 0x49, 0x68, 0x43, 0x44, 0x18, 
0x11, 0x20, 0x40, 0x01, 0x20, 0x18, 0x85, 0xb0, 0x40, 0x68, 0x00, 0x90, 0x01, 0x90, 0x28, 0x46, 
0x01, 0xf0, 0x22, 0xfc, 0x03, 0x90, 0x58, 0x20, 0x29, 0x46, 0x41, 0x43, 0x7f, 0x48, 0x0e, 0x18, 
0x40, 0x36, 0x31, 0x7d, 0x00, 0x20, 0x00, 0x29, 0x02, 0xd0, 0x30, 0x75, 0x03, 0x98, 0xf2, 0xe5, 
0x00, 0x23, 0x2f, 0x20, 0x40, 0x01, 0x20, 0x18, 0x03, 0x75, 0x01, 0x27, 0x37, 0x75, 0xae, 0x00, 
0x73, 0x4d, 0x77, 0x4f, 0xad, 0x59, 0xf7, 0x19, 0x2d, 0x0f, 0xad, 0x00, 0x65, 0x19, 0xff, 0x35, 
0x01, 0x35, 0x2d, 0x69, 0x02, 0x95, 0xac, 0x46, 0x6d, 0x46, 0xed, 0x78, 0x1a, 0x46, 0xad, 0x09, 
0x19, 0x46, 0xb6, 0x46, 0x00, 0x95, 0x03, 0x2d, 0x17, 0xd1, 0x01, 0x9d, 0xad, 0x00, 0xad, 0x0f, 
0x02, 0x2d, 0x04, 0xd0, 0x01, 0x2d, 0x02, 0xd0, 0x00, 0x2d, 0x07, 0xd0, 0x0d, 0xe0, 0x3d, 0x68, 
0x19, 0x23, 0xea, 0x02, 0x12, 0x0d, 0x5a, 0x43, 0x2b, 0x0f, 0x06, 0xe0, 0x3d, 0x68, 0x14, 0x23, 
0x2a, 0x03, 0x52, 0x0d, 0x5a, 0x43, 0x6b, 0x00, 0x5b, 0x0f, 0x6d, 0x46, 0xed, 0x7a, 0xad, 0x09, 
0x02, 0x95, 0x03, 0x2d, 0x1a, 0xd1, 0x65, 0x46, 0xad, 0x00, 0xad, 0x0f, 0x02, 0x2d, 0x01, 0xd0, 
0x01, 0x2d, 0x09, 0xd1, 0x3f, 0x68, 0x19, 0x26, 0xf9, 0x02, 0x09, 0x0d, 0x71, 0x43, 0x3f, 0x0f, 
0x9f, 0x42, 0x01, 0xd1, 0x01, 0x23, 0x03, 0x75, 0x00, 0x2d, 0x07, 0xd1, 0x50, 0x4b, 0x71, 0x46, 
0xc9, 0x18, 0x09, 0x68, 0x14, 0x23, 0x09, 0x03, 0x49, 0x0d, 0x59, 0x43, 0x00, 0x9b, 0x03, 0x2b, 
0x04, 0xd1, 0x01, 0x9b, 0x9b, 0x00, 0x9b, 0x0f, 0x02, 0x2b, 0x07, 0xd0, 0x02, 0x9b, 0x03, 0x2b, 
0x9c, 0xd1, 0x63, 0x46, 0x9b, 0x00, 0x9b, 0x0f, 0x02, 0x2b, 0x97, 0xd1, 0x01, 0x26, 0x07, 0x23, 
0xdb, 0x01, 0xc6, 0x73, 0x00, 0x25, 0xe3, 0x18, 0x86, 0x74, 0x5d, 0x77, 0x8a, 0x42, 0x8d, 0xd0, 
0x5e, 0x77, 0x53, 0x1a, 0x00, 0x2b, 0x01, 0xdd, 0x1c, 0x46, 0x00, 0xe0, 0x8c, 0x1a, 0xff, 0x26, 
0xf5, 0x36, 0xb4, 0x42, 0x00, 0xdd, 0xc5, 0x73, 0x00, 0x2b, 0x00, 0xdc, 0x8b, 0x1a, 0x7d, 0x21, 
0xc9, 0x00, 0x8b, 0x42, 0x00, 0xdc, 0x79, 0xe7, 0x85, 0x74, 0x77, 0xe7, 0x58, 0x21, 0x37, 0x4a, 
0x41, 0x43, 0x10, 0xb5, 0x89, 0x18, 0x00, 0x22, 0x0a, 0x65, 0x01, 0xf0, 0x8b, 0xfb, 0xc9, 0xe4, 
0x58, 0x21, 0x32, 0x4a, 0x41, 0x43, 0x89, 0x18, 0x31, 0x4b, 0x10, 0xb5, 0x82, 0x00, 0xd2, 0x18, 
0x12, 0x68, 0x0a, 0x65, 0x01, 0xf0, 0x84, 0xfb, 0xbc, 0xe4, 0xc5, 0x21, 0xc9, 0x00, 0x29, 0x4a, 
0x41, 0x43, 0x89, 0x18, 0x10, 0xb5, 0xff, 0x22, 0xb2, 0x32, 0x52, 0x5c, 0x01, 0x2a, 0x09, 0xd0, 
0xa0, 0x31, 0xca, 0x7e, 0x92, 0x08, 0x92, 0x00, 0x52, 0x1c, 0xca, 0x76, 0x8f, 0x21, 0x01, 0xf0, 
0xf5, 0xf9, 0xa7, 0xe4, 0x3d, 0x21, 0x01, 0xf0, 0x7b, 0xfa, 0xa3, 0xe4, 0x10, 0xb5, 0x04, 0x46, 
0xc5, 0x20, 0xc0, 0x00, 0x1b, 0x49, 0x60, 0x43, 0x41, 0x18, 0x08, 0x46, 0xa0, 0x30, 0x02, 0x7e, 
0xd2, 0x09, 0x29, 0xd0, 0xff, 0x22, 0xbd, 0x32, 0x52, 0x58, 0xd2, 0x00, 0x92, 0x0f, 0x02, 0x2a, 
0x1b, 0xd1, 0x00, 0x7b, 0x80, 0x07, 0x80, 0x0f, 0x02, 0x28, 0x16, 0xd0, 0xc5, 0x20, 0xff, 0x31, 
0xc0, 0x00, 0x10, 0x4a, 0xa1, 0x31, 0x60, 0x43, 0x49, 0x7d, 0x80, 0x18, 0x80, 0x30, 0x01, 0x29, 
0x02, 0xd0, 0x00, 0x29, 0x03, 0xd0, 0x08, 0xe0, 0x00, 0x7f, 0xc0, 0x06, 0x01, 0xe0, 0x00, 0x7f, 
0x40, 0x06, 0x00, 0x28, 0x01, 0xdb, 0x11, 0x21, 0x00, 0xe0, 0x2c, 0x21, 0x20, 0x46, 0x01, 0xf0, 
0x5f, 0xfa, 0x05, 0x48, 0x00, 0x5d, 0x6d, 0xe4, 0x20, 0x46, 0x01, 0xf0, 0x37, 0xfb, 0x69, 0xe4, 
0x78, 0x21, 0x04, 0x20, 0x90, 0x12, 0x04, 0x20, 0x7d, 0x21, 0x04, 0x20, 0x44, 0x5b, 0x04, 0x20, 
0x74, 0x21, 0x04, 0x20, 0x10, 0xb5, 0x04, 0x46, 0x12, 0x21, 0x01, 0xf0, 0x2d, 0xfb, 0x20, 0x46, 
0x01, 0xf0, 0x30, 0xfb, 0x10, 0xbd, 0x70, 0xb5, 0x05, 0x46, 0x58, 0x20, 0x5f, 0x49, 0x68, 0x43, 
0x44, 0x18, 0x40, 0x34, 0x60, 0x7a, 0x00, 0x28, 0x0e, 0xd0, 0x21, 0x7a, 0x00, 0x23, 0x01, 0x22, 
0x28, 0x46, 0x01, 0xf0, 0x25, 0xfb, 0x00, 0x20, 0x60, 0x72, 0x59, 0x48, 0x41, 0x5d, 0x3b, 0x29, 
0x02, 0xd1, 0x28, 0x46, 0x01, 0xf0, 0x8a, 0xf9, 0x70, 0xbd, 0xff, 0xb5, 0x04, 0x46, 0x0d, 0x46, 
0x88, 0x00, 0x54, 0x49, 0x81, 0xb0, 0x40, 0x18, 0xc6, 0x78, 0xc5, 0x21, 0x20, 0x46, 0xc9, 0x00, 
0x48, 0x43, 0x51, 0x49, 0x1f, 0x46, 0x40, 0x18, 0x01, 0x2e, 0x0f, 0xd1, 0x21, 0x22, 0x52, 0x01, 
0x00, 0x21, 0x80, 0x18, 0x01, 0x71, 0x2e, 0x21, 0x20, 0x46, 0x01, 0xf0, 0xf5, 0xfa, 0x4b, 0x48, 
0x29, 0x02, 0x08, 0x18, 0xc1, 0x6a, 0xf2, 0x07, 0x11, 0x43, 0xc1, 0x62, 0x01, 0x23, 0x00, 0x97, 
0x00, 0x21, 0x28, 0x46, 0x03, 0x9a, 0x01, 0xf0, 0xf9, 0xfa, 0x20, 0x46, 0x01, 0xf0, 0xfc, 0xfa, 
0x81, 0xb2, 0x20, 0x46, 0x01, 0xf0, 0xfe, 0xfa, 0x30, 0x46, 0x01, 0x26, 0x00, 0x28, 0x1c, 0xd0, 
0x00, 0x2f, 0x11, 0xd1, 0x3a, 0x48, 0x00, 0x5d, 0x1c, 0x28, 0x0f, 0xd0, 0xff, 0x22, 0x3c, 0x4b, 
0x91, 0x32, 0x22, 0x21, 0x20, 0x46, 0x01, 0xf0, 0x55, 0xf9, 0x58, 0x20, 0x44, 0x43, 0x33, 0x48, 
0x20, 0x18, 0x40, 0x30, 0x05, 0x72, 0x46, 0x72, 0x05, 0xb0, 0xf0, 0xbd, 0x00, 0x23, 0x01, 0x22, 
0x29, 0x46, 0x20, 0x46, 0x01, 0xf0, 0xcc, 0xfa, 0xf6, 0xe7, 0x01, 0xf0, 0xe1, 0xfa, 0x01, 0x46, 
0xc5, 0x20, 0xc0, 0x00, 0x2c, 0x4a, 0x60, 0x43, 0x80, 0x18, 0xff, 0x30, 0xff, 0x30, 0x02, 0x30, 
0x00, 0x29, 0x02, 0xd0, 0x00, 0x21, 0x41, 0x76, 0xe8, 0xe7, 0x46, 0x76, 0xe4, 0xe7, 0xff, 0xb5, 
0x81, 0xb0, 0x1f, 0x46, 0x16, 0x46, 0x04, 0x46, 0x01, 0x21, 0x01, 0xf0, 0xcf, 0xfa, 0x05, 0x46, 
0xac, 0x42, 0x0d, 0xd0, 0x21, 0x46, 0x3b, 0x46, 0x32, 0x46, 0x08, 0x46, 0x01, 0xf0, 0xcc, 0xfa, 
0x58, 0x20, 0x1a, 0x49, 0x60, 0x43, 0x40, 0x18, 0x40, 0x30, 0x84, 0x72, 0x01, 0x21, 0xc1, 0x72, 
0x3b, 0x46, 0x32, 0x46, 0x20, 0x46, 0x02, 0x99, 0x01, 0xf0, 0xc4, 0xfa, 0xc5, 0x21, 0xc9, 0x00, 
0x4c, 0x43, 0x15, 0x49, 0x64, 0x18, 0xc0, 0x34, 0x20, 0x75, 0x31, 0x46, 0x28, 0x46, 0x01, 0xf0, 
0xbf, 0xfa, 0x20, 0x7d, 0xb8, 0xe7, 0x10, 0xb5, 0x04, 0x46, 0x01, 0xf0, 0xbf, 0xfa, 0x11, 0x4b, 
0x11, 0x4a, 0x35, 0x21, 0x20, 0x46, 0x01, 0xf0, 0xfd, 0xf8, 0x58, 0x20, 0x44, 0x43, 0x07, 0x48, 
0x24, 0x18, 0x40, 0x34, 0xe0, 0x7a, 0x01, 0x28, 0x07, 0xd1, 0x00, 0x20, 0xe0, 0x72, 0xa0, 0x7a, 
0x00, 0x21, 0x01, 0xf0, 0xaf, 0xf9, 0xff, 0x20, 0xa0, 0x72, 0x10, 0xbd, 0x44, 0x5b, 0x04, 0x20, 
0x7d, 0x21, 0x04, 0x20, 0xd4, 0x03, 0x04, 0x20, 0x90, 0x12, 0x04, 0x20, 0x40, 0x09, 0x09, 0x40, 
0x7f, 0x42, 0x04, 0x20, 0x39, 0x2f, 0x04, 0x20, 0x28, 0x0a, 0x00, 0x00, 0x66, 0x49, 0x01, 0x20, 
0x08, 0x70, 0x70, 0x47, 0x08, 0xb5, 0x65, 0x4a, 0x6b, 0x46, 0x12, 0x68, 0x00, 0x92, 0x00, 0x22, 
0x80, 0x00, 0x1b, 0x58, 0x0a, 0xe0, 0x88, 0x42, 0x06, 0xd1, 0x90, 0x00, 0x10, 0x18, 0x40, 0x1c, 
0x18, 0x18, 0x01, 0xf0, 0xd3, 0xf8, 0x08, 0xbd, 0x52, 0x1c, 0xd2, 0xb2, 0x90, 0x00, 0x10, 0x18, 
0x18, 0x5c, 0xff, 0x28, 0xef, 0xd1, 0x00, 0x20, 0x08, 0xbd, 0x70, 0xb5, 0x58, 0x22, 0x58, 0x4e, 
0x42, 0x43, 0xff, 0x39, 0x92, 0x19, 0x01, 0x23, 0x11, 0x39, 0x00, 0x25, 0x40, 0x32, 0x05, 0x9c, 
0x00, 0x29, 0x12, 0xd0, 0x01, 0x29, 0x12, 0xd0, 0x0a, 0x29, 0x11, 0xd1, 0x51, 0x49, 0x09, 0x5c, 
0x2a, 0x29, 0x0d, 0xd0, 0x0b, 0x29, 0x0b, 0xd9, 0x01, 0xf0, 0x66, 0xfa, 0x00, 0x20, 0x01, 0xf0, 
0x69, 0xfa, 0x03, 0x20, 0x00, 0x23, 0x20, 0x60, 0x02, 0xe0, 0x15, 0x73, 0x00, 0xe0, 0x95, 0x73, 
0x18, 0x46, 0x70, 0xbd, 0x10, 0xb5, 0x44, 0x49, 0x08, 0x78, 0x01, 0x28, 0x21, 0xd1, 0x44, 0x4c, 
0x20, 0x7c, 0x40, 0x07, 0x1d, 0xd5, 0x00, 0x20, 0x08, 0x70, 0x60, 0x61, 0xa0, 0x61, 0xe0, 0x61, 
0x21, 0x46, 0x20, 0x31, 0x20, 0x62, 0x08, 0x71, 0x03, 0x46, 0x01, 0x22, 0x11, 0x46, 0x9b, 0x20, 
0x01, 0xf0, 0x56, 0xf8, 0x01, 0x22, 0x00, 0x23, 0x11, 0x46, 0x9c, 0x20, 0x01, 0xf0, 0x50, 0xf8, 
0xe0, 0x7b, 0x39, 0x4a, 0x01, 0x07, 0x09, 0x0f, 0x28, 0x20, 0x41, 0x43, 0x0e, 0x20, 0x01, 0xf0, 
0x89, 0xf8, 0x01, 0x20, 0x10, 0xbd, 0x01, 0x20, 0x70, 0x47, 0xff, 0xb5, 0x81, 0xb0, 0x98, 0x29, 
0x01, 0xd0, 0x70, 0x29, 0x1c, 0xd1, 0x2e, 0x4c, 0x30, 0x4d, 0x23, 0x7c, 0x5b, 0x07, 0xdf, 0x0f, 
0x2b, 0x7c, 0xde, 0x07, 0xf6, 0x0f, 0x01, 0xf0, 0x2b, 0xfa, 0x00, 0x2f, 0x02, 0xd1, 0x20, 0x7c, 
0x40, 0x07, 0x07, 0xd4, 0x01, 0x2e, 0x08, 0xd1, 0x28, 0x7c, 0xc0, 0x07, 0x05, 0xd1, 0x20, 0x7c, 
0x40, 0x07, 0x02, 0xd5, 0x20, 0x49, 0x01, 0x20, 0x08, 0x70, 0x04, 0x98, 0x00, 0x21, 0x01, 0x70, 
0x01, 0x20, 0x05, 0xb0, 0xf0, 0xbd, 0x70, 0xb5, 0x05, 0x46, 0xc5, 0x20, 0xc0, 0x00, 0x20, 0x49, 
0x68, 0x43, 0x40, 0x18, 0x0f, 0x21, 0x89, 0x01, 0x41, 0x18, 0x0a, 0x79, 0x1d, 0x21, 0x49, 0x01, 
0x01, 0x24, 0x41, 0x18, 0x64, 0x2a, 0x02, 0xd0, 0x65, 0x2a, 0x23, 0xd1, 0x15, 0xe0, 0x48, 0x7f, 
0x02, 0x28, 0x06, 0xd0, 0x89, 0x7f, 0x02, 0x29, 0x03, 0xd0, 0x01, 0x28, 0x1a, 0xd1, 0x01, 0x29, 
0x18, 0xd1, 0x35, 0x21, 0x28, 0x46, 0x00, 0xf0, 0xf1, 0xf8, 0x00, 0x28, 0x11, 0xd1, 0x00, 0x22, 
0x91, 0x21, 0x28, 0x46, 0x01, 0xf0, 0x00, 0xf8, 0x0c, 0xe0, 0x48, 0x7f, 0x03, 0x28, 0x02, 0xd2, 
0x88, 0x7f, 0x03, 0x28, 0x06, 0xd3, 0x35, 0x21, 0x28, 0x46, 0x00, 0xf0, 0xdf, 0xf8, 0x00, 0x28, 
0x00, 0xd0, 0x00, 0x24, 0x20, 0x46, 0x70, 0xbd, 0x40, 0x5b, 0x04, 0x20, 0x3c, 0x5b, 0x04, 0x20, 
0x44, 0x5b, 0x04, 0x20, 0x7d, 0x21, 0x04, 0x20, 0x9f, 0x34, 0x04, 0x20, 0x90, 0x1d, 0x04, 0x20, 
0x90, 0x12, 0x04, 0x20, 0x70, 0xb5, 0x12, 0x4d, 0x2c, 0x7c, 0x01, 0xf0, 0xcf, 0xf9, 0x28, 0x7c, 
0x00, 0x28, 0x0c, 0xd1, 0x02, 0x2c, 0x01, 0xd0, 0x01, 0x2c, 0x08, 0xd1, 0x0d, 0x48, 0x0e, 0x4a, 
0xc0, 0x7b, 0x01, 0x09, 0x28, 0x20, 0x41, 0x43, 0x0e, 0x20, 0x01, 0xf0, 0x03, 0xf8, 0x20, 0x46, 
0x70, 0xbd, 0x10, 0xb5, 0x01, 0xf0, 0xc0, 0xf9, 0x08, 0x48, 0x00, 0x21, 0x01, 0x61, 0xc0, 0x68, 
0xff, 0x22, 0x80, 0x30, 0x41, 0x6b, 0xd2, 0x43, 0x11, 0x43, 0x41, 0x63, 0x10, 0xbd, 0x00, 0x00, 
0xf0, 0x1d, 0x04, 0x20, 0x44, 0x5b, 0x04, 0x20, 0x9f, 0x34, 0x04, 0x20, 0x14, 0x04, 0x04, 0x20, 
0x10, 0xb5, 0x04, 0x46, 0xff, 0x20, 0x91, 0x30, 0x00, 0xf0, 0xf0, 0xff, 0x2c, 0x48, 0x21, 0x02, 
0x09, 0x18, 0x4a, 0x68, 0x50, 0x00, 0x80, 0x0f, 0x03, 0x28, 0x09, 0xd1, 0x01, 0x20, 0x80, 0x07, 
0x48, 0x60, 0x40, 0x10, 0x48, 0x60, 0x01, 0xf0, 0x9d, 0xf9, 0x20, 0x46, 0x01, 0xf0, 0xa0, 0xf9, 
0x20, 0x46, 0x01, 0xf0, 0xa3, 0xf9, 0x10, 0xbd, 0x10, 0xb5, 0xc0, 0x1c, 0xc0, 0xb2, 0x01, 0xf0, 
0x23, 0xf8, 0x10, 0xbd, 0x38, 0xb5, 0x00, 0x20, 0xff, 0xf7, 0xf6, 0xff, 0x69, 0x46, 0x08, 0x70, 
0x00, 0x22, 0x01, 0x21, 0x5c, 0x20, 0x01, 0xf0, 0x35, 0xf8, 0x01, 0x28, 0x0b, 0xd0, 0x10, 0xe0, 
0x20, 0x46, 0x00, 0xf0, 0xc3, 0xff, 0x00, 0x20, 0xff, 0xf7, 0xe6, 0xff, 0x69, 0x46, 0x08, 0x70, 
0x01, 0xf0, 0x8a, 0xf9, 0x01, 0xe0, 0x7d, 0x24, 0x64, 0x01, 0x68, 0x46, 0x00, 0x78, 0x3c, 0x28, 
0xee, 0xd8, 0x00, 0x24, 0x00, 0x21, 0x20, 0x46, 0x01, 0xf0, 0x84, 0xf9, 0x64, 0x1c, 0x24, 0x06, 
0x24, 0x0e, 0xf7, 0xd0, 0x01, 0xf0, 0x84, 0xf9, 0x38, 0xbd, 0x10, 0xb5, 0x01, 0xf0, 0x62, 0xf9, 
0x08, 0x48, 0x80, 0x7a, 0x00, 0x28, 0x01, 0xd0, 0x01, 0xf0, 0x80, 0xf9, 0x01, 0x20, 0x80, 0x07, 
0xc0, 0x69, 0xc0, 0x02, 0x02, 0xd5, 0x04, 0x49, 0x00, 0x20, 0x08, 0x60, 0x10, 0xbd, 0x00, 0x00, 
0x00, 0x09, 0x09, 0x40, 0x30, 0x1e, 0x04, 0x20, 0x03, 0x00, 0x02, 0x20, 0x70, 0xb5, 0x12, 0x29, 
0x02, 0xd0, 0x11, 0x29, 0x03, 0xd0, 0x0e, 0xe0, 0xff, 0x22, 0x2a, 0x32, 0x0b, 0xe0, 0xc5, 0x24, 
0xe4, 0x00, 0x4e, 0x4d, 0x44, 0x43, 0x64, 0x19, 0xff, 0x34, 0xa1, 0x34, 0x64, 0x7d, 0x00, 0x2c, 
0x01, 0xd1, 0x4b, 0x4a, 0x4b, 0x4b, 0x01, 0xf0, 0x5f, 0xf9, 0x70, 0xbd, 0x10, 0xb5, 0xc5, 0x23, 
0xdb, 0x00, 0x46, 0x4c, 0x43, 0x43, 0x1b, 0x19, 0x2d, 0x2a, 0x05, 0xd1, 0xff, 0x24, 0xbd, 0x34, 
0xe4, 0x5a, 0x64, 0x06, 0x00, 0xd5, 0x44, 0x49, 0x44, 0x4c, 0x24, 0x5c, 0x37, 0x2c, 0x01, 0xd0, 
0xa4, 0x2c, 0x06, 0xd1, 0x09, 0x21, 0x89, 0x01, 0x59, 0x18, 0x09, 0x7f, 0x01, 0x29, 0x03, 0xd0, 
0x3f, 0x49, 0x01, 0xf0, 0x47, 0xf9, 0x10, 0xbd, 0x3e, 0x49, 0xfa, 0xe7, 0x10, 0xb5, 0x03, 0x46, 
0x00, 0x20, 0xef, 0xf3, 0x10, 0x82, 0xd2, 0x07, 0xd2, 0x0f, 0x72, 0xb6, 0x0c, 0x24, 0x63, 0x43, 
0x39, 0x4c, 0xe3, 0x58, 0x0c, 0x24, 0x61, 0x43, 0x59, 0x58, 0x38, 0x4b, 0x09, 0x0a, 0x99, 0x42, 
0x00, 0xd0, 0x01, 0x20, 0x00, 0x2a, 0x00, 0xd1, 0x62, 0xb6, 0x10, 0xbd, 0xff, 0xb5, 0x32, 0x4f, 
0x81, 0xb0, 0xfc, 0x68, 0x05, 0x46, 0xb4, 0x34, 0x02, 0x99, 0x01, 0xf0, 0x29, 0xf9, 0xef, 0xf3, 
0x10, 0x80, 0xc6, 0x07, 0xf6, 0x0f, 0x72, 0xb6, 0x0c, 0x20, 0x68, 0x43, 0xc0, 0x19, 0x41, 0x68, 
0x02, 0x98, 0x0f, 0x28, 0x0c, 0xd1, 0x01, 0x2d, 0x0a, 0xd1, 0x00, 0x29, 0x08, 0xd0, 0x8c, 0x42, 
0x06, 0xd1, 0x60, 0x68, 0x00, 0x28, 0x03, 0xd1, 0x25, 0x48, 0x40, 0x68, 0x01, 0xf0, 0x16, 0xf9, 
0x00, 0x2e, 0x00, 0xd1, 0x62, 0xb6, 0x05, 0xb0, 0xf0, 0xbd, 0x58, 0x21, 0x48, 0x43, 0x10, 0xb5, 
0x20, 0x49, 0x44, 0x18, 0x24, 0x20, 0x00, 0x5d, 0x00, 0x28, 0x01, 0xd0, 0x20, 0x89, 0x00, 0xe0, 
0xe0, 0x88, 0x06, 0x21, 0x48, 0x43, 0x21, 0x6a, 0x0a, 0x22, 0x49, 0x1c, 0x4a, 0x43, 0x82, 0x42, 
0x06, 0xd3, 0x01, 0xf0, 0xbf, 0xf8, 0xfe, 0xf7, 0x3e, 0xfe, 0x00, 0x20, 0x20, 0x62, 0x10, 0xbd, 
0x21, 0x62, 0x10, 0xbd, 0x10, 0xb5, 0x14, 0x48, 0x00, 0x7c, 0x00, 0x28, 0x09, 0xd0, 0x01, 0xf0, 
0xc3, 0xf8, 0x10, 0x48, 0x00, 0x7c, 0x40, 0x07, 0x02, 0xd5, 0x00, 0x20, 0xff, 0xf7, 0xd5, 0xff, 
0x10, 0xbd, 0x00, 0x20, 0x01, 0xf0, 0xe8, 0xf8, 0x10, 0xbd, 0x00, 0x00, 0x90, 0x12, 0x04, 0x20, 
0xb4, 0x0a, 0x00, 0x00, 0xb3, 0x41, 0x04, 0x20, 0x58, 0x26, 0x13, 0x00, 0x7d, 0x21, 0x04, 0x20, 
0xc8, 0xb8, 0x0b, 0x00, 0x8c, 0x6c, 0x11, 0x00, 0x14, 0x04, 0x04, 0x20, 0xff, 0xff, 0xff, 0x00, 
0x0c, 0x04, 0x04, 0x20, 0x44, 0x5b, 0x04, 0x20, 0xf0, 0x1d, 0x04, 0x20, 0x70, 0xb5, 0x05, 0x46, 
0xc0, 0x1c, 0xc1, 0xb2, 0xc5, 0x20, 0xc0, 0x00, 0x2c, 0x4a, 0x68, 0x43, 0x80, 0x18, 0xc0, 0x30, 
0x02, 0x7e, 0x00, 0x24, 0x00, 0x2a, 0x02, 0xd1, 0x40, 0x7e, 0x00, 0x28, 0x01, 0xd0, 0x01, 0x24, 
0x07, 0xe0, 0x08, 0x46, 0x00, 0xf0, 0x08, 0xff, 0x27, 0x28, 0x00, 0xd3, 0x01, 0x24, 0x37, 0x28, 
0x03, 0xd8, 0x00, 0x21, 0x28, 0x46, 0x01, 0xf0, 0x85, 0xf8, 0x20, 0x46, 0x70, 0xbd, 0x10, 0xb5, 
0x1f, 0x48, 0x00, 0x7c, 0x81, 0x07, 0x01, 0xd5, 0xc0, 0x07, 0x01, 0xd1, 0x01, 0xf0, 0xaa, 0xf8, 
0x10, 0xbd, 0xf3, 0xb5, 0x04, 0x46, 0x81, 0xb0, 0x00, 0x02, 0x1a, 0x49, 0x00, 0x90, 0x40, 0x18, 
0x47, 0x6b, 0xc5, 0x21, 0xc9, 0x00, 0x15, 0x4a, 0x61, 0x43, 0x8d, 0x18, 0x0f, 0x21, 0x89, 0x01, 
0x6e, 0x18, 0x02, 0x98, 0x30, 0x71, 0x20, 0x46, 0x01, 0xf0, 0x9a, 0xf8, 0x00, 0x28, 0x18, 0xd0, 
0xff, 0x20, 0x39, 0x46, 0x01, 0x30, 0x81, 0x43, 0x40, 0x00, 0x01, 0x43, 0x0d, 0x4a, 0x00, 0x98, 
0x34, 0x32, 0x80, 0x18, 0x01, 0xf0, 0x92, 0xf8, 0x01, 0x20, 0xc0, 0x35, 0xa8, 0x76, 0x03, 0x20, 
0xb0, 0x73, 0x00, 0x2c, 0x03, 0xd0, 0x02, 0x20, 0x01, 0xf0, 0x8e, 0xf8, 0xfe, 0xbd, 0x01, 0x20, 
0xfa, 0xe7, 0x20, 0x46, 0x02, 0x99, 0x01, 0xf0, 0x8d, 0xf8, 0xfe, 0xbd, 0x90, 0x12, 0x04, 0x20, 
0x44, 0x5b, 0x04, 0x20, 0x40, 0x09, 0x09, 0x40, 0x30, 0xb5, 0x00, 0x24, 0x01, 0x2b, 0x0d, 0xd0, 
0xc5, 0x23, 0xdb, 0x00, 0xfa, 0x4d, 0x43, 0x43, 0x5b, 0x19, 0xff, 0x33, 0xa1, 0x33, 0x5b, 0x7d, 
0x00, 0x2b, 0x0e, 0xd1, 0xf7, 0x4b, 0x1b, 0x78, 0x5b, 0x07, 0x0a, 0xd5, 0x01, 0x2a, 0x0d, 0xd0, 
0x58, 0x22, 0x50, 0x43, 0xf4, 0x4a, 0x80, 0x18, 0x40, 0x30, 0xc0, 0x79, 0xc0, 0x07, 0x00, 0xd0, 
0x0e, 0x24, 0xa1, 0x42, 0x04, 0xd9, 0x08, 0x1b, 0x80, 0xb2, 0x30, 0xbd, 0x12, 0x24, 0xf8, 0xe7, 
0x00, 0x20, 0x30, 0xbd, 0x08, 0x46, 0x00, 0x2a, 0x06, 0xd0, 0xec, 0x49, 0x48, 0x43, 0x80, 0x0c, 
0x19, 0x28, 0x02, 0xd3, 0x19, 0x38, 0x80, 0xb2, 0x70, 0x47, 0x00, 0x20, 0x70, 0x47, 0x10, 0xb5, 
0x04, 0x46, 0xc5, 0x20, 0xc0, 0x00, 0x21, 0x46, 0x41, 0x43, 0xe1, 0x48, 0x00, 0x22, 0x08, 0x18, 
0x01, 0x46, 0xff, 0x31, 0xa1, 0x31, 0x8a, 0x73, 0xff, 0x30, 0xca, 0x73, 0x81, 0x30, 0xc2, 0x77, 
0x0a, 0x81, 0x4a, 0x80, 0x4a, 0x7d, 0x01, 0x2a, 0x18, 0xd0, 0xdd, 0x4a, 0x12, 0x5d, 0x3a, 0x2a, 
0x14, 0xd0, 0x50, 0x22, 0xdb, 0x4b, 0x53, 0x43, 0x1b, 0x0c, 0x83, 0x77, 0xca, 0x80, 0x0a, 0x80, 
0x01, 0x22, 0x00, 0x21, 0x20, 0x46, 0x01, 0xf0, 0x33, 0xf8, 0x01, 0x22, 0x6e, 0x21, 0x20, 0x46, 
0x01, 0xf0, 0x34, 0xf8, 0x20, 0x46, 0x01, 0xf0, 0x37, 0xf8, 0x10, 0xbd, 0x5f, 0x22, 0xe9, 0xe7, 
0xf8, 0xb5, 0x06, 0x9c, 0x1e, 0x46, 0x0f, 0x46, 0x05, 0x46, 0x00, 0x94, 0x01, 0xf0, 0x32, 0xf8, 
0x00, 0x2f, 0x59, 0xd0, 0xc5, 0x21, 0xc9, 0x00, 0xc5, 0x4a, 0x69, 0x43, 0x89, 0x18, 0x11, 0x22, 
0x52, 0x01, 0x8a, 0x18, 0xd2, 0x79, 0x92, 0x09, 0x03, 0x2a, 0x4d, 0xd1, 0x0a, 0x46, 0xff, 0x32, 
0xa1, 0x32, 0x94, 0x46, 0x53, 0x7d, 0xaa, 0x00, 0x01, 0x2b, 0x2b, 0xd1, 0xc2, 0x4b, 0x9b, 0x58, 
0x1b, 0x0f, 0x9b, 0x00, 0xcb, 0x18, 0xff, 0x33, 0x01, 0x33, 0x1b, 0x69, 0x9b, 0x00, 0x9b, 0x0f, 
0x02, 0x2b, 0x39, 0xd1, 0xbd, 0x48, 0xbe, 0x4d, 0x80, 0x58, 0xc0, 0x02, 0x40, 0x0d, 0x83, 0x1c, 
0x6b, 0x43, 0x1b, 0x0c, 0x33, 0x80, 0xb4, 0x23, 0x23, 0x80, 0x0b, 0x46, 0xa0, 0x33, 0xdd, 0x7b, 
0xed, 0x06, 0xad, 0x0f, 0x03, 0xd0, 0x02, 0x2d, 0x03, 0xd0, 0xe1, 0x25, 0x02, 0xe0, 0xe6, 0x25, 
0x00, 0xe0, 0xeb, 0x25, 0xb4, 0x27, 0x7d, 0x43, 0x2d, 0x02, 0x2d, 0x0c, 0x25, 0x80, 0x1b, 0x8a, 
0xeb, 0x1a, 0x23, 0x80, 0x63, 0x46, 0x5b, 0x7d, 0x00, 0x2b, 0x15, 0xd1, 0xaa, 0x4b, 0x9b, 0x58, 
0x1b, 0x0f, 0x9b, 0x00, 0xc9, 0x18, 0xdc, 0x31, 0x09, 0x68, 0x89, 0x00, 0x89, 0x0f, 0x02, 0x29, 
0x0a, 0xd1, 0xa6, 0x48, 0x80, 0x58, 0xa6, 0x4a, 0xc0, 0x02, 0x40, 0x0d, 0x81, 0x1c, 0x51, 0x43, 
0x09, 0x0c, 0x31, 0x80, 0x9b, 0x21, 0x21, 0x80, 0xf8, 0xbd, 0xff, 0xb5, 0x81, 0xb0, 0xc5, 0x21, 
0x01, 0x98, 0xc9, 0x00, 0x48, 0x43, 0x96, 0x49, 0x01, 0x22, 0x45, 0x18, 0x2c, 0x46, 0xff, 0x34, 
0xa1, 0x34, 0x21, 0x89, 0x01, 0x98, 0x00, 0xf0, 0xcb, 0xff, 0x06, 0x46, 0xff, 0x21, 0x01, 0x22, 
0xb1, 0x31, 0x01, 0x98, 0x00, 0xf0, 0xc4, 0xff, 0xb0, 0x42, 0x00, 0xd2, 0x06, 0x46, 0x00, 0x22, 
0x03, 0x99, 0x01, 0x98, 0x00, 0xf0, 0xbc, 0xff, 0xb0, 0x42, 0x00, 0xd2, 0x06, 0x46, 0x00, 0x22, 
0x31, 0x46, 0x01, 0x98, 0x00, 0xf0, 0xb4, 0xff, 0x01, 0x46, 0xda, 0x20, 0x43, 0x5d, 0x00, 0x22, 
0x01, 0x98, 0xff, 0xf7, 0x09, 0xff, 0x01, 0x46, 0x8a, 0x48, 0x2f, 0x46, 0x48, 0x43, 0xff, 0x37, 
0x80, 0x0a, 0x81, 0x37, 0xf8, 0x77, 0x04, 0x98, 0x01, 0x26, 0x00, 0x28, 0x16, 0xd1, 0x60, 0x7d, 
0x00, 0x28, 0x13, 0xd1, 0xff, 0x35, 0xe1, 0x35, 0xa8, 0x7a, 0x02, 0x28, 0x0e, 0xd0, 0x05, 0x29, 
0x01, 0xd9, 0x49, 0x1f, 0x89, 0xb2, 0x32, 0x46, 0x01, 0x98, 0x00, 0xf0, 0x79, 0xff, 0xe1, 0x88, 
0xff, 0x20, 0xb1, 0x30, 0x81, 0x42, 0x04, 0xd2, 0x00, 0x22, 0x05, 0xe0, 0x32, 0x46, 0x00, 0x21, 
0xf2, 0xe7, 0x00, 0x22, 0xff, 0x21, 0xd6, 0x31, 0x01, 0x98, 0x00, 0xf0, 0x81, 0xff, 0x75, 0x49, 
0x32, 0x46, 0x41, 0x43, 0x89, 0x0a, 0xb9, 0x77, 0x40, 0x1d, 0x81, 0xb2, 0x01, 0x98, 0x00, 0xf0, 
0x65, 0xff, 0x02, 0x98, 0xe0, 0x80, 0x03, 0x98, 0x20, 0x81, 0x01, 0x98, 0x00, 0xf0, 0x64, 0xff, 
0x05, 0xb0, 0xf0, 0xbd, 0xff, 0xb5, 0x81, 0xb0, 0xc5, 0x21, 0x01, 0x98, 0xc9, 0x00, 0x48, 0x43, 
0x5f, 0x49, 0x1f, 0x46, 0x44, 0x18, 0x25, 0x46, 0xff, 0x35, 0xa1, 0x35, 0x29, 0x89, 0x00, 0x22, 
0x01, 0x98, 0x00, 0xf0, 0x5d, 0xff, 0x06, 0x46, 0x01, 0x22, 0x03, 0x99, 0x01, 0x98, 0x00, 0xf0, 
0x57, 0xff, 0xb0, 0x42, 0x00, 0xd2, 0x06, 0x46, 0xff, 0x21, 0x01, 0x22, 0xe5, 0x31, 0x01, 0x98, 
0x00, 0xf0, 0x4e, 0xff, 0xb0, 0x42, 0x00, 0xd2, 0x06, 0x46, 0x01, 0x22, 0x31, 0x46, 0x01, 0x98, 
0x00, 0xf0, 0x46, 0xff, 0x01, 0x46, 0xda, 0x20, 0x03, 0x5d, 0x01, 0x22, 0x01, 0x98, 0xff, 0xf7, 
0x9b, 0xfe, 0x01, 0x46, 0x53, 0x48, 0x01, 0x26, 0x48, 0x43, 0x82, 0x0a, 0x20, 0x46, 0xff, 0x30, 
0x81, 0x30, 0x00, 0x90, 0xc2, 0x77, 0x00, 0x2f, 0x3a, 0xd1, 0x68, 0x7d, 0x00, 0x28, 0x37, 0xd1, 
0xff, 0x20, 0xeb, 0x30, 0x00, 0x5d, 0x02, 0x28, 0x32, 0xd0, 0x05, 0x29, 0x01, 0xd9, 0x49, 0x1f, 
0x89, 0xb2, 0x32, 0x46, 0x01, 0x98, 0x00, 0xf0, 0x0b, 0xff, 0x00, 0x22, 0x02, 0x99, 0x01, 0x98, 
0x00, 0xf0, 0x1e, 0xff, 0x07, 0x46, 0xff, 0x21, 0x00, 0x22, 0xe5, 0x31, 0x01, 0x98, 0x00, 0xf0, 
0x17, 0xff, 0xb8, 0x42, 0x00, 0xd2, 0x07, 0x46, 0x3e, 0x48, 0x00, 0x99, 0x78, 0x43, 0x80, 0x0a, 
0x88, 0x77, 0xa0, 0x34, 0x7f, 0x1d, 0xa0, 0x7b, 0xb9, 0xb2, 0x87, 0x07, 0x03, 0x22, 0x10, 0x43, 
0xa0, 0x73, 0xbf, 0x0f, 0x32, 0x46, 0x01, 0x98, 0x00, 0xf0, 0xf0, 0xfe, 0xa0, 0x7b, 0x80, 0x08, 
0x80, 0x00, 0x38, 0x43, 0xa0, 0x73, 0x02, 0x98, 0xe8, 0x80, 0x03, 0x98, 0x28, 0x81, 0x87, 0xe7, 
0x32, 0x46, 0x00, 0x21, 0xce, 0xe7, 0xff, 0xb5, 0x8b, 0xb0, 0x00, 0x20, 0x01, 0x90, 0x02, 0xa8, 
0x17, 0x46, 0x00, 0x90, 0x04, 0xab, 0x0e, 0x9a, 0x0b, 0x98, 0x00, 0xf0, 0xcd, 0xfc, 0x09, 0x90, 
0x0b, 0x98, 0x26, 0x49, 0x80, 0x00, 0x08, 0x90, 0x08, 0x58, 0xc5, 0x23, 0x0b, 0x99, 0x1c, 0x4a, 
0xdb, 0x00, 0x59, 0x43, 0x8c, 0x18, 0x07, 0x94, 0xff, 0x34, 0x00, 0x0f, 0xa1, 0x34, 0x01, 0x28, 
0x08, 0xd8, 0x0e, 0x99, 0x00, 0x29, 0x05, 0xd1, 0x61, 0x7d, 0x01, 0x29, 0x02, 0xd1, 0x4a, 0x21, 
0x6a, 0x46, 0x11, 0x81, 0xc5, 0x22, 0x0b, 0x99, 0xd2, 0x00, 0x51, 0x43, 0x10, 0x4a, 0x8d, 0x18, 
0x29, 0x46, 0xc0, 0x31, 0x03, 0x91, 0xff, 0x31, 0x21, 0x31, 0x00, 0x91, 0x13, 0x21, 0x49, 0x01, 
0x6e, 0x18, 0x01, 0x21, 0xff, 0x35, 0x79, 0x40, 0x81, 0x35, 0x05, 0x91, 0x00, 0x2f, 0x04, 0xd1, 
0x6a, 0x46, 0xe1, 0x88, 0x12, 0x8a, 0x91, 0x42, 0x45, 0xd2, 0x07, 0x28, 0x1f, 0xd9, 0x01, 0x20, 
0x01, 0x90, 0x00, 0x2f, 0x18, 0xd0, 0x30, 0x7d, 0x01, 0x28, 0x4f, 0xd0, 0x17, 0xe0, 0x00, 0x00, 
0x90, 0x12, 0x04, 0x20, 0xc0, 0x2a, 0x04, 0x20, 0x44, 0x5b, 0x04, 0x20, 0xec, 0xd1, 0x01, 0x00, 
0x7d, 0x21, 0x04, 0x20, 0x40, 0x7f, 0x00, 0x00, 0x78, 0x21, 0x04, 0x20, 0x74, 0x21, 0x04, 0x20, 
0x00, 0x0d, 0x01, 0x00, 0x0a, 0x02, 0x00, 0x00, 0xb0, 0x7d, 0x00, 0x28, 0x1a, 0xd0, 0x68, 0x46, 
0x01, 0x8a, 0x01, 0x9a, 0x0b, 0x98, 0x00, 0xf0, 0x8b, 0xfe, 0x06, 0x90, 0x01, 0x46, 0x05, 0x9a, 
0x0b, 0x98, 0x00, 0xf0, 0x73, 0xfe, 0xfd, 0x49, 0x06, 0x98, 0x48, 0x43, 0x80, 0x0a, 0xff, 0x28, 
0x00, 0xd9, 0xff, 0x20, 0xa8, 0x77, 0x68, 0x46, 0x00, 0x8a, 0xe0, 0x80, 0x20, 0x80, 0x00, 0x2f, 
0x0e, 0xd1, 0x08, 0xe0, 0x68, 0x46, 0x02, 0x89, 0x01, 0x8a, 0x0e, 0x9b, 0x0b, 0x98, 0xff, 0xf7, 
0x01, 0xff, 0x01, 0x20, 0x30, 0x75, 0x69, 0x46, 0x20, 0x89, 0x09, 0x89, 0x88, 0x42, 0x7d, 0xd9, 
0x00, 0x20, 0x01, 0x90, 0xee, 0x49, 0x08, 0x98, 0x08, 0x58, 0x00, 0x0f, 0x07, 0x28, 0x76, 0xd8, 
0x00, 0x2f, 0x56, 0xd0, 0x70, 0x7d, 0x01, 0x28, 0x73, 0xd0, 0xc3, 0xe0, 0xef, 0xf3, 0x10, 0x80, 
0xc0, 0x07, 0xc0, 0x0f, 0x72, 0xb6, 0x06, 0x90, 0x0b, 0x98, 0x00, 0xf0, 0xe1, 0xfb, 0x00, 0x28, 
0x03, 0xd0, 0x01, 0x99, 0x0b, 0x98, 0x00, 0xf0, 0xe5, 0xfd, 0x06, 0x98, 0x00, 0x28, 0x00, 0xd1, 
0x62, 0xb6, 0x68, 0x46, 0x01, 0x8a, 0x01, 0x9a, 0x0b, 0x98, 0x00, 0xf0, 0x41, 0xfe, 0x01, 0x46, 
0x0b, 0x98, 0x00, 0xf0, 0x43, 0xfe, 0x68, 0x46, 0x01, 0x89, 0x01, 0x9a, 0x0b, 0x98, 0x00, 0xf0, 
0x37, 0xfe, 0x01, 0x46, 0x03, 0x98, 0x01, 0x22, 0x83, 0x7e, 0x0b, 0x98, 0xff, 0xf7, 0x8c, 0xfd, 
0x06, 0x90, 0x0e, 0x98, 0x00, 0x28, 0x06, 0xd1, 0x00, 0x98, 0x80, 0x7a, 0x02, 0x28, 0x02, 0xd0, 
0x05, 0x9a, 0x06, 0x99, 0x01, 0xe0, 0x05, 0x9a, 0x00, 0x21, 0x0b, 0x98, 0x00, 0xf0, 0x08, 0xfe, 
0xca, 0x49, 0x06, 0x98, 0x48, 0x43, 0x80, 0x0a, 0xe8, 0x77, 0x68, 0x46, 0x01, 0x8a, 0x01, 0x9a, 
0x0b, 0x98, 0x00, 0xf0, 0x15, 0xfe, 0x06, 0x90, 0x01, 0x46, 0x05, 0x9a, 0x0b, 0x98, 0x00, 0xf0, 
0xfd, 0xfd, 0xc2, 0x49, 0x06, 0x98, 0x48, 0x43, 0x80, 0x0a, 0xa8, 0x77, 0x00, 0x20, 0x30, 0x75, 
0x9e, 0xe7, 0xb0, 0x7d, 0x01, 0x28, 0x6d, 0xd1, 0x68, 0x46, 0x02, 0x89, 0x01, 0x8a, 0x0e, 0x9b, 
0x0b, 0x98, 0xff, 0xf7, 0x22, 0xfe, 0xef, 0xf3, 0x10, 0x80, 0xc4, 0x07, 0xe4, 0x0f, 0x72, 0xb6, 
0x0b, 0x98, 0x00, 0xf0, 0x85, 0xfb, 0x00, 0x28, 0x03, 0xd0, 0x01, 0x99, 0x0b, 0x98, 0x00, 0xf0, 
0x89, 0xfd, 0x00, 0x2c, 0x00, 0xd1, 0x62, 0xb6, 0x0f, 0xb0, 0xf0, 0xbd, 0xac, 0xe0, 0x4f, 0xe0, 
0xff, 0xe7, 0x68, 0x46, 0x01, 0x8a, 0x01, 0x9a, 0x0b, 0x98, 0x00, 0xf0, 0xe1, 0xfd, 0x07, 0x46, 
0x01, 0x46, 0x05, 0x9a, 0x0b, 0x98, 0x00, 0xf0, 0xc9, 0xfd, 0xa8, 0x48, 0x47, 0x43, 0xb8, 0x0a, 
0xa8, 0x77, 0x0b, 0x98, 0x00, 0xf0, 0xc8, 0xfd, 0xef, 0xf3, 0x10, 0x80, 0xc7, 0x07, 0xff, 0x0f, 
0x72, 0xb6, 0x0b, 0x98, 0x00, 0xf0, 0x5c, 0xfb, 0x00, 0x28, 0x03, 0xd0, 0x01, 0x99, 0x0b, 0x98, 
0x00, 0xf0, 0x60, 0xfd, 0x00, 0x2f, 0x00, 0xd1, 0x62, 0xb6, 0x68, 0x46, 0x01, 0x89, 0x01, 0x9a, 
0x0b, 0x98, 0x00, 0xf0, 0xbd, 0xfd, 0x01, 0x46, 0x03, 0x98, 0x00, 0x22, 0x83, 0x7e, 0x0b, 0x98, 
0xff, 0xf7, 0x12, 0xfd, 0x07, 0x46, 0x01, 0x46, 0x0b, 0x98, 0x00, 0xf0, 0xbd, 0xfd, 0x0e, 0x98, 
0x00, 0x28, 0x09, 0xd1, 0x60, 0x7d, 0x00, 0x28, 0x06, 0xd1, 0x00, 0x98, 0x80, 0x7a, 0x02, 0x28, 
0x02, 0xd0, 0x39, 0x46, 0x05, 0x9a, 0x01, 0xe0, 0x05, 0x9a, 0x00, 0x21, 0x0b, 0x98, 0x00, 0xf0, 
0x87, 0xfd, 0x00, 0x20, 0x70, 0x75, 0x89, 0x48, 0x47, 0x43, 0xb8, 0x0a, 0xe8, 0x77, 0x01, 0xe0, 
0x01, 0x20, 0x01, 0x90, 0x68, 0x46, 0x01, 0x89, 0x01, 0x9a, 0x0b, 0x98, 0x00, 0xf0, 0x90, 0xfd, 
0x01, 0x46, 0x03, 0x98, 0x00, 0x22, 0x83, 0x7e, 0x0b, 0x98, 0xff, 0xf7, 0xe5, 0xfc, 0x07, 0x46, 
0x0e, 0x98, 0x00, 0x28, 0x09, 0xd1, 0x60, 0x7d, 0x00, 0x28, 0x06, 0xd1, 0x00, 0x98, 0x80, 0x7a, 
0x02, 0x28, 0x02, 0xd0, 0x39, 0x46, 0x05, 0x9a, 0x01, 0xe0, 0x05, 0x9a, 0x00, 0x21, 0x0b, 0x98, 
0x00, 0xf0, 0x5e, 0xfd, 0x75, 0x48, 0x47, 0x43, 0xb8, 0x0a, 0xff, 0x28, 0x00, 0xd9, 0xff, 0x20, 
0xe8, 0x77, 0x68, 0x46, 0x00, 0x89, 0x20, 0x81, 0x61, 0x7d, 0x01, 0x29, 0x2c, 0xd1, 0x11, 0x22, 
0x07, 0x99, 0x52, 0x01, 0x89, 0x18, 0xc9, 0x79, 0xc5, 0x23, 0x8a, 0x09, 0x0b, 0x99, 0xdb, 0x00, 
0x59, 0x43, 0x6c, 0x4b, 0xcc, 0x18, 0xa0, 0x34, 0x03, 0x2a, 0x07, 0xd1, 0x07, 0x99, 0xff, 0x31, 
0xff, 0x31, 0x02, 0x31, 0x49, 0x6a, 0x89, 0x00, 0x89, 0x0f, 0x19, 0xd0, 0xb2, 0x7d, 0x09, 0x99, 
0x0b, 0x98, 0x00, 0xf0, 0x4d, 0xfd, 0xe2, 0x7b, 0x01, 0x46, 0xd0, 0x08, 0xc0, 0x00, 0x80, 0x1d, 
0x55, 0x07, 0xe0, 0x73, 0x6d, 0x0f, 0x05, 0x9a, 0x0b, 0x98, 0x00, 0xf0, 0x29, 0xfd, 0xe0, 0x7b, 
0xc0, 0x08, 0xc0, 0x00, 0x28, 0x43, 0xe0, 0x73, 0x0b, 0x98, 0x00, 0xf0, 0x2d, 0xfd, 0x4b, 0xe7, 
0x21, 0x8a, 0x05, 0x9a, 0x49, 0x00, 0x09, 0x18, 0x0b, 0x98, 0x00, 0xf0, 0x19, 0xfd, 0xf3, 0xe7, 
0xf1, 0xb5, 0x86, 0xb0, 0x00, 0x20, 0x01, 0x90, 0x06, 0x98, 0x51, 0x49, 0x80, 0x00, 0x03, 0x90, 
0x08, 0x58, 0x00, 0x28, 0x01, 0xd0, 0x01, 0x25, 0x00, 0xe0, 0x00, 0x25, 0xc5, 0x20, 0x06, 0x9a, 
0xc0, 0x00, 0x42, 0x43, 0x4b, 0x48, 0x00, 0x21, 0x10, 0x18, 0x04, 0x46, 0xff, 0x34, 0x2f, 0x22, 
0xa1, 0x34, 0x52, 0x01, 0xa1, 0x73, 0x80, 0x18, 0xe1, 0x73, 0x05, 0x90, 0x81, 0x73, 0x0a, 0x46, 
0x06, 0x98, 0x00, 0xf0, 0xf5, 0xfc, 0x04, 0xa8, 0x00, 0x90, 0x02, 0xab, 0x00, 0x22, 0x29, 0x46, 
0x06, 0x98, 0x00, 0xf0, 0xe9, 0xfa, 0xa1, 0x88, 0x07, 0x46, 0xc8, 0x1b, 0x00, 0x28, 0x00, 0xdc, 
0x78, 0x1a, 0xc5, 0x25, 0x06, 0x9a, 0xed, 0x00, 0x6a, 0x43, 0x3a, 0x4d, 0x13, 0x23, 0x5b, 0x01, 
0x52, 0x19, 0xd5, 0x18, 0x14, 0x28, 0x68, 0xdd, 0xc5, 0x22, 0x06, 0x98, 0xd2, 0x00, 0x50, 0x43, 
0x34, 0x4a, 0x86, 0x18, 0xff, 0x36, 0x81, 0x36, 0xb9, 0x42, 0x7b, 0xd2, 0x01, 0x20, 0xa0, 0x73, 
0x2f, 0x49, 0x03, 0x98, 0x08, 0x58, 0x00, 0x0f, 0x07, 0x28, 0x5f, 0xd9, 0x01, 0x20, 0x01, 0x90, 
0xa8, 0x7d, 0x00, 0x28, 0x5d, 0xd1, 0x21, 0x89, 0x01, 0x9a, 0x06, 0x98, 0x00, 0xf0, 0xd8, 0xfc, 
0x64, 0x28, 0x1a, 0xd0, 0x25, 0x49, 0x09, 0x31, 0x48, 0x43, 0x80, 0x0a, 0xf0, 0x77, 0x06, 0x98, 
0x00, 0xf0, 0xc2, 0xfc, 0xef, 0xf3, 0x10, 0x80, 0xc0, 0x07, 0xc0, 0x0f, 0x72, 0xb6, 0x00, 0x90, 
0x06, 0x98, 0x00, 0xf0, 0x55, 0xfa, 0x00, 0x28, 0x03, 0xd0, 0x01, 0x99, 0x06, 0x98, 0x00, 0xf0, 
0x59, 0xfc, 0x00, 0x98, 0x00, 0x28, 0x02, 0xd0, 0x02, 0xe0, 0x37, 0x20, 0xe6, 0xe7, 0x62, 0xb6, 
0x39, 0x46, 0x01, 0x9a, 0x06, 0x98, 0x00, 0xf0, 0xb3, 0xfc, 0x01, 0x46, 0x06, 0x98, 0x00, 0xf0, 
0xb5, 0xfc, 0xa0, 0x88, 0xb8, 0x42, 0x1d, 0xd2, 0x68, 0x46, 0x01, 0x89, 0x01, 0x9a, 0x06, 0x98, 
0x00, 0xf0, 0xa6, 0xfc, 0x01, 0x46, 0x01, 0x22, 0x06, 0x98, 0x00, 0xf0, 0x8f, 0xfc, 0x68, 0x46, 
0x01, 0x8a, 0x01, 0x9a, 0x06, 0x98, 0x00, 0xf0, 0x9b, 0xfc, 0x64, 0x28, 0x14, 0xd0, 0xff, 0x21, 
0xfe, 0x31, 0x48, 0x43, 0x80, 0x0a, 0xff, 0x28, 0x00, 0xd9, 0xff, 0x20, 0xb0, 0x77, 0x68, 0x46, 
0x00, 0x89, 0xe0, 0x80, 0x01, 0x20, 0x28, 0x75, 0x45, 0xe1, 0xce, 0xe0, 0x0a, 0x02, 0x00, 0x00, 
0x74, 0x21, 0x04, 0x20, 0x90, 0x12, 0x04, 0x20, 0x30, 0x20, 0xec, 0xe7, 0xa8, 0x7d, 0x01, 0x28, 
0x11, 0xd0, 0x68, 0x46, 0x01, 0x8a, 0x01, 0x9a, 0x06, 0x98, 0x00, 0xf0, 0x79, 0xfc, 0x64, 0x28, 
0x2c, 0xd0, 0xff, 0x21, 0xfe, 0x31, 0x48, 0x43, 0x80, 0x0a, 0xff, 0x28, 0x00, 0xd9, 0xff, 0x20, 
0xb0, 0x77, 0xf3, 0xe0, 0x24, 0xe0, 0x01, 0x20, 0x02, 0x46, 0x01, 0x90, 0x68, 0x46, 0x01, 0x89, 
0x06, 0x98, 0x00, 0xf0, 0x65, 0xfc, 0x01, 0x46, 0x01, 0x22, 0x06, 0x98, 0x00, 0xf0, 0x4e, 0xfc, 
0x68, 0x46, 0x01, 0x8a, 0x01, 0x9a, 0x06, 0x98, 0x00, 0xf0, 0x5a, 0xfc, 0x64, 0x28, 0x0b, 0xd0, 
0xff, 0x21, 0xfe, 0x31, 0x48, 0x43, 0x80, 0x0a, 0xff, 0x28, 0x00, 0xd9, 0xff, 0x20, 0xb0, 0x77, 
0x68, 0x46, 0x00, 0x89, 0xe0, 0x80, 0x31, 0xe0, 0x30, 0x20, 0xf5, 0xe7, 0x30, 0x20, 0xd4, 0xe7, 
0x01, 0x20, 0xe0, 0x73, 0xd1, 0x4a, 0x03, 0x98, 0x10, 0x58, 0x01, 0x0f, 0x07, 0x29, 0x2a, 0xd8, 
0xa8, 0x7d, 0x01, 0x28, 0x2c, 0xd1, 0x06, 0x98, 0x00, 0xf0, 0x80, 0xfb, 0xcc, 0x49, 0x80, 0x00, 
0x40, 0x18, 0xca, 0x4a, 0x03, 0x99, 0xc0, 0x78, 0x51, 0x58, 0x09, 0x0f, 0x01, 0x29, 0x01, 0xd1, 
0x00, 0x28, 0x01, 0xd0, 0x01, 0x20, 0x01, 0x90, 0x68, 0x46, 0x01, 0x89, 0x01, 0x9a, 0x06, 0x98, 
0x00, 0xf0, 0x26, 0xfc, 0x64, 0x28, 0x0c, 0xd0, 0xc2, 0x49, 0x48, 0x43, 0x80, 0x0a, 0xf0, 0x77, 
0x06, 0x98, 0x00, 0xf0, 0x11, 0xfc, 0x68, 0x46, 0x00, 0x8a, 0x20, 0x81, 0x01, 0x20, 0x68, 0x75, 
0xd1, 0xe0, 0x37, 0x20, 0xf3, 0xe7, 0x01, 0x20, 0x01, 0x90, 0xa8, 0x7d, 0x00, 0x28, 0x0f, 0xd0, 
0x68, 0x46, 0x01, 0x89, 0x01, 0x9a, 0x06, 0x98, 0x00, 0xf0, 0x0a, 0xfc, 0x64, 0x28, 0x4a, 0xd0, 
0xb4, 0x49, 0x48, 0x43, 0x80, 0x0a, 0xff, 0x28, 0x00, 0xd9, 0xff, 0x20, 0xf0, 0x77, 0xb7, 0xe0, 
0xe1, 0x88, 0x01, 0x9a, 0x06, 0x98, 0x00, 0xf0, 0xfb, 0xfb, 0x64, 0x28, 0x19, 0xd0, 0xad, 0x49, 
0x48, 0x43, 0x80, 0x0a, 0xf0, 0x77, 0x06, 0x98, 0x00, 0xf0, 0xe6, 0xfb, 0xef, 0xf3, 0x10, 0x80, 
0xc0, 0x07, 0xc0, 0x0f, 0x72, 0xb6, 0x00, 0x90, 0x06, 0x98, 0x00, 0xf0, 0x79, 0xf9, 0x00, 0x28, 
0x03, 0xd0, 0x01, 0x99, 0x06, 0x98, 0x00, 0xf0, 0x7d, 0xfb, 0x00, 0x98, 0x00, 0x28, 0x02, 0xd0, 
0x02, 0xe0, 0x37, 0x20, 0xe6, 0xe7, 0x62, 0xb6, 0x68, 0x46, 0x01, 0x89, 0x01, 0x9a, 0x06, 0x98, 
0x00, 0xf0, 0xd6, 0xfb, 0x01, 0x46, 0x06, 0x98, 0x00, 0xf0, 0xd8, 0xfb, 0x68, 0x46, 0x01, 0x89, 
0x01, 0x9a, 0x06, 0x98, 0x00, 0xf0, 0xcc, 0xfb, 0x64, 0x28, 0x0a, 0xd0, 0x95, 0x49, 0x48, 0x43, 
0x80, 0x0a, 0xff, 0x28, 0x00, 0xd9, 0xff, 0x20, 0xf0, 0x77, 0x68, 0x46, 0x00, 0x8a, 0x20, 0x81, 
0x30, 0xe7, 0x37, 0x20, 0xf5, 0xe7, 0x37, 0x20, 0xb5, 0xe7, 0x01, 0x26, 0x05, 0x98, 0xb9, 0x42, 
0x86, 0x73, 0x59, 0xd2, 0x89, 0x49, 0x03, 0x98, 0x08, 0x58, 0x00, 0x0f, 0x07, 0x28, 0x32, 0xd9, 
0x01, 0x20, 0x01, 0x90, 0xa8, 0x7d, 0x00, 0x28, 0x30, 0xd1, 0xef, 0xf3, 0x10, 0x80, 0x30, 0x40, 
0x72, 0xb6, 0x00, 0x90, 0x06, 0x98, 0x00, 0xf0, 0x33, 0xf9, 0x00, 0x28, 0x03, 0xd0, 0x01, 0x99, 
0x06, 0x98, 0x00, 0xf0, 0x37, 0xfb, 0x00, 0x98, 0x00, 0x28, 0x00, 0xd1, 0x62, 0xb6, 0x39, 0x46, 
0x01, 0x9a, 0x06, 0x98, 0x00, 0xf0, 0x94, 0xfb, 0x01, 0x46, 0x06, 0x98, 0x00, 0xf0, 0x96, 0xfb, 
0xa0, 0x88, 0xb8, 0x42, 0x0d, 0xd2, 0x68, 0x46, 0x01, 0x89, 0x01, 0x9a, 0x06, 0x98, 0x00, 0xf0, 
0x87, 0xfb, 0x01, 0x46, 0x01, 0x22, 0x06, 0x98, 0x00, 0xf0, 0x70, 0xfb, 0x68, 0x46, 0x00, 0x89, 
0xe0, 0x80, 0x2e, 0x75, 0x37, 0xe0, 0xa8, 0x7d, 0x01, 0x28, 0x0c, 0xd0, 0x68, 0x46, 0x01, 0x89, 
0xe1, 0x80, 0x01, 0x9a, 0x06, 0x98, 0x00, 0xf0, 0x73, 0xfb, 0x01, 0x46, 0x01, 0x22, 0x06, 0x98, 
0x00, 0xf0, 0x5c, 0xfb, 0x27, 0xe0, 0x01, 0x20, 0x02, 0x46, 0x01, 0x90, 0x68, 0x46, 0x01, 0x89, 
0x06, 0x98, 0x00, 0xf0, 0x65, 0xfb, 0x01, 0x46, 0x01, 0x22, 0x06, 0x98, 0x00, 0xf0, 0x4e, 0xfb, 
0x68, 0x46, 0x00, 0x89, 0xe0, 0x80, 0x0e, 0xe0, 0xb9, 0x42, 0x14, 0xd9, 0x5b, 0x49, 0x03, 0x98, 
0x08, 0x58, 0x00, 0x0f, 0x07, 0x28, 0x08, 0xd8, 0xa8, 0x7d, 0x01, 0x28, 0x08, 0xd1, 0x01, 0x90, 
0x68, 0x46, 0x00, 0x8a, 0x20, 0x81, 0x6e, 0x75, 0x05, 0xe0, 0x01, 0x20, 0x01, 0x90, 0xa8, 0x7d, 
0x68, 0x46, 0x00, 0x8a, 0x20, 0x81, 0xa0, 0x88, 0xb8, 0x42, 0x0a, 0xd2, 0x68, 0x46, 0x01, 0x89, 
0x01, 0x9a, 0x06, 0x98, 0x00, 0xf0, 0x3c, 0xfb, 0x01, 0x46, 0x01, 0x22, 0x06, 0x98, 0x00, 0xf0, 
0x25, 0xfb, 0x68, 0x46, 0x00, 0x89, 0x20, 0x80, 0x68, 0x46, 0x00, 0x8a, 0x60, 0x80, 0xa7, 0x80, 
0x05, 0x98, 0x80, 0x7b, 0x01, 0x28, 0x02, 0xd0, 0x06, 0x98, 0x00, 0xf0, 0x1d, 0xfb, 0x07, 0xb0, 
0x3b, 0xe5, 0x70, 0xb5, 0x16, 0x46, 0x0d, 0x00, 0x04, 0x46, 0x1c, 0xd0, 0xc5, 0x20, 0xc0, 0x00, 
0x41, 0x49, 0x60, 0x43, 0x43, 0x18, 0x09, 0x20, 0x80, 0x01, 0x18, 0x18, 0x00, 0x7f, 0x01, 0x28, 
0x09, 0xd0, 0x13, 0x20, 0x40, 0x01, 0x18, 0x18, 0xc0, 0x7d, 0x01, 0x28, 0x03, 0xd0, 0x00, 0x21, 
0x20, 0x46, 0x00, 0xf0, 0x1f, 0xfb, 0x39, 0x48, 0x00, 0x5d, 0x0a, 0x28, 0x03, 0xd1, 0x11, 0x21, 
0x20, 0x46, 0x00, 0xf0, 0x21, 0xfa, 0x32, 0x46, 0x29, 0x46, 0x20, 0x46, 0x00, 0xf0, 0x18, 0xfb, 
0x70, 0xbd, 0xf8, 0xb5, 0x06, 0x46, 0x01, 0x02, 0x31, 0x48, 0x00, 0x24, 0x0d, 0x18, 0xaf, 0x6b, 
0x30, 0x46, 0x00, 0xf0, 0x13, 0xfb, 0x78, 0x03, 0x0f, 0xd5, 0xc5, 0x20, 0xc0, 0x00, 0x2a, 0x49, 
0x70, 0x43, 0x40, 0x18, 0xff, 0x30, 0xa1, 0x30, 0x01, 0x24, 0x40, 0x7d, 0xa4, 0x04, 0x01, 0x28, 
0x03, 0xd1, 0x09, 0x21, 0x30, 0x46, 0x00, 0xf0, 0x03, 0xf9, 0xac, 0x63, 0xf8, 0xbd, 0xf8, 0xb5, 
0x06, 0x46, 0xc5, 0x20, 0xc0, 0x00, 0x32, 0x46, 0x42, 0x43, 0x1f, 0x48, 0x00, 0x21, 0x15, 0x18, 
0x2c, 0x46, 0xff, 0x34, 0xa1, 0x34, 0xa1, 0x73, 0xe1, 0x73, 0x60, 0x7d, 0x1d, 0x4f, 0x01, 0x28, 
0x08, 0xd0, 0x08, 0x20, 0x38, 0x70, 0x13, 0x20, 0x40, 0x01, 0x28, 0x18, 0x80, 0x7d, 0x01, 0x28, 
0x02, 0xd0, 0x0b, 0xe0, 0x05, 0x20, 0xf5, 0xe7, 0xe1, 0x88, 0x01, 0x23, 0x10, 0x22, 0x30, 0x46, 
0xff, 0xf7, 0xe3, 0xfa, 0x00, 0x21, 0x30, 0x46, 0x00, 0xf0, 0x54, 0xfa, 0xff, 0x35, 0x38, 0x78, 
0x81, 0x35, 0xe8, 0x77, 0x20, 0x88, 0xff, 0x21, 0xfe, 0x31, 0x41, 0x43, 0x89, 0x0a, 0xa9, 0x77, 
0x10, 0x21, 0x21, 0x81, 0x61, 0x80, 0xe0, 0x80, 0x01, 0x22, 0x00, 0x21, 0x30, 0x46, 0x00, 0xf0, 
0x8f, 0xfa, 0x30, 0x46, 0x00, 0xf0, 0x98, 0xfa, 0xf8, 0xbd, 0x00, 0x00, 0x74, 0x21, 0x04, 0x20, 
0xd4, 0x03, 0x04, 0x20, 0x13, 0x02, 0x00, 0x00, 0x90, 0x12, 0x04, 0x20, 0x7d, 0x21, 0x04, 0x20, 
0x00, 0x09, 0x09, 0x40, 0x04, 0x00, 0x04, 0x20, 0x03, 0xb4, 0x01, 0x48, 0x01, 0x90, 0x01, 0xbd, 
0xc3, 0x0c, 0x02, 0x00, 0x03, 0xb4, 0x01, 0x48, 0x01, 0x90, 0x01, 0xbd, 0x5d, 0x10, 0x02, 0x00, 
0x03, 0xb4, 0x01, 0x48, 0x01, 0x90, 0x01, 0xbd, 0x35, 0x2d, 0x02, 0x00, 0x03, 0xb4, 0x01, 0x48, 
0x01, 0x90, 0x01, 0xbd, 0xbb, 0x48, 0x02, 0x00, 0x03, 0xb4, 0x01, 0x48, 0x01, 0x90, 0x01, 0xbd, 
0x5f, 0x2b, 0x02, 0x00, 0x03, 0xb4, 0x01, 0x48, 0x01, 0x90, 0x01, 0xbd, 0x1b, 0x49, 0x02, 0x00, 
0x03, 0xb4, 0x01, 0x48, 0x01, 0x90, 0x01, 0xbd, 0xd3, 0x3f, 0x02, 0x00, 0x03, 0xb4, 0x01, 0x48, 
0x01, 0x90, 0x01, 0xbd, 0x3d, 0x2e, 0x02, 0x00, 0x03, 0xb4, 0x01, 0x48, 0x01, 0x90, 0x01, 0xbd, 
0xe7, 0x3e, 0x02, 0x00, 0x03, 0xb4, 0x01, 0x48, 0x01, 0x90, 0x01, 0xbd, 0x9d, 0x3d, 0x02, 0x00, 
0x03, 0xb4, 0x01, 0x48, 0x01, 0x90, 0x01, 0xbd, 0xaf, 0x47, 0x02, 0x00, 0x03, 0xb4, 0x01, 0x48, 
0x01, 0x90, 0x01, 0xbd, 0xd1, 0x4c, 0x02, 0x00, 0x03, 0xb4, 0x01, 0x48, 0x01, 0x90, 0x01, 0xbd, 
0x8b, 0x29, 0x02, 0x00, 0x03, 0xb4, 0x01, 0x48, 0x01, 0x90, 0x01, 0xbd, 0xa9, 0x3d, 0x02, 0x00, 
0x03, 0xb4, 0x01, 0x48, 0x01, 0x90, 0x01, 0xbd, 0xe1, 0x2c, 0x02, 0x00, 0x03, 0xb4, 0x01, 0x48, 
0x01, 0x90, 0x01, 0xbd, 0xd5, 0x00, 0x00, 0x00, 0x03, 0xb4, 0x01, 0x48, 0x01, 0x90, 0x01, 0xbd, 
0x8b, 0xf6, 0x01, 0x00, 0x03, 0xb4, 0x01, 0x48, 0x01, 0x90, 0x01, 0xbd, 0x57, 0x49, 0x02, 0x00, 
0x03, 0xb4, 0x01, 0x48, 0x01, 0x90, 0x01, 0xbd, 0x47, 0x49, 0x02, 0x00, 0x03, 0xb4, 0x01, 0x48, 
0x01, 0x90, 0x01, 0xbd, 0x9d, 0x43, 0x02, 0x00, 0x03, 0xb4, 0x01, 0x48, 0x01, 0x90, 0x01, 0xbd, 
0xa7, 0x42, 0x02, 0x00, 0x03, 0xb4, 0x01, 0x48, 0x01, 0x90, 0x01, 0xbd, 0xeb, 0x48, 0x02, 0x00, 
0x03, 0xb4, 0x01, 0x48, 0x01, 0x90, 0x01, 0xbd, 0xa7, 0x2b, 0x02, 0x00, 0x03, 0xb4, 0x01, 0x48, 
0x01, 0x90, 0x01, 0xbd, 0xd1, 0x2b, 0x02, 0x00, 0x03, 0xb4, 0x01, 0x48, 0x01, 0x90, 0x01, 0xbd, 
0x53, 0x2b, 0x02, 0x00, 0x03, 0xb4, 0x01, 0x48, 0x01, 0x90, 0x01, 0xbd, 0x1b, 0xf9, 0x01, 0x00, 
0x03, 0xb4, 0x01, 0x48, 0x01, 0x90, 0x01, 0xbd, 0x5b, 0x47, 0x02, 0x00, 0x03, 0xb4, 0x01, 0x48, 
0x01, 0x90, 0x01, 0xbd, 0xfb, 0x8f, 0x01, 0x00, 0x03, 0xb4, 0x01, 0x48, 0x01, 0x90, 0x01, 0xbd, 
0x0f, 0x24, 0x02, 0x00, 0x03, 0xb4, 0x01, 0x48, 0x01, 0x90, 0x01, 0xbd, 0x39, 0x4c, 0x02, 0x00, 
0x03, 0xb4, 0x01, 0x48, 0x01, 0x90, 0x01, 0xbd, 0xf3, 0x3e, 0x02, 0x00, 0x03, 0xb4, 0x01, 0x48, 
0x01, 0x90, 0x01, 0xbd, 0x11, 0x1a, 0x00, 0x00, 0x03, 0xb4, 0x01, 0x48, 0x01, 0x90, 0x01, 0xbd, 
0x35, 0x1f, 0x00, 0x00, 0x03, 0xb4, 0x01, 0x48, 0x01, 0x90, 0x01, 0xbd, 0x41, 0x2d, 0x02, 0x00, 
0x03, 0xb4, 0x01, 0x48, 0x01, 0x90, 0x01, 0xbd, 0x19, 0x2e, 0x02, 0x00, 0x03, 0xb4, 0x01, 0x48, 
0x01, 0x90, 0x01, 0xbd, 0x25, 0x2e, 0x02, 0x00, 0x03, 0xb4, 0x01, 0x48, 0x01, 0x90, 0x01, 0xbd, 
0xc9, 0xcf, 0x00, 0x00, 0x03, 0xb4, 0x01, 0x48, 0x01, 0x90, 0x01, 0xbd, 0x3d, 0xf5, 0x00, 0x00, 
0x03, 0xb4, 0x01, 0x48, 0x01, 0x90, 0x01, 0xbd, 0x7b, 0x84, 0x00, 0x00, 0x03, 0xb4, 0x01, 0x48, 
0x01, 0x90, 0x01, 0xbd, 0x05, 0xcf, 0x00, 0x00, 0x03, 0xb4, 0x01, 0x48, 0x01, 0x90, 0x01, 0xbd, 
0x2f, 0x36, 0x02, 0x00, 0x03, 0xb4, 0x01, 0x48, 0x01, 0x90, 0x01, 0xbd, 0x45, 0x38, 0x02, 0x00, 
0x03, 0xb4, 0x01, 0x48, 0x01, 0x90, 0x01, 0xbd, 0x11, 0x39, 0x02, 0x00, 0x03, 0xb4, 0x01, 0x48, 
0x01, 0x90, 0x01, 0xbd, 0x65, 0xfe, 0x00, 0x00, 0x03, 0xb4, 0x01, 0x48, 0x01, 0x90, 0x01, 0xbd, 
0x65, 0x32, 0x02, 0x00, 0x03, 0xb4, 0x01, 0x48, 0x01, 0x90, 0x01, 0xbd, 0x09, 0x0a, 0x01, 0x00, 
0x03, 0xb4, 0x01, 0x48, 0x01, 0x90, 0x01, 0xbd, 0x05, 0x0c, 0x01, 0x00, 0x03, 0xb4, 0x01, 0x48, 
0x01, 0x90, 0x01, 0xbd, 0x25, 0x0e, 0x01, 0x00, 0x03, 0xb4, 0x01, 0x48, 0x01, 0x90, 0x01, 0xbd, 
0xdd, 0xf4, 0x00, 0x00, 0x03, 0xb4, 0x01, 0x48, 0x01, 0x90, 0x01, 0xbd, 0xa5, 0x2d, 0x01, 0x00, 
0x03, 0xb4, 0x01, 0x48, 0x01, 0x90, 0x01, 0xbd, 0xc9, 0x38, 0x02, 0x00, 0x03, 0xb4, 0x01, 0x48, 
0x01, 0x90, 0x01, 0xbd, 0x4d, 0x43, 0x02, 0x00, 0x03, 0xb4, 0x01, 0x48, 0x01, 0x90, 0x01, 0xbd, 
0xd1, 0x3c, 0x02, 0x00, 0x03, 0xb4, 0x01, 0x48, 0x01, 0x90, 0x01, 0xbd, 0xe9, 0x2d, 0x02, 0x00, 
0x03, 0xb4, 0x01, 0x48, 0x01, 0x90, 0x01, 0xbd, 0xb3, 0xbf, 0x00, 0x00, 0x03, 0xb4, 0x01, 0x48, 
0x01, 0x90, 0x01, 0xbd, 0x41, 0x7b, 0x00, 0x00, 0x03, 0xb4, 0x01, 0x48, 0x01, 0x90, 0x01, 0xbd, 
0xd5, 0x37, 0x02, 0x00, 0x03, 0xb4, 0x01, 0x48, 0x01, 0x90, 0x01, 0xbd, 0x81, 0x74, 0x00, 0x00, 
0x03, 0xb4, 0x01, 0x48, 0x01, 0x90, 0x01, 0xbd, 0xfd, 0x46, 0x02, 0x00, 0x03, 0xb4, 0x01, 0x48, 
0x01, 0x90, 0x01, 0xbd, 0x23, 0x8c, 0x00, 0x00, 0x03, 0xb4, 0x01, 0x48, 0x01, 0x90, 0x01, 0xbd, 
0x89, 0xf6, 0x00, 0x00, 0x03, 0xb4, 0x01, 0x48, 0x01, 0x90, 0x01, 0xbd, 0xab, 0x10, 0x01, 0x00, 
0x03, 0xb4, 0x01, 0x48, 0x01, 0x90, 0x01, 0xbd, 0xb9, 0x10, 0x01, 0x00, 0x03, 0xb4, 0x01, 0x48, 
0x01, 0x90, 0x01, 0xbd, 0xed, 0x75, 0x00, 0x00, 0x03, 0xb4, 0x01, 0x48, 0x01, 0x90, 0x01, 0xbd, 
0x91, 0x2e, 0x02, 0x00, 0x03, 0xb4, 0x01, 0x48, 0x01, 0x90, 0x01, 0xbd, 0xe9, 0x39, 0x02, 0x00, 
0x03, 0xb4, 0x01, 0x48, 0x01, 0x90, 0x01, 0xbd, 0x8d, 0xe5, 0x00, 0x00, 0x03, 0xb4, 0x01, 0x48, 
0x01, 0x90, 0x01, 0xbd, 0x5b, 0x00, 0x01, 0x00, 0x03, 0xb4, 0x01, 0x48, 0x01, 0x90, 0x01, 0xbd, 
0x6f, 0x02, 0x01, 0x00, 0x03, 0xb4, 0x01, 0x48, 0x01, 0x90, 0x01, 0xbd, 0x5f, 0xe3, 0x00, 0x00, 
0x03, 0xb4, 0x01, 0x48, 0x01, 0x90, 0x01, 0xbd, 0x37, 0x05, 0x01, 0x00, 0x03, 0xb4, 0x01, 0x48, 
0x01, 0x90, 0x01, 0xbd, 0x23, 0x0d, 0x01, 0x00, 0x03, 0xb4, 0x01, 0x48, 0x01, 0x90, 0x01, 0xbd, 
0x6d, 0x3d, 0x02, 0x00, 0x03, 0xb4, 0x01, 0x48, 0x01, 0x90, 0x01, 0xbd, 0x53, 0x56, 0x01, 0x00, 
0x03, 0xb4, 0x01, 0x48, 0x01, 0x90, 0x01, 0xbd, 0x51, 0x38, 0x02, 0x00, 0x03, 0xb4, 0x01, 0x48, 
0x01, 0x90, 0x01, 0xbd, 0x1d, 0x38, 0x02, 0x00, 0x03, 0xb4, 0x01, 0x48, 0x01, 0x90, 0x01, 0xbd, 
0x6f, 0x32, 0x02, 0x00, 0x03, 0xb4, 0x01, 0x48, 0x01, 0x90, 0x01, 0xbd, 0xfb, 0x47, 0x02, 0x00, 
0x03, 0xb4, 0x01, 0x48, 0x01, 0x90, 0x01, 0xbd, 0xff, 0x41, 0x02, 0x00, 0x03, 0xb4, 0x01, 0x48, 
0x01, 0x90, 0x01, 0xbd, 0xa5, 0x38, 0x02, 0x00, 0x03, 0xb4, 0x01, 0x48, 0x01, 0x90, 0x01, 0xbd, 
0x75, 0x38, 0x02, 0x00, 0x03, 0xb4, 0x01, 0x48, 0x01, 0x90, 0x01, 0xbd, 0x5f, 0x5b, 0x01, 0x00, 
0x03, 0xb4, 0x01, 0x48, 0x01, 0x90, 0x01, 0xbd, 0xed, 0x37, 0x02, 0x00, 0x03, 0xb4, 0x01, 0x48, 
0x01, 0x90, 0x01, 0xbd, 0x65, 0xf1, 0x01, 0x00, 0x03, 0xb4, 0x01, 0x48, 0x01, 0x90, 0x01, 0xbd, 
0xe5, 0x2b, 0x02, 0x00, 0x03, 0xb4, 0x01, 0x48, 0x01, 0x90, 0x01, 0xbd, 0xff, 0x2a, 0x02, 0x00, 
0x03, 0xb4, 0x01, 0x48, 0x01, 0x90, 0x01, 0xbd, 0xcb, 0x47, 0x02, 0x00, 0x03, 0xb4, 0x01, 0x48, 
0x01, 0x90, 0x01, 0xbd, 0x9b, 0x6f, 0x01, 0x00, 0x03, 0xb4, 0x01, 0x48, 0x01, 0x90, 0x01, 0xbd, 
0x0f, 0x71, 0x01, 0x00, 0x03, 0xb4, 0x01, 0x48, 0x01, 0x90, 0x01, 0xbd, 0x4f, 0x3b, 0x02, 0x00, 
0x03, 0xb4, 0x01, 0x48, 0x01, 0x90, 0x01, 0xbd, 0x89, 0x3e, 0x02, 0x00, 0x03, 0xb4, 0x01, 0x48, 
0x01, 0x90, 0x01, 0xbd, 0x45, 0x79, 0x01, 0x00, 0x03, 0xb4, 0x01, 0x48, 0x01, 0x90, 0x01, 0xbd, 
0x69, 0x46, 0x02, 0x00, 0x03, 0xb4, 0x01, 0x48, 0x01, 0x90, 0x01, 0xbd, 0xe7, 0x42, 0x02, 0x00, 
0x03, 0xb4, 0x01, 0x48, 0x01, 0x90, 0x01, 0xbd, 0x85, 0x78, 0x01, 0x00, 0x03, 0xb4, 0x01, 0x48, 
0x01, 0x90, 0x01, 0xbd, 0x23, 0x2b, 0x02, 0x00, 0x03, 0xb4, 0x01, 0x48, 0x01, 0x90, 0x01, 0xbd, 
0x51, 0x82, 0x01, 0x00, 0x03, 0xb4, 0x01, 0x48, 0x01, 0x90, 0x01, 0xbd, 0x29, 0x7d, 0x01, 0x00, 
0x03, 0xb4, 0x01, 0x48, 0x01, 0x90, 0x01, 0xbd, 0x59, 0x81, 0x01, 0x00, 0x03, 0xb4, 0x01, 0x48, 
0x01, 0x90, 0x01, 0xbd, 0x13, 0x3b, 0x02, 0x00, 0x03, 0xb4, 0x01, 0x48, 0x01, 0x90, 0x01, 0xbd, 
0x01, 0x3d, 0x02, 0x00, 0x03, 0xb4, 0x01, 0x48, 0x01, 0x90, 0x01, 0xbd, 0x0d, 0xb1, 0x01, 0x00, 
0x03, 0xb4, 0x01, 0x48, 0x01, 0x90, 0x01, 0xbd, 0xdf, 0x3f, 0x02, 0x00, 0x03, 0xb4, 0x01, 0x48, 
0x01, 0x90, 0x01, 0xbd, 0x29, 0x3c, 0x02, 0x00, 0x03, 0xb4, 0x01, 0x48, 0x01, 0x90, 0x01, 0xbd, 
0x1f, 0x3b, 0x02, 0x00, 0x03, 0xb4, 0x01, 0x48, 0x01, 0x90, 0x01, 0xbd, 0x11, 0x8b, 0x01, 0x00, 
0x03, 0xb4, 0x01, 0x48, 0x01, 0x90, 0x01, 0xbd, 0xbf, 0x47, 0x02, 0x00, 0x03, 0xb4, 0x01, 0x48, 
0x01, 0x90, 0x01, 0xbd, 0x0b, 0x43, 0x02, 0x00, 0x03, 0xb4, 0x01, 0x48, 0x01, 0x90, 0x01, 0xbd, 
0x61, 0x43, 0x02, 0x00, 0x03, 0xb4, 0x01, 0x48, 0x01, 0x90, 0x01, 0xbd, 0x35, 0xbb, 0x01, 0x00, 
0x03, 0xb4, 0x01, 0x48, 0x01, 0x90, 0x01, 0xbd, 0xcf, 0x42, 0x02, 0x00, 0x03, 0xb4, 0x01, 0x48, 
0x01, 0x90, 0x01, 0xbd, 0xa7, 0x43, 0x02, 0x00, 0x03, 0xb4, 0x01, 0x48, 0x01, 0x90, 0x01, 0xbd, 
0xb1, 0x43, 0x02, 0x00, 0x03, 0xb4, 0x01, 0x48, 0x01, 0x90, 0x01, 0xbd, 0x75, 0x43, 0x02, 0x00, 
0x03, 0xb4, 0x01, 0x48, 0x01, 0x90, 0x01, 0xbd, 0x2f, 0xc2, 0x01, 0x00, 0x03, 0xb4, 0x01, 0x48, 
0x01, 0x90, 0x01, 0xbd, 0x4f, 0xca, 0x01, 0x00, 0x7d, 0x00, 0xfa, 0x00, 0x90, 0x01, 0xf4, 0x01, 
0x28, 0x1f, 0x5b, 0x04, 0x20, 0x98, 0x0d, 0x5b, 0x04, 0x20, 0x95, 0x13, 0x5b, 0x04, 0x20, 0x72, 
0x01, 0x5b, 0x04, 0x20, 0xff, 0x00, 0x00, 0x00, 0x00, 0x2c, 0x07, 0x06, 0x40, 0x04, 0x01, 0x00, 
0x07, 0x06, 0x40, 0x04, 0x81, 0x4a, 0x5b, 0x04, 0x20, 0x0c, 0x82, 0x9d, 0x18, 0x04, 0x20, 0x15, 
0x02, 0x69, 0x5b, 0x04, 0x20, 0x22, 0x82, 0x3c, 0x13, 0x04, 0x20, 0x0c, 0x02, 0x44, 0x5b, 0x04, 
0x20, 0x05, 0x82, 0x00, 0x84, 0x03, 0x00, 0x00, 0xdc, 0x05, 0x00, 0x00, 0xb8, 0x0b, 0x00, 0x00, 
0xb8, 0x0b, 0x00, 0x00, 0xe8, 0x5a, 0x04, 0x20, 0x00, 0x00, 0x00, 0x00, 0x00, 0x00, 0x00, 0x00, 
0x00, 0x00, 0x00, 0x00, 0x00, 0x00, 0x00, 0x00, 0x00, 0x00, 0x00, 0x00, 0x00, 0x00, 0x00, 0x00, 
0x00, 0x00, 0x00, 0x00, 0x00, 0x00, 0x00, 0x00, 0x00, 0x00, 0x00, 0x00, 0x00, 0x00, 0x00, 0x00, 
0x00, 0x00, 0x00, 0x00, 0x00, 0x00, 0x00, 0x00, 0x00, 0x00, 0x00, 0x00, 0x00, 0x00, 0x00, 0x00, 
0x00, 0x00, 0x00, 0x00, 0x00, 0x00, 0x00, 0x00, 0x00, 0x00, 0x00, 0x00, 0x00, 0x00, 0x00, 0x00, 
0x00, 0x00, 0x00, 0x00, 0x00, 0x00, 0x00, 0x00, 0x00, 0x00, 0x00, 0x00, 0x00, 0x00, 0x00, 0x00, 
0x00, 0x00, 0x00, 0x00, 0x00, 0x00, 0x00, 0x00, 0x00, 0x00, 0x00, 0x00, 0x00, 0x00, 0x00, 0x00, 
0x00, 0x00, 0x00, 0x00, 0x00, 0x00, 0x00, 0x00, 0x00, 0x00, 0x00, 0x00, 0x00, 0x00, 0x00, 0x00, 
0x00, 0x00, 0x00, 0x00, 0x00, 0x00, 0x00, 0x00, 0x00, 0x00, 0x00, 0x00, 0x00, 0x00, 0x00, 0x00, 
0x00, 0x00, 0x00, 0x00, 0x00, 0x00, 0x00, 0x00, 0x00, 0x00, 0x00, 0x00, 0x00, 0x00, 0x00, 0x00, 
0x00, 0x00, 0x00, 0x00, 0x00, 0x00, 0x00, 0x00, 0x00, 0x00, 0x00, 0x00, 0x00, 0x00, 0x00, 0x00, 
0x00, 0x00, 0x00, 0x00, 0x00, 0x00, 0x00, 0x00, 0x00, 0x00, 0x00, 0x00, 0x00, 0x00, 0x00, 0x00}; 

int gSizeFullFlashArray = sizeof(tps25750x_fullFlash_i2c_array);